setup_id,decision_time,max_source_time,direction,entry,stop,tp1,tp1_rr,tp2,m5_index_at_entry
vsp-setup-7701a8bdcb0854d38c85,2025-11-01T02:30:00+00:00,2025-11-01T02:25:00+00:00,buy,49046.133,48747.54068285714,49500.3059,1.5210468385316935,49520.5939,4925
vsp-setup-316042efe25fae68cd77,2025-11-01T03:55:00+00:00,2025-11-01T03:50:00+00:00,buy,48652.01555,48221.10363642857,49406.3549,1.750565083587466,49500.3059,4942
vsp-setup-68f0af60674f8c8f1323,2025-11-01T05:20:00+00:00,2025-11-01T05:15:00+00:00,buy,48776.311,48363.05603214286,49406.3549,1.5245888107939023,49500.3059,4959
vsp-setup-e6fe595737494a2f0285,2025-11-01T08:05:00+00:00,2025-11-01T08:00:00+00:00,buy,48888.500400000004,48320.472721071426,49752.8089,1.5215957462324199,49781.8782,4992
vsp-setup-ca8ce68761bbdc59e5a0,2025-11-01T09:25:00+00:00,2025-11-01T09:20:00+00:00,buy,49018.2763,48655.52140285714,49752.8089,2.02487300870467,49781.8782,5008
vsp-setup-f2d77c27426ed8780422,2025-11-01T09:50:00+00:00,2025-11-01T09:45:00+00:00,buy,49216.1172,48851.955662500004,49781.8782,1.5535989986312162,49809.9031,5013
vsp-setup-32a29fceadca6fb3aae0,2025-11-01T22:20:00+00:00,2025-11-01T22:15:00+00:00,sell,46845.52195,47106.023429999994,46138.2486,2.715045419319789,46130.0432,5163
vsp-setup-5fcf8ccbb96e74efae2c,2025-11-02T02:20:00+00:00,2025-11-02T02:15:00+00:00,sell,47057.5646,47540.63725642857,46138.2486,1.9030594834256158,46130.0432,5211
vsp-setup-90c6be79b7a501c88974,2025-11-02T02:40:00+00:00,2025-11-02T02:35:00+00:00,sell,47040.89195,47540.76370285714,46138.2486,1.8057498645216745,46130.0432,5215
vsp-setup-cd8735a6d54e60457d14,2025-11-02T06:40:00+00:00,2025-11-02T06:35:00+00:00,buy,48313.03885,47172.985563214286,50093.5219,1.5617542360848167,50175.8008,5263
vsp-setup-14fbf7635b7952bc14d6,2025-11-02T06:55:00+00:00,2025-11-02T06:50:00+00:00,buy,48188.248,47172.25671928572,50093.5219,1.8752856802673699,50175.8008,5266
vsp-setup-4b2e448fdf873c4f5b3c,2025-11-02T08:10:00+00:00,2025-11-02T08:05:00+00:00,buy,47864.087,47581.07784214286,48414.1577,1.9436498244967708,48587.2308,5281
vsp-setup-8b1a6645a7ab7deb2901,2025-11-02T08:35:00+00:00,2025-11-02T08:30:00+00:00,buy,47976.4661,47600.03547678571,48587.2308,1.622515975944709,48601.262,5286
vsp-setup-4e8c36e4999e278cdada,2025-11-02T10:00:00+00:00,2025-11-02T09:55:00+00:00,buy,48616.416549999994,47657.59596107143,50093.5219,1.5405440465672462,50220.6083,5303
vsp-setup-8fd022dce3044ac4f25a,2025-11-02T13:40:00+00:00,2025-11-02T13:35:00+00:00,buy,49229.9073,48588.551855,50220.6083,1.5446988214156336,50768.4856,5347
vsp-setup-f13b77e516e50c590cdc,2025-11-02T14:40:00+00:00,2025-11-02T14:35:00+00:00,buy,49229.9073,48587.85271,50220.6083,1.5430167705833258,50768.4856,5359
vsp-setup-147c42d1dedcf750ce19,2025-11-02T16:50:00+00:00,2025-11-02T16:45:00+00:00,buy,48535.82135,48083.028262499996,49232.8276,1.5393482569452774,49267.214,5385
vsp-setup-b2ca75d65986a92ce026,2025-11-02T17:00:00+00:00,2025-11-02T16:55:00+00:00,buy,48714.9016,48083.13445285714,50093.5219,2.1821652269111573,50220.6083,5387
vsp-setup-905194739da8c106a166,2025-11-02T17:25:00+00:00,2025-11-02T17:20:00+00:00,buy,48744.31165,48620.38287607143,49211.584,3.770491187698817,49232.8276,5392
vsp-setup-e642bf893d87a7fd05d2,2025-11-02T19:05:00+00:00,2025-11-02T19:00:00+00:00,sell,48537.133050000004,48763.45012964286,48091.9301,1.9671646112727024,48014.101,5412
vsp-setup-5ed72e022eb0d5a71ab5,2025-11-02T21:00:00+00:00,2025-11-02T20:55:00+00:00,sell,47925.03305,48617.94863607143,46755.446,1.6879214055944542,46600.9433,5435
vsp-setup-50638d676a1c87fc9a43,2025-11-02T23:40:00+00:00,2025-11-02T23:35:00+00:00,sell,47686.61995,48310.355586071426,46600.9433,1.7406038507565367,46138.2486,5467
vsp-setup-b65d23774902823f7e7c,2025-11-03T00:05:00+00:00,2025-11-03T00:00:00+00:00,sell,47686.61995,48310.43099678571,46600.9433,1.74039343418833,46138.2486,5472
vsp-setup-ea3fcae31e8b9236e121,2025-11-03T01:40:00+00:00,2025-11-03T01:35:00+00:00,sell,47367.7289,47937.59841571429,46077.6669,2.2637848918502232,,5491
vsp-setup-9ae863671290b46baf9d,2025-11-03T13:30:00+00:00,2025-11-03T13:25:00+00:00,sell,46124.00025,46756.488085000005,45098.1093,1.621993172406216,45056.7506,5633
vsp-setup-3239cd125c6f81e37f2c,2025-11-04T08:00:00+00:00,2025-11-04T07:55:00+00:00,sell,42163.5509,42331.31958428572,41750.0479,2.464721004164265,41338.0766,5855
vsp-setup-4c29020c0044f47b02c0,2025-11-04T08:15:00+00:00,2025-11-04T08:10:00+00:00,sell,41968.579249999995,42349.56110785714,41338.0766,1.6549414020559865,,5858
vsp-setup-456cbe78adbfac8e679d,2025-11-04T09:35:00+00:00,2025-11-04T09:30:00+00:00,buy,42089.27855,41828.499104999995,42708.3637,2.3739798587269076,42748.2401,5874
vsp-setup-f76875f1f37f3cc65d07,2025-11-04T09:55:00+00:00,2025-11-04T09:50:00+00:00,buy,42412.5214,41838.67980285714,43375.6937,1.678463716808994,43514.9193,5878
vsp-setup-983e95b57f39bf84a5a3,2025-11-04T10:35:00+00:00,2025-11-04T10:30:00+00:00,buy,42526.43125,41838.67075357143,43605.085,1.568356652644739,43789.4114,5886
vsp-setup-5c51366b3c504aafae3d,2025-11-04T11:05:00+00:00,2025-11-04T11:00:00+00:00,buy,42526.43125,41838.000940357146,43605.085,1.5668307087751299,43789.4114,5892
vsp-setup-13e7b5324fb37d2178ba,2025-11-04T16:50:00+00:00,2025-11-04T16:45:00+00:00,buy,42103.26345,41800.30646607142,42656.5767,1.8263756221260983,42946.776,5961
vsp-setup-6c90a471cf935e04dc59,2025-11-04T17:05:00+00:00,2025-11-04T17:00:00+00:00,buy,42185.51995,41840.407625,42946.776,2.205821104766375,43032.9283,5964
vsp-setup-93af5834df217df513ec,2025-11-04T18:20:00+00:00,2025-11-04T18:15:00+00:00,buy,42608.4774,42214.40221857143,43219.9567,1.5516818333580507,43375.6937,5979
vsp-setup-f7666962323f7e8fbf9e,2025-11-05T05:00:00+00:00,2025-11-05T04:55:00+00:00,buy,44804.8929,44133.83626821428,46748.6664,2.896586380239658,46792.9236,6107
vsp-setup-2709a5a87853c5c1855b,2025-11-05T09:20:00+00:00,2025-11-05T09:15:00+00:00,buy,43700.48995,43404.181045,44493.8308,2.6774114331797967,44597.4831,6159
vsp-setup-a13b29edd44483e96171,2025-11-05T13:55:00+00:00,2025-11-05T13:50:00+00:00,buy,43703.72495,43445.10264464285,44493.8308,3.0550568672291436,44597.4831,6214
vsp-setup-3ab3bcc2eefbb919509d,2025-11-05T17:05:00+00:00,2025-11-05T17:00:00+00:00,buy,44348.963950000005,43883.60484071429,46748.6664,5.156668048645955,46792.9236,6252
vsp-setup-f24bb0a600682b02ff2f,2025-11-05T21:10:00+00:00,2025-11-05T21:05:00+00:00,buy,43371.87485,43018.48835178571,44042.2033,1.8968705748161265,44492.5968,6301
vsp-setup-f0129ceb07239009e1ca,2025-11-05T21:25:00+00:00,2025-11-05T21:20:00+00:00,buy,43492.66005,43018.19925392857,44492.5968,2.107522388107838,44493.8308,6304
vsp-setup-68ae3960fcde5afb9f0e,2025-11-05T22:05:00+00:00,2025-11-05T22:00:00+00:00,buy,43673.4552,43333.876130357145,44492.5968,2.412226409777034,44493.8308,6312
vsp-setup-1b4574ea1790c7f74973,2025-11-05T22:40:00+00:00,2025-11-05T22:35:00+00:00,buy,43890.299,43596.337329642854,44492.5968,2.04889909377725,44493.8308,6319
vsp-setup-2990a20dbf7e4a76eec6,2025-11-06T00:55:00+00:00,2025-11-06T00:50:00+00:00,buy,44039.391149999996,43861.7636875,44492.5968,2.5514390827939724,44493.8308,6346
vsp-setup-d0d153e1829d6b6a66c9,2025-11-06T12:25:00+00:00,2025-11-06T12:20:00+00:00,buy,45235.729699999996,44938.993429642855,45715.7621,1.6177071964349121,45839.5436,6484
vsp-setup-6ee8d9109c7f6ca146a0,2025-11-06T12:40:00+00:00,2025-11-06T12:35:00+00:00,buy,45603.64305,44899.773107500005,46748.6664,1.6267541499685687,49490.1,6487
vsp-setup-0d848391f04e193ed943,2025-11-06T13:05:00+00:00,2025-11-06T13:00:00+00:00,buy,45655.4552,44899.470076785714,49490.1,5.072381297261424,50093.5219,6492
vsp-setup-914d5d468b68d5816f6d,2025-11-06T13:55:00+00:00,2025-11-06T13:50:00+00:00,buy,45679.1371,45320.369979642855,46748.6664,2.981124075515365,49490.1,6502
vsp-setup-fa1e399a414e2de380a3,2025-11-06T14:05:00+00:00,2025-11-06T14:00:00+00:00,buy,45679.1371,45320.668865,46748.6664,2.983609691385908,49490.1,6504
vsp-setup-c37a934791158bb2e734,2025-11-06T14:15:00+00:00,2025-11-06T14:10:00+00:00,buy,45744.7296,45354.02878642857,46748.6664,2.5695794969632537,49490.1,6506
vsp-setup-c0b34e675614590d8f1d,2025-11-06T19:25:00+00:00,2025-11-06T19:20:00+00:00,buy,46167.815650000004,45952.15154035714,46689.1022,2.417122398637569,46748.6664,6568
vsp-setup-b677d61006491804b83d,2025-11-07T01:25:00+00:00,2025-11-07T01:20:00+00:00,sell,45309.58355,45635.638347857144,44740.5145,1.7453172096836906,44585.0472,6640
vsp-setup-fdd752ea762d2217a664,2025-11-07T01:35:00+00:00,2025-11-07T01:30:00+00:00,sell,45264.0589,45632.841173214285,44585.0472,1.8412265158023535,44472.6715,6642
vsp-setup-484dfb0a4748f364c48e,2025-11-07T01:50:00+00:00,2025-11-07T01:45:00+00:00,sell,45043.9836,45633.409979642856,42934.0205,3.579688953315022,41848.2137,6645
vsp-setup-3fc12ab52c0f3601f572,2025-11-07T03:25:00+00:00,2025-11-07T03:20:00+00:00,sell,45058.0531,45257.14412,44740.5145,1.5949418512196085,44585.0472,6664
vsp-setup-53f8f0e659d17dafafe8,2025-11-07T05:35:00+00:00,2025-11-07T05:30:00+00:00,sell,45063.34435,45417.53938321429,42934.0205,6.011727015696916,41848.2137,6690
vsp-setup-5df9c5d94f56d4b461e2,2025-11-07T06:50:00+00:00,2025-11-07T06:45:00+00:00,sell,44550.86315,45322.63276857143,42934.0205,2.0949809516897346,41848.2137,6705
vsp-setup-866b77c4fb356b52490f,2025-11-07T10:15:00+00:00,2025-11-07T10:10:00+00:00,sell,44879.66435,45589.26355142857,42934.0205,2.7418912621138927,41848.2137,6746
vsp-setup-ac3459abe706de93e0d8,2025-11-07T10:35:00+00:00,2025-11-07T10:30:00+00:00,sell,44831.129499999995,45589.34734,42934.0205,2.502063259287047,41848.2137,6750
vsp-setup-bfdf58d769923e6cb076,2025-11-07T12:00:00+00:00,2025-11-07T11:55:00+00:00,sell,44876.45145,45447.38580142857,42934.0205,3.402196671368116,41848.2137,6767
vsp-setup-7e39c7cf06e95ea08b2d,2025-11-07T12:05:00+00:00,2025-11-07T12:00:00+00:00,sell,44876.45145,45447.685541785715,42934.0205,3.400411456409819,41848.2137,6768
vsp-setup-a04eaaa27ba2b3dc385c,2025-11-07T16:05:00+00:00,2025-11-07T16:00:00+00:00,sell,43533.61175,44292.01200464286,41807.7383,2.2756762533165733,41338.0766,6816
vsp-setup-943d7dbedf41098bb354,2025-11-07T19:45:00+00:00,2025-11-07T19:40:00+00:00,sell,43824.8808,44241.75439785714,42934.0205,2.1370034096169555,41807.7383,6860
vsp-setup-bf7291b5a2ca98ba974e,2025-11-07T21:35:00+00:00,2025-11-07T21:30:00+00:00,sell,43797.6953,44321.94960142857,42934.0205,1.647434837723841,41807.7383,6882
vsp-setup-40c8fa305cae97e80530,2025-11-07T23:20:00+00:00,2025-11-07T23:15:00+00:00,sell,43913.215599999996,44306.11996,42934.0205,2.4921970832799563,41807.7383,6903
vsp-setup-4a82b6ace3c84580c0ec,2025-11-07T23:35:00+00:00,2025-11-07T23:30:00+00:00,sell,43861.43965,44306.2207025,42934.0205,2.085113888703694,41807.7383,6906
vsp-setup-44ee42ccfdba836e0edc,2025-11-08T02:15:00+00:00,2025-11-08T02:10:00+00:00,sell,42959.8451,43966.45162892857,41338.0766,1.6111245589934802,,6938
vsp-setup-d6ce43fd45561dcb8f23,2025-11-08T03:00:00+00:00,2025-11-08T02:55:00+00:00,sell,43142.125,43351.403326785716,41807.7383,6.376134215590837,41338.0766,6947
vsp-setup-cce890ce7c940f27ac0c,2025-11-08T14:15:00+00:00,2025-11-08T14:10:00+00:00,sell,42424.864799999996,42686.32934142857,41763.4671,2.529588510879075,41579.1466,7082
vsp-setup-be654a76348d1bdd2027,2025-11-08T14:25:00+00:00,2025-11-08T14:20:00+00:00,sell,42347.5286,42686.27073142857,41763.4671,1.724206839984261,41579.1466,7084
vsp-setup-cfe54437f4b023d404bb,2025-11-08T14:55:00+00:00,2025-11-08T14:50:00+00:00,sell,42227.599799999996,42686.2881125,41357.7398,1.896407595953274,41338.0766,7090
vsp-setup-427528e13f8213a83a27,2025-11-08T15:10:00+00:00,2025-11-08T15:05:00+00:00,sell,42038.004499999995,42391.91696785714,41357.7398,1.9221269714481373,41338.0766,7093
vsp-setup-aba42129b1acf6628d69,2025-11-08T16:10:00+00:00,2025-11-08T16:05:00+00:00,sell,41945.287899999996,42263.35080607143,41357.7398,1.847270111617586,41338.0766,7105
vsp-setup-2bd914397519323e028c,2025-11-08T22:30:00+00:00,2025-11-08T22:25:00+00:00,sell,42019.5038,42442.11093071429,41357.7398,1.565908267760366,41338.0766,7181
vsp-setup-59fc23a4456241ba9cd9,2025-11-08T23:15:00+00:00,2025-11-08T23:10:00+00:00,sell,42065.58615,42499.21707,41357.7398,1.6323705652724358,41338.0766,7190
vsp-setup-9a0acad4a0af5470cbd3,2025-11-08T23:35:00+00:00,2025-11-08T23:30:00+00:00,sell,42048.737049999996,42499.223626785715,41357.7398,1.5338908762395302,41338.0766,7194
vsp-setup-53117637f6d054eb3601,2025-11-09T03:00:00+00:00,2025-11-09T02:55:00+00:00,buy,42675.708849999995,42300.958204285715,43442.1961,2.045326028829299,43475.5422,7235
vsp-setup-48879ed80cb8bf042d50,2025-11-09T06:15:00+00:00,2025-11-09T06:10:00+00:00,buy,42597.720199999996,42415.09761214286,42887.3553,1.58597632088418,42914.4995,7274
vsp-setup-423ed410d7d0dc921415,2025-11-09T14:05:00+00:00,2025-11-09T14:00:00+00:00,buy,42936.25845,42411.73043428572,43733.2145,1.5193774710293277,44299.0253,7368
vsp-setup-1e75a39d1961400bfc66,2025-11-09T16:20:00+00:00,2025-11-09T16:15:00+00:00,buy,42790.516449999996,42573.342299285716,43286.8083,2.2852252368327974,43613.0331,7395
vsp-setup-44912f281b37aeee55de,2025-11-09T17:20:00+00:00,2025-11-09T17:15:00+00:00,buy,43009.022549999994,42555.62748285715,43733.2145,1.5972647310956383,44299.0253,7407
vsp-setup-16e51f6b8f4d53496d4d,2025-11-09T18:55:00+00:00,2025-11-09T18:50:00+00:00,buy,42646.37445,42312.435450714285,43286.8083,1.9178168808370888,43613.0331,7426
vsp-setup-60fe2a83ef96ef386286,2025-11-09T20:45:00+00:00,2025-11-09T20:40:00+00:00,sell,42320.76745,42787.62888964285,41617.6094,1.5061386319202357,41357.7398,7448
vsp-setup-892b67fdd963a48ce591,2025-11-10T00:10:00+00:00,2025-11-10T00:05:00+00:00,buy,43060.388600000006,42657.12977035715,43733.2145,1.668471588324245,44299.0253,7489
vsp-setup-99b9f37527601871d070,2025-11-10T01:15:00+00:00,2025-11-10T01:10:00+00:00,buy,43101.69835,42720.11177821429,43733.2145,1.654974772945233,44299.0253,7502
vsp-setup-4991932cb546abd94341,2025-11-10T02:55:00+00:00,2025-11-10T02:50:00+00:00,sell,42859.7473,43487.70431678571,41786.5704,1.708997385670154,41617.6094,7522
vsp-setup-ae3f7885e131973655b2,2025-11-10T03:25:00+00:00,2025-11-10T03:20:00+00:00,sell,42729.81465,43486.81942571429,41357.7398,1.8125048797814314,41338.0766,7528
vsp-setup-032b0e7d49417df5750c,2025-11-10T16:35:00+00:00,2025-11-10T16:30:00+00:00,sell,41257.6245,41465.52234857143,40933.2015,1.5604923390466232,,7686
vsp-setup-088810f355624d9943c2,2025-11-10T23:25:00+00:00,2025-11-10T23:20:00+00:00,buy,43020.4853,42648.74564607143,43733.2145,1.9172805281003316,44299.0253,7768
vsp-setup-fb964ccaa3d2ae2e6593,2025-11-11T00:40:00+00:00,2025-11-11T00:35:00+00:00,buy,43125.7276,42606.871973571426,44314.4572,2.291060440420305,45581.3603,7783
vsp-setup-3d1bb0dfc220844258c1,2025-11-11T01:55:00+00:00,2025-11-11T01:50:00+00:00,buy,42718.37915,42377.463962500005,43339.3162,1.8213827742714137,43402.2611,7798
vsp-setup-a88e007e4eda68a98fbe,2025-11-11T02:45:00+00:00,2025-11-11T02:40:00+00:00,buy,42793.727549999996,42560.50081321428,43339.3162,2.339305765364663,43402.2611,7808
vsp-setup-980953b142952aec7016,2025-11-11T04:55:00+00:00,2025-11-11T04:50:00+00:00,buy,43241.619300000006,42665.93857607143,44314.4572,1.8635987890626242,45581.3603,7834
vsp-setup-3c3314963ec1b68cb48f,2025-11-11T05:05:00+00:00,2025-11-11T05:00:00+00:00,buy,43241.619300000006,42666.0032775,44314.4572,1.8638082646491665,45581.3603,7836
vsp-setup-fbdc534682d75506c69b,2025-11-11T08:10:00+00:00,2025-11-11T08:05:00+00:00,buy,44099.4338,43443.50325107143,45581.3603,2.259273489275133,45714.3855,7873
vsp-setup-fd49645b955a1a01368c,2025-11-11T09:30:00+00:00,2025-11-11T09:25:00+00:00,buy,44155.4592,43742.27118214286,45581.3603,3.450973983696251,45714.3855,7889
vsp-setup-68212a70ffa18c997f7e,2025-11-11T14:15:00+00:00,2025-11-11T14:10:00+00:00,buy,44024.7123,43140.17457464286,45581.3603,1.7598435379016608,45714.3855,7946
vsp-setup-01b422ef76d32bbe2f55,2025-11-11T20:25:00+00:00,2025-11-11T20:20:00+00:00,buy,44881.20285,44539.043274642856,45581.3603,2.046289218325034,45714.3855,8020
vsp-setup-dd5d26f816628130acda,2025-11-12T00:15:00+00:00,2025-11-12T00:10:00+00:00,buy,45530.38515,44879.54490071429,46689.1022,1.7803401852784504,46748.6664,8066
vsp-setup-e3f0dafae1a9ceb37e75,2025-11-12T05:00:00+00:00,2025-11-12T04:55:00+00:00,buy,46152.512050000005,45439.135486785715,49490.1,4.678578077981269,50093.5219,8123
vsp-setup-a4cf4bf4f1c35d3e6d8b,2025-11-12T06:50:00+00:00,2025-11-12T06:45:00+00:00,buy,46324.2134,45573.12618607143,49490.1,4.215071886846253,50093.5219,8145
vsp-setup-d6e23e030760e2f18681,2025-11-12T07:05:00+00:00,2025-11-12T07:00:00+00:00,buy,46324.2134,45573.15152107143,49490.1,4.2152140706652474,50093.5219,8148
vsp-setup-a27d4584cf1a74beb4f4,2025-11-12T10:35:00+00:00,2025-11-12T10:30:00+00:00,buy,45635.04315,45168.49787071429,46518.6428,1.8939204600951303,46689.1022,8190
vsp-setup-2887d28d58d6f1016d5b,2025-11-12T22:00:00+00:00,2025-11-12T21:55:00+00:00,sell,43424.052299999996,43960.95088785714,42384.4659,1.9362807493108836,41061.472,8327
vsp-setup-0c26b9a011bf030c58cf,2025-11-12T23:40:00+00:00,2025-11-12T23:35:00+00:00,sell,43557.34995,43961.37022785714,42384.4659,2.903032630492689,41061.472,8347
vsp-setup-c8c42bd9b4c88194fb40,2025-11-13T01:30:00+00:00,2025-11-13T01:25:00+00:00,sell,43364.8356,43902.95894571429,42384.4659,1.8218308270916657,41061.472,8369
vsp-setup-59001e570a5434477ac2,2025-11-13T04:05:00+00:00,2025-11-13T04:00:00+00:00,sell,43436.7099,43997.498584999994,42384.4659,1.876364534708851,41061.472,8400
vsp-setup-d3dafed0eedd8c92c493,2025-11-13T08:25:00+00:00,2025-11-13T08:20:00+00:00,buy,44870.45970000001,43835.196155714286,46518.6428,1.5920420545061857,46689.1022,8452
vsp-setup-072f83f9d2efe90fe4ba,2025-11-13T11:35:00+00:00,2025-11-13T11:30:00+00:00,buy,44088.46705,43649.390810714285,44835.2803,1.7008737507976048,45158.5508,8490
vsp-setup-36916d2e7d736a9e6485,2025-11-13T13:15:00+00:00,2025-11-13T13:10:00+00:00,buy,44247.07255,43827.513987499995,45158.5508,2.172469665661979,45176.5901,8510
vsp-setup-3517e291cdea66cbe75e,2025-11-13T13:25:00+00:00,2025-11-13T13:20:00+00:00,buy,44278.76515000001,43827.74018035714,45158.5508,1.9506362379374034,45176.5901,8512
vsp-setup-d663f70bac416c18db6f,2025-11-13T13:50:00+00:00,2025-11-13T13:45:00+00:00,buy,44416.90345,43828.58303678571,46518.6428,3.572439954135131,46689.1022,8517
vsp-setup-9a41e07f119a017e0d56,2025-11-13T15:00:00+00:00,2025-11-13T14:55:00+00:00,buy,44590.544649999996,44203.62577035715,46518.6428,4.983210309560908,46689.1022,8531
vsp-setup-486c423403dbfba1928a,2025-11-13T15:15:00+00:00,2025-11-13T15:10:00+00:00,buy,44629.3955,44203.509855357144,46518.6428,4.4360436275900215,46689.1022,8534
vsp-setup-f20af94b15dc119727fd,2025-11-13T15:50:00+00:00,2025-11-13T15:45:00+00:00,buy,44857.02125,44530.117373571426,46518.6428,5.082905617863064,46689.1022,8541
vsp-setup-552df2b834c498a1c23c,2025-11-13T18:45:00+00:00,2025-11-13T18:40:00+00:00,buy,44896.8388,44319.9458925,46518.6428,2.811273945155947,46689.1022,8576
vsp-setup-3c49c635aaaca765edb0,2025-11-13T22:35:00+00:00,2025-11-13T22:30:00+00:00,buy,45916.6763,44648.29583678571,49490.1,2.817312158013183,,8622
vsp-setup-d594260b30b70002d593,2025-11-14T00:30:00+00:00,2025-11-14T00:25:00+00:00,buy,45213.8308,44759.439498928565,45942.5847,1.6038024897959535,46110.9861,8645
vsp-setup-1833534e9f43e5c3dfae,2025-11-14T09:30:00+00:00,2025-11-14T09:25:00+00:00,sell,44834.97455,45191.47237821428,44289.3613,1.5304812731483033,44108.1044,8753
vsp-setup-a0bc0acc30b75db1736b,2025-11-14T09:40:00+00:00,2025-11-14T09:35:00+00:00,sell,44619.705350000004,45191.62834464286,43747.931,1.5242862381226707,43643.9421,8755
vsp-setup-37485891755dda063dc2,2025-11-14T10:20:00+00:00,2025-11-14T10:15:00+00:00,sell,44413.39565,45192.15372928571,43114.3858,1.6680531278615731,42384.4659,8763
vsp-setup-c42f26d4da5751b8d33c,2025-11-14T13:45:00+00:00,2025-11-14T13:40:00+00:00,sell,44969.3101,45566.9361125,43473.8135,2.5023954257680727,43295.5443,8804
vsp-setup-f9a2be690990026ac0a9,2025-11-14T14:00:00+00:00,2025-11-14T13:55:00+00:00,sell,44868.7375,45566.79111607143,43473.8135,1.9983049552131773,43295.5443,8807
vsp-setup-0843c0402fdd3b01ff74,2025-11-14T14:05:00+00:00,2025-11-14T14:00:00+00:00,sell,44868.7375,45566.817315,43473.8135,1.9982299588479173,43295.5443,8808
vsp-setup-45c65e86db4026395784,2025-11-15T00:35:00+00:00,2025-11-15T00:30:00+00:00,sell,43097.777799999996,43934.61685071429,40933.2015,2.586610051421958,,8934
vsp-setup-d0fd2885c41aeaa695e7,2025-11-15T16:40:00+00:00,2025-11-15T16:35:00+00:00,buy,46226.898499999996,45965.20598071429,46689.1022,1.7662090657447642,46748.6664,9127
vsp-setup-547c12b1b61c6d70f2a5,2025-11-16T03:45:00+00:00,2025-11-16T03:40:00+00:00,buy,47500.96185,47137.63037571428,48310.2643,2.2274493328468976,,9260
vsp-setup-7576023e1eb5ccb252c4,2025-11-16T10:05:00+00:00,2025-11-16T10:00:00+00:00,sell,47740.818100000004,48028.35313428571,47269.7177,1.6384104329071085,47146.3711,9336
vsp-setup-6c9e38818e87a4ca9575,2025-11-16T18:55:00+00:00,2025-11-16T18:50:00+00:00,sell,46075.343,46739.094834285715,42888.707,4.800944924588032,42384.4659,9442
vsp-setup-a4f2ef50441769de94a8,2025-11-17T02:00:00+00:00,2025-11-17T01:55:00+00:00,sell,46681.47585,47016.32987892857,46081.5949,1.7914700083479569,45897.9919,9527
vsp-setup-6d57a59d8e5c853c6381,2025-11-17T02:05:00+00:00,2025-11-17T02:00:00+00:00,sell,46681.47585,47016.286485357145,46081.5949,1.7917021941675,45897.9919,9528
vsp-setup-5e6283e85d8ee06f8a79,2025-11-17T14:15:00+00:00,2025-11-17T14:10:00+00:00,sell,43942.21715,44378.385200357145,42888.707,2.4153767089023326,42384.4659,9674
vsp-setup-571c75f52c459fa06418,2025-11-17T15:15:00+00:00,2025-11-17T15:10:00+00:00,sell,44235.55865,44357.97677178571,43902.0969,2.7239574103555975,43823.526,9686
vsp-setup-e9616fb3dac450764a10,2025-11-18T04:25:00+00:00,2025-11-18T04:20:00+00:00,sell,42253.0993,42692.57943642857,41446.082,1.8362998304274267,40933.2015,9844
vsp-setup-f32af67a9811f36de7fb,2025-11-19T02:35:00+00:00,2025-11-19T02:30:00+00:00,sell,39540.8595,39742.94597607142,39234.4805,1.5160786904499,38670.319,10110
vsp-setup-9536edbde9a7d38b220f,2025-11-19T02:50:00+00:00,2025-11-19T02:45:00+00:00,sell,39504.90225,39760.500902499996,38670.319,3.265209897771294,38643.5619,10113
vsp-setup-a207034df5029e0d88a1,2025-11-19T03:15:00+00:00,2025-11-19T03:10:00+00:00,sell,39343.0037,39608.1057125,38670.319,2.5374560293087143,38643.5619,10118
vsp-setup-b555c467e379b5f1a973,2025-11-19T04:15:00+00:00,2025-11-19T04:10:00+00:00,sell,39335.8751,39496.934325,38670.319,4.13236869853295,38643.5619,10130
vsp-setup-539fc5414c97fca16ebc,2025-11-19T04:35:00+00:00,2025-11-19T04:30:00+00:00,sell,39270.1176,39457.45614071429,38670.319,3.2016828876378405,38643.5619,10134
vsp-setup-34f6122b5afccdb07ed8,2025-11-19T05:00:00+00:00,2025-11-19T04:55:00+00:00,sell,39125.1127,39457.88488964286,38437.3841,2.0666648878864473,,10139
vsp-setup-531382efdbccdae60d21,2025-11-19T05:35:00+00:00,2025-11-19T05:30:00+00:00,sell,39014.8335,39274.13339892857,38437.3841,2.2269557465545704,,10146
vsp-setup-24d5f1451d4b4498271f,2025-11-19T12:45:00+00:00,2025-11-19T12:40:00+00:00,sell,39163.0008,39588.47454821428,38437.3841,1.7054323634429192,,10232
vsp-setup-410a650d634b0b38b98b,2025-11-19T14:55:00+00:00,2025-11-19T14:50:00+00:00,buy,39964.268500000006,39032.15315464285,42685.3148,2.9192162896507052,43452.9326,10258
vsp-setup-2339e9efaac349015708,2025-11-19T16:35:00+00:00,2025-11-19T16:30:00+00:00,buy,39468.826199999996,39264.96980535714,40000.3566,2.6073766335915787,40088.7774,10278
vsp-setup-5ef65237e7fcad00f02f,2025-11-19T20:40:00+00:00,2025-11-19T20:35:00+00:00,buy,40349.4252,39802.67460357143,42685.3148,4.272312852072377,43452.9326,10327
vsp-setup-1ec26fdfa3400216faa3,2025-11-19T22:25:00+00:00,2025-11-19T22:20:00+00:00,buy,39430.83615,39098.941192142855,40543.8062,3.353380410434052,40828.1846,10348
vsp-setup-d2c54b7aa3549a993f2a,2025-11-19T22:40:00+00:00,2025-11-19T22:35:00+00:00,buy,39489.518249999994,39219.420182857146,40543.8062,3.9033524421425043,40828.1846,10351
vsp-setup-e41d32f06914352cb324,2025-11-20T01:00:00+00:00,2025-11-20T00:55:00+00:00,buy,39576.59215,39145.06770035715,40543.8062,2.241388757463257,40828.1846,10379
vsp-setup-5dba802675d66c7b4624,2025-11-20T01:15:00+00:00,2025-11-20T01:10:00+00:00,buy,39713.3488,39144.94083071429,42685.3148,5.228579049893883,43452.9326,10382
vsp-setup-aeee9de8da78a2fc2f1e,2025-11-20T02:10:00+00:00,2025-11-20T02:05:00+00:00,buy,39849.371100000004,39586.44211357143,40543.8062,2.641150789164283,40828.1846,10393
vsp-setup-4a95c77170d311449b37,2025-11-20T08:35:00+00:00,2025-11-20T08:30:00+00:00,buy,39771.256,39472.786322142856,40535.347,2.5600288963548015,40874.3874,10470
vsp-setup-6a713cd319c6bdf09091,2025-11-20T08:45:00+00:00,2025-11-20T08:40:00+00:00,buy,39813.3437,39636.49079,40535.347,4.082507322045353,40874.3874,10472
vsp-setup-1e18067630488d38ce66,2025-11-20T09:50:00+00:00,2025-11-20T09:45:00+00:00,buy,40073.64405,39637.23468714286,40874.3874,1.8348445706058738,42685.3148,10485
vsp-setup-5bf1c6f2f93fbf8688c6,2025-11-20T11:30:00+00:00,2025-11-20T11:25:00+00:00,buy,39925.899000000005,39496.902749999994,40874.3874,2.2109479977971143,42685.3148,10505
vsp-setup-c81aa578547cc4ce3397,2025-11-20T13:05:00+00:00,2025-11-20T13:00:00+00:00,buy,39787.7908,39626.29374964286,40083.5162,1.8311504720736884,40094.5571,10524
vsp-setup-9472cd95bcbab15683b3,2025-11-20T13:10:00+00:00,2025-11-20T13:05:00+00:00,buy,39874.0015,39446.083913928574,40535.347,1.5454973610026335,40874.3874,10525
vsp-setup-35cc2542707faa260253,2025-11-20T13:25:00+00:00,2025-11-20T13:20:00+00:00,buy,39906.959050000005,39446.18216892857,40874.3874,2.0995592221347064,42685.3148,10528
vsp-setup-60e093cf2c4756251bb3,2025-11-20T15:55:00+00:00,2025-11-20T15:50:00+00:00,sell,39483.7156,39759.021024285714,39039.286,1.6143147239219533,38897.4951,10558
vsp-setup-6455881a302f7564fcac,2025-11-20T18:30:00+00:00,2025-11-20T18:25:00+00:00,sell,40115.1542,40407.37069428572,39352.5406,2.609755489210469,39229.6808,10589
vsp-setup-2d38ff427ab3a64a43ce,2025-11-20T18:55:00+00:00,2025-11-20T18:50:00+00:00,sell,40046.337700000004,40408.057328928575,39352.5406,1.9180521169256413,39229.6808,10594
vsp-setup-12aea054e9a45c1642ce,2025-11-20T19:10:00+00:00,2025-11-20T19:05:00+00:00,sell,39779.37045,40214.37807071429,39106.5418,1.5467054321834985,39039.286,10597
vsp-setup-62322e7655353a98babb,2025-11-20T19:45:00+00:00,2025-11-20T19:40:00+00:00,sell,39661.9427,40002.24337464286,39106.5418,1.6320887420599082,39039.286,10604
vsp-setup-2f4e254993682309f427,2025-11-20T22:25:00+00:00,2025-11-20T22:20:00+00:00,buy,40013.3626,39604.30215,40874.3874,2.1048840091971863,42685.3148,10636
vsp-setup-54bd79e93525552acbd8,2025-11-20T23:25:00+00:00,2025-11-20T23:20:00+00:00,buy,40751.290649999995,40087.474474999995,42685.3148,2.9134935586647988,44512.7108,10648
vsp-setup-177108b1e517ee6aff4a,2025-11-21T00:05:00+00:00,2025-11-21T00:00:00+00:00,buy,40311.257150000005,40195.82454357143,40867.6361,4.819946176509922,40874.3874,10656
vsp-setup-cc86a1cb396ee51bae65,2025-11-21T00:40:00+00:00,2025-11-21T00:35:00+00:00,buy,40569.7834,40158.837843571426,42685.3148,5.147960275773649,44512.7108,10663
vsp-setup-e8e014db7f2da542d83a,2025-11-21T01:05:00+00:00,2025-11-21T01:00:00+00:00,buy,40569.7834,40158.37385178571,42685.3148,5.142154354905979,44512.7108,10668
vsp-setup-43c197ad44a9910c6963,2025-11-21T04:05:00+00:00,2025-11-21T04:00:00+00:00,buy,40877.49065,40571.403833928576,42685.3148,5.906246382000836,44512.7108,10704
vsp-setup-63fc05be03b4ebbd7843,2025-11-21T06:15:00+00:00,2025-11-21T06:10:00+00:00,buy,40979.6958,40337.522222142856,42685.3148,2.6560093077816127,44512.7108,10730
vsp-setup-ec6c16a3b434d255d002,2025-11-21T07:55:00+00:00,2025-11-21T07:50:00+00:00,buy,40799.297,40217.61235892857,42685.3148,3.24233728524458,44512.7108,10750
vsp-setup-85d508d85a21c67f9cc0,2025-11-21T08:20:00+00:00,2025-11-21T08:15:00+00:00,buy,40930.0313,40217.332196071424,42685.3148,2.4628675556408437,44512.7108,10755
vsp-setup-52e29d95de57f44b34ac,2025-11-21T10:05:00+00:00,2025-11-21T10:00:00+00:00,sell,40470.226800000004,40843.02711892857,39707.4638,2.046036339754747,39610.8536,10776
vsp-setup-f6d208caa26c4568973e,2025-11-21T12:10:00+00:00,2025-11-21T12:05:00+00:00,sell,39872.750100000005,40660.02371142857,38668.4389,1.529723824750957,38643.5619,10801
vsp-setup-513a2763f2f86f346b00,2025-11-22T03:40:00+00:00,2025-11-22T03:35:00+00:00,sell,38272.43105,38569.611013214286,37799.883,1.5901073709308557,,10987
vsp-setup-277c7cd193df38c913dd,2025-11-22T09:10:00+00:00,2025-11-22T09:05:00+00:00,sell,38255.0196,38613.604713571425,37651.8291,1.6821403822159757,,11053
vsp-setup-18c1fdc9884676beb94e,2025-11-22T09:55:00+00:00,2025-11-22T09:50:00+00:00,sell,38407.8834,38692.18009214285,37651.8291,2.6593847937565753,,11062
vsp-setup-25b46f0f9460b930b09f,2025-11-22T18:50:00+00:00,2025-11-22T18:45:00+00:00,sell,38283.6118,38422.2183575,37877.7731,2.9279906183370263,37751.279,11169
vsp-setup-283f53646c6e89ded30a,2025-11-22T19:55:00+00:00,2025-11-22T19:50:00+00:00,sell,38120.581699999995,38285.43645714285,37751.279,2.2401701133802807,37651.8291,11182
vsp-setup-3a1ea8293203b5c916f9,2025-11-23T04:00:00+00:00,2025-11-23T03:55:00+00:00,sell,38054.38275,38399.13075464286,37454.139,1.7411086994450111,37338.8539,11279
vsp-setup-5826ac39cb6716e048c4,2025-11-23T16:55:00+00:00,2025-11-23T16:50:00+00:00,sell,37262.44115,37487.31165321428,36461.3117,3.5626257714938805,36228.7414,11434
vsp-setup-3b5a7b3ce322383b65cb,2025-11-23T17:10:00+00:00,2025-11-23T17:05:00+00:00,sell,37176.944950000005,37486.79236071429,36461.3117,2.309631209601772,36228.7414,11437
vsp-setup-5294d40d9490055b1251,2025-11-23T18:35:00+00:00,2025-11-23T18:30:00+00:00,sell,37395.00895,37533.30223571428,37097.3061,2.1526920013677855,37064.1361,11454
vsp-setup-082bcb41e5342b8f5e9c,2025-11-23T18:45:00+00:00,2025-11-23T18:40:00+00:00,sell,37234.9005,37533.63128821429,36461.3117,2.589585106457443,36228.7414,11456
vsp-setup-d250986e38cec62293a8,2025-11-23T19:15:00+00:00,2025-11-23T19:10:00+00:00,sell,37112.7277,37534.68906535714,36461.3117,1.543781145576361,36228.7414,11462
vsp-setup-71b15e755339def1f37d,2025-11-23T19:30:00+00:00,2025-11-23T19:25:00+00:00,sell,36865.475699999995,37416.85868464286,35805.2373,1.9228710887528062,35702.7219,11465
vsp-setup-896217cb7689fc691990,2025-11-23T19:50:00+00:00,2025-11-23T19:45:00+00:00,sell,36734.7071,37416.40326,35702.7219,1.5138492198635878,,11469
vsp-setup-535e8ea949122949e75a,2025-11-23T21:05:00+00:00,2025-11-23T21:00:00+00:00,sell,37055.73955,37424.41308464286,36461.3117,1.6123420699992195,36228.7414,11484
vsp-setup-dbcaaba5fef0d516cda7,2025-11-23T21:35:00+00:00,2025-11-23T21:30:00+00:00,sell,36832.76635,37225.68668857143,36228.7414,1.5372707663749086,35805.2373,11490
vsp-setup-117e0fbf7f71ecfc5282,2025-11-23T23:10:00+00:00,2025-11-23T23:05:00+00:00,sell,36801.487550000005,37160.43823821429,36228.7414,1.5956123467803363,35805.2373,11509
vsp-setup-e83881972182bcb99c26,2025-11-24T00:50:00+00:00,2025-11-24T00:45:00+00:00,sell,37228.013900000005,37462.652025,36729.5441,2.124419465080584,36597.467,11529
vsp-setup-b762753af6ea4489adef,2025-11-24T01:15:00+00:00,2025-11-24T01:10:00+00:00,sell,37086.5374,37337.51335214286,36597.467,1.9486743483759061,36461.3117,11534
vsp-setup-f8a2943f028b716c5c28,2025-11-24T03:25:00+00:00,2025-11-24T03:20:00+00:00,buy,37694.0192,37397.7320325,38142.4627,1.5135434443004854,38392.7529,11560
vsp-setup-72e9918ef520eb08482e,2025-11-24T09:50:00+00:00,2025-11-24T09:45:00+00:00,buy,36859.75295,36534.238553928575,37490.1677,1.9366724102170463,37797.0683,11637
vsp-setup-b5e82b6404df09da5a8e,2025-11-24T10:25:00+00:00,2025-11-24T10:20:00+00:00,buy,37173.48585,36721.940832500004,37890.2313,1.5873178137770347,38437.9125,11644
vsp-setup-c5f220697e7190968f15,2025-11-24T12:15:00+00:00,2025-11-24T12:10:00+00:00,buy,37144.174750000006,36880.01163392857,37797.0683,2.471554544440749,37834.4271,11666
vsp-setup-395110a9c67ff7866508,2025-11-24T14:20:00+00:00,2025-11-24T14:15:00+00:00,buy,37495.2811,37046.253352499996,38437.9125,2.0992720499972894,38491.4916,11691
vsp-setup-cc5e28fafb661698494f,2025-11-24T16:00:00+00:00,2025-11-24T15:55:00+00:00,buy,37770.5946,37243.77867535714,38669.0387,1.7054231999708134,38685.3558,11711
vsp-setup-1a19edc6d4b535f512e8,2025-11-24T17:40:00+00:00,2025-11-24T17:35:00+00:00,buy,37339.147750000004,36986.86498321429,37927.4162,1.669875751707801,38437.9125,11731
vsp-setup-f03e3677bc6f9406ca0a,2025-11-24T18:05:00+00:00,2025-11-24T18:00:00+00:00,buy,37419.4268,37200.25160142857,37927.4162,2.317732130784155,38437.9125,11736
vsp-setup-b73dde46c4fee5ff776d,2025-11-24T23:00:00+00:00,2025-11-24T22:55:00+00:00,buy,37064.0512,36601.0594675,37927.4162,1.8647525201759414,38437.9125,11795
vsp-setup-22ad5008861e0fe6c7fe,2025-11-24T23:20:00+00:00,2025-11-24T23:15:00+00:00,buy,37025.161649999995,36600.39705571429,37927.4162,2.1241284281644495,38437.9125,11799
vsp-setup-c5ab9ba3c78d572abe3e,2025-11-24T23:45:00+00:00,2025-11-24T23:40:00+00:00,buy,37266.3732,36950.629754999994,37927.4162,2.09360799240023,38437.9125,11804
vsp-setup-93528a82c6350f9ee606,2025-11-25T01:40:00+00:00,2025-11-25T01:35:00+00:00,buy,36970.2051,36649.241284285716,37522.4202,1.7204902015857564,37927.4162,11827
vsp-setup-53190bf87a56526c002f,2025-11-25T04:40:00+00:00,2025-11-25T04:35:00+00:00,sell,36475.5508,36739.17801464286,35702.7219,2.9315216983457644,,11863
vsp-setup-6028e72869375db3515a,2025-11-25T22:10:00+00:00,2025-11-25T22:05:00+00:00,sell,37054.77465,37374.89703857143,36451.9257,1.8831827186166568,36123.1518,12073
vsp-setup-7775499a4922a8b7e5d9,2025-11-25T23:30:00+00:00,2025-11-25T23:25:00+00:00,sell,36761.645749999996,37252.74043928571,35921.1673,1.7114386865442306,35702.7219,12089
vsp-setup-ca49e532fefcf3583704,2025-11-26T01:55:00+00:00,2025-11-26T01:50:00+00:00,sell,36689.561050000004,36985.484325000005,36123.1518,1.9140408945528273,36048.0888,12118
vsp-setup-4ab1f2fd0553b93317bf,2025-11-26T02:05:00+00:00,2025-11-26T02:00:00+00:00,sell,36689.561050000004,36985.1233875,36123.1518,1.9163783003983215,36048.0888,12120
vsp-setup-ee777b51652de1861215,2025-11-26T15:50:00+00:00,2025-11-26T15:45:00+00:00,sell,35920.9119,36162.260180714286,35537.4489,1.5888366756337013,,12285
vsp-setup-6314440977b3de0a685e,2025-11-26T21:05:00+00:00,2025-11-26T21:00:00+00:00,buy,36451.19475,36040.65257035714,37246.0984,1.9362289416680594,37369.2157,12348
vsp-setup-d5f63f522e878607fc79,2025-11-27T01:10:00+00:00,2025-11-27T01:05:00+00:00,buy,37344.817599999995,36801.01093892857,38437.9125,2.010080012345486,38669.0387,12397
vsp-setup-fed21d4a022e37f93557,2025-11-27T05:05:00+00:00,2025-11-27T05:00:00+00:00,buy,37587.515,37094.92911321428,38437.9125,1.726394366572537,38669.0387,12444
vsp-setup-22bdfa5fa46ac459af0f,2025-11-27T08:35:00+00:00,2025-11-27T08:30:00+00:00,buy,37159.78125,37005.21520607143,37414.4626,1.6477186290521453,37440.2978,12486
vsp-setup-b3ece03d6124fb66d0cf,2025-11-27T09:10:00+00:00,2025-11-27T09:05:00+00:00,buy,37509.4565,36964.915663214284,38437.9125,1.7050254770247057,38669.0387,12493
vsp-setup-21fe8983f6dd29fe4bd5,2025-11-27T11:00:00+00:00,2025-11-27T10:55:00+00:00,buy,37518.167,37258.436545357144,37967.5608,1.7302314455882288,38437.9125,12515
vsp-setup-b00dd372942a591fb205,2025-11-27T14:20:00+00:00,2025-11-27T14:15:00+00:00,buy,37783.4264,37463.98131321429,38437.9125,2.0488219323875434,38669.0387,12555
vsp-setup-667b853a7436fcb2400c,2025-11-27T15:25:00+00:00,2025-11-27T15:20:00+00:00,buy,37821.23865,37451.83002892857,38437.9125,1.6693542457439199,38669.0387,12568
vsp-setup-e7d3a307ca0532399a90,2025-11-27T18:20:00+00:00,2025-11-27T18:15:00+00:00,buy,37366.9742,36909.307029285716,38437.9125,2.3399937083723694,38669.0387,12603
vsp-setup-4286050b6af86b9ab584,2025-11-27T19:00:00+00:00,2025-11-27T18:55:00+00:00,buy,37508.787899999996,37173.567382500005,38437.9125,2.7716817781000778,38669.0387,12611
vsp-setup-67a1fe83fa087f6f50a3,2025-11-27T19:30:00+00:00,2025-11-27T19:25:00+00:00,buy,37631.0879,37445.23832964286,37931.2764,1.6152229968740037,37967.5608,12617
vsp-setup-59e60aaae4da92aad0db,2025-11-28T06:45:00+00:00,2025-11-28T06:40:00+00:00,buy,40353.7761,39775.564510714285,42685.3148,4.03232785921883,44512.7108,12752
vsp-setup-e3bfc0ec5a50e1d8f8b8,2025-11-28T09:25:00+00:00,2025-11-28T09:20:00+00:00,buy,40053.35015,39761.2743075,40495.7843,1.5147920013275615,41056.808,12784
vsp-setup-fa9681a7cf0a529433b2,2025-11-28T15:55:00+00:00,2025-11-28T15:50:00+00:00,sell,39254.1011,39663.757150714286,38144.8628,2.7077307855355817,37835.8276,12862
vsp-setup-60c06953bd4832f3d9f3,2025-11-28T18:50:00+00:00,2025-11-28T18:45:00+00:00,sell,39359.7333,39604.58900642857,38950.9064,1.6696645790416293,38933.698,12897
vsp-setup-643896f94a5f50c819d3,2025-11-28T20:10:00+00:00,2025-11-28T20:05:00+00:00,buy,39654.067599999995,39229.57139214286,40309.0469,1.542956775294547,40409.486,12913
vsp-setup-8a59271903da1e007370,2025-11-28T23:40:00+00:00,2025-11-28T23:35:00+00:00,buy,40562.5462,40211.36585,42685.3148,6.044667932018499,44512.7108,12955
vsp-setup-66f22e65fb20fc998c5b,2025-11-29T03:05:00+00:00,2025-11-29T03:00:00+00:00,buy,40294.5977,39783.071272857145,41080.5377,1.5364602067382807,42685.3148,12996
vsp-setup-bc5df14647b918bfb330,2025-11-29T05:15:00+00:00,2025-11-29T05:10:00+00:00,buy,40294.36675,40150.966551785714,40665.0335,2.584841266719159,41056.808,13022
vsp-setup-0eeef470a46251d6b33c,2025-11-29T05:40:00+00:00,2025-11-29T05:35:00+00:00,buy,40448.92795,40151.49952892857,41056.808,2.0437860235758114,41080.5377,13027
vsp-setup-a1549e2fdfc67b7ef49f,2025-11-29T06:40:00+00:00,2025-11-29T06:35:00+00:00,buy,40748.3937,40310.542878571425,42685.3148,4.423700962077467,44512.7108,13039
vsp-setup-93ef090837ffa5f4af0b,2025-11-29T08:45:00+00:00,2025-11-29T08:40:00+00:00,buy,40847.85475,40597.27126214286,42685.3148,7.332725973738348,44512.7108,13064
vsp-setup-5b522fed8882cca437ca,2025-11-29T14:45:00+00:00,2025-11-29T14:40:00+00:00,buy,40790.552299999996,40566.255899642856,41151.3206,1.6084444486205043,42685.3148,13136
vsp-setup-56d04eb96deed6c2d45b,2025-11-29T15:20:00+00:00,2025-11-29T15:15:00+00:00,buy,41085.4161,40814.96904392858,42685.3148,5.915755650072461,44512.7108,13143
vsp-setup-cc71e17ad7f70c9c2eae,2025-11-29T16:15:00+00:00,2025-11-29T16:10:00+00:00,buy,40976.428,40875.80605714286,41297.3485,3.1893689476422318,42685.3148,13154
vsp-setup-ca5dc639c4e39b0a5c00,2025-11-29T16:25:00+00:00,2025-11-29T16:20:00+00:00,buy,41065.30025,40844.41200928571,42685.3148,7.334091415465778,44512.7108,13156
vsp-setup-02b7bc2007a3a8fe7520,2025-11-29T19:05:00+00:00,2025-11-29T19:00:00+00:00,buy,41335.59225,40803.46328928572,42685.3148,2.536457606419788,44512.7108,13188
vsp-setup-61e5c6c1ab6c6af409ea,2025-11-29T20:05:00+00:00,2025-11-29T20:00:00+00:00,buy,41335.59225,40803.82219071429,42685.3148,2.538169508476984,44512.7108,13200
vsp-setup-07b499ec464811e1e3be,2025-11-29T21:05:00+00:00,2025-11-29T21:00:00+00:00,buy,41335.59225,40803.523980714286,42685.3148,2.5367469325166825,44512.7108,13212
vsp-setup-ab2ce428d81c00209a5d,2025-11-30T13:50:00+00:00,2025-11-30T13:45:00+00:00,buy,43466.49915,43073.97292714286,44064.2085,1.5227246364570317,44136.5965,13413
vsp-setup-aaa299103c43a0cc0541,2025-11-30T14:05:00+00:00,2025-11-30T14:00:00+00:00,buy,43462.81725,43070.145059999995,44064.2085,1.5315351209363548,44136.5965,13416
vsp-setup-2db1fe7816baf0bcf4d2,2025-11-30T17:35:00+00:00,2025-11-30T17:30:00+00:00,buy,43317.0194,43052.380157499996,44064.2085,2.8234251766345637,44136.5965,13458
vsp-setup-47e7af679fbd860c4a16,2025-11-30T17:45:00+00:00,2025-11-30T17:40:00+00:00,buy,43402.2846,42982.46761392857,44064.2085,1.5766963271166554,44136.5965,13460
vsp-setup-a4236191c164c72deb0b,2025-11-30T18:00:00+00:00,2025-11-30T17:55:00+00:00,buy,43567.2871,43194.14440321429,44136.5965,1.5257149742017906,44769.3877,13463
vsp-setup-5aee378ec0bc324547bd,2025-12-01T02:10:00+00:00,2025-12-01T02:05:00+00:00,sell,42287.22105,42777.50797535715,41106.0365,2.40916999599687,40810.4195,13561
vsp-setup-838c48de50c1aff6e2e3,2025-12-01T03:55:00+00:00,2025-12-01T03:50:00+00:00,sell,42300.9296,42576.17763107143,41847.1265,1.648706071514997,41734.0244,13582
vsp-setup-383871b98987f0c12a18,2025-12-01T04:05:00+00:00,2025-12-01T04:00:00+00:00,buy,42453.5577,42235.19930678572,42838.5529,1.7631344247079241,43032.4734,13584
vsp-setup-ff25901e77cd3f70a50c,2025-12-01T04:20:00+00:00,2025-12-01T04:15:00+00:00,buy,42555.1464,42177.234335,43291.8566,1.9494222816093674,43804.8039,13587
vsp-setup-1810824d68fe626216b1,2025-12-02T11:35:00+00:00,2025-12-02T11:30:00+00:00,sell,44671.6272,45452.39738857143,41734.0244,3.7624423204155946,41428.8525,13962
vsp-setup-ef7645821b206fc10dbe,2025-12-02T12:05:00+00:00,2025-12-02T12:00:00+00:00,sell,44671.6272,45452.65969607143,41734.0244,3.7611787150676346,41428.8525,13968
vsp-setup-7b5e34ed68e06069f9ff,2025-12-02T12:10:00+00:00,2025-12-02T12:05:00+00:00,sell,44569.289699999994,45452.15525214286,41734.0244,3.2114349609839414,41428.8525,13969
vsp-setup-fb39b3961351fa2ff48f,2025-12-02T13:30:00+00:00,2025-12-02T13:25:00+00:00,sell,44516.9248,45152.91638928572,41734.0244,4.375687425560891,41428.8525,13985
vsp-setup-c2778a5afe325fab3f2f,2025-12-02T16:05:00+00:00,2025-12-02T16:00:00+00:00,sell,45852.6964,46166.95073285714,44296.3143,4.952619382681762,44242.5094,14016
vsp-setup-6c3946a40ed5643b9170,2025-12-02T17:05:00+00:00,2025-12-02T17:00:00+00:00,sell,45642.1187,46166.62306964286,44296.3143,2.565859271899616,44242.5094,14028
vsp-setup-c8c4726cd72d6231c0c3,2025-12-02T17:50:00+00:00,2025-12-02T17:45:00+00:00,sell,45341.278699999995,45877.48524964286,44296.3143,1.948809466605715,44242.5094,14037
vsp-setup-830109ae147aa97b93dd,2025-12-02T18:00:00+00:00,2025-12-02T17:55:00+00:00,sell,45141.8088,45877.72235785714,41734.0244,4.630685715212109,41428.8525,14039
vsp-setup-adc976e9bfe6ca95a78a,2025-12-02T18:50:00+00:00,2025-12-02T18:45:00+00:00,sell,44905.3364,45365.25980535715,41734.0244,6.895304659560317,41428.8525,14049
vsp-setup-d28433d056dc944a6e44,2025-12-02T19:15:00+00:00,2025-12-02T19:10:00+00:00,sell,44836.8183,45365.292817500005,41734.0244,5.87122708333796,41428.8525,14054
vsp-setup-bbabd9d2b68b007748ac,2025-12-02T20:00:00+00:00,2025-12-02T19:55:00+00:00,sell,44594.424549999996,44944.373891071424,41734.0244,8.173754924762559,41428.8525,14063
vsp-setup-eb1a3bec6e697d121903,2025-12-02T20:45:00+00:00,2025-12-02T20:40:00+00:00,sell,44657.73655,44944.99295571428,41734.0244,10.178057275102388,41428.8525,14072
vsp-setup-d8fd38b11fdca3468718,2025-12-02T22:45:00+00:00,2025-12-02T22:40:00+00:00,sell,44613.25115,44993.07938892858,41734.0244,7.580338834526128,41428.8525,14096
vsp-setup-2abf5eee18c60fbbbd42,2025-12-02T23:50:00+00:00,2025-12-02T23:45:00+00:00,sell,45053.7282,45303.37985428572,44575.1584,1.9169502456101695,44475.0944,14109
vsp-setup-ac0a815952595517e9f2,2025-12-03T02:20:00+00:00,2025-12-03T02:15:00+00:00,sell,44832.7181,45298.83152714286,41734.0244,6.647939148619015,41428.8525,14139
vsp-setup-1527d4aae1c3b156c89b,2025-12-03T03:50:00+00:00,2025-12-03T03:45:00+00:00,sell,44336.77445,44997.05651928571,41734.0244,3.9418760118923504,41106.0365,14157
vsp-setup-49ab00d82a8dd3aeaa9e,2025-12-03T04:05:00+00:00,2025-12-03T04:00:00+00:00,sell,44336.77445,44997.16741964286,41734.0244,3.9412140492766885,41106.0365,14160
vsp-setup-5800ae2b0ad669d3d10d,2025-12-03T05:45:00+00:00,2025-12-03T05:40:00+00:00,sell,44173.05165,44901.31095392857,41734.0244,3.3491192448112175,41106.0365,14180
vsp-setup-e2dabffa6f5d2438c871,2025-12-03T07:50:00+00:00,2025-12-03T07:45:00+00:00,sell,44613.81745,45017.89454607143,41734.0244,7.126840590566255,41106.0365,14205
vsp-setup-1d6808f3e0507a6f2651,2025-12-03T09:00:00+00:00,2025-12-03T08:55:00+00:00,sell,44102.07905,44421.081607500004,41734.0244,7.423309294314894,41106.0365,14219
vsp-setup-ed4248dede1d86927f8f,2025-12-03T11:50:00+00:00,2025-12-03T11:45:00+00:00,sell,44383.7906,44779.45555678571,41734.0244,6.696994905806383,41106.0365,14253
vsp-setup-38decee398da66df0715,2025-12-03T12:25:00+00:00,2025-12-03T12:20:00+00:00,sell,44275.41255,44613.022008571425,41734.0244,7.527597599764376,41106.0365,14260
vsp-setup-bd1ca36bf422a6c58a29,2025-12-03T12:35:00+00:00,2025-12-03T12:30:00+00:00,sell,44295.73505,44612.686063214285,41734.0244,8.082355137536965,41106.0365,14262
vsp-setup-1c081a786b7c3e8147ee,2025-12-03T15:10:00+00:00,2025-12-03T15:05:00+00:00,sell,43917.97105,44232.756271785714,41734.0244,6.937894471700101,41106.0365,14293
vsp-setup-7dd60679742f38906b9f,2025-12-04T00:30:00+00:00,2025-12-04T00:25:00+00:00,sell,43540.631649999996,43936.11066107143,42667.1266,2.208726697362507,42655.4657,14405
vsp-setup-02efbeabfd5db1fb2f13,2025-12-04T01:50:00+00:00,2025-12-04T01:45:00+00:00,sell,43331.9455,43946.17919142857,41734.0244,2.6014872226946615,41106.0365,14421
vsp-setup-10f65db368b7f144b282,2025-12-04T03:00:00+00:00,2025-12-04T02:55:00+00:00,sell,43659.151150000005,44185.853043571435,42667.1266,1.8834649392910658,42655.4657,14435
vsp-setup-a397a8d89518d3eeb559,2025-12-04T04:15:00+00:00,2025-12-04T04:10:00+00:00,sell,43672.3678,44045.72641214286,42960.8222,1.905796670702579,42667.1266,14450
vsp-setup-a3983a71cdbdb45261b6,2025-12-04T04:35:00+00:00,2025-12-04T04:30:00+00:00,sell,43343.6319,44045.75937857143,41734.0244,2.2924718788601783,41106.0365,14454
vsp-setup-69119de168514758aec6,2025-12-04T07:15:00+00:00,2025-12-04T07:10:00+00:00,sell,42801.631250000006,43196.80505678571,41734.0244,2.701613395593647,41106.0365,14486
vsp-setup-e6ec9b8614e32cf3af67,2025-12-04T11:20:00+00:00,2025-12-04T11:15:00+00:00,sell,43276.51485,43838.56337857143,41734.0244,2.7444079498269893,41106.0365,14535
vsp-setup-1aaf73be66d7bfca28c1,2025-12-04T12:05:00+00:00,2025-12-04T12:00:00+00:00,sell,42942.57735,43837.342847500004,41106.0365,2.0525387435382076,40308.915,14544
vsp-setup-f916d6d767b8892d4f87,2025-12-04T14:10:00+00:00,2025-12-04T14:05:00+00:00,sell,43126.9487,43656.83839285714,41734.0244,2.628706160501847,41106.0365,14569
vsp-setup-d449738a176263f41b60,2025-12-04T17:00:00+00:00,2025-12-04T16:55:00+00:00,buy,44337.2676,43535.113005,46158.7972,2.2707961923474387,46562.0475,14603
vsp-setup-dfdee4613c5100bf7397,2025-12-04T20:00:00+00:00,2025-12-04T19:55:00+00:00,buy,44321.6402,44035.919323214286,44856.2363,1.8710431873724465,45027.8351,14639
vsp-setup-d02016253f27efa3455e,2025-12-05T01:05:00+00:00,2025-12-05T01:00:00+00:00,buy,44696.32725,44377.97364178571,45656.4622,3.0159386456638395,46000.2721,14700
vsp-setup-16dd76a95d804c9e04aa,2025-12-05T01:45:00+00:00,2025-12-05T01:40:00+00:00,buy,44905.769199999995,44377.174236428575,46158.7972,2.370487965935196,46562.0475,14708
vsp-setup-9796dd4d471ec999e6fd,2025-12-05T02:05:00+00:00,2025-12-05T02:00:00+00:00,buy,44944.19405,44638.18108214286,45656.4622,2.3275750533961768,46000.2721,14712
vsp-setup-27a27569d593328d4bdb,2025-12-05T03:05:00+00:00,2025-12-05T03:00:00+00:00,sell,44531.5076,45664.430576785715,42778.9608,1.5469249330367099,42753.5019,14724
vsp-setup-42f33c31b0fcc265c262,2025-12-05T03:20:00+00:00,2025-12-05T03:15:00+00:00,sell,44831.59275,45071.601102857145,44384.9259,1.8610471039142051,44363.6277,14727
vsp-setup-fb0e7ad95b781f6655f2,2025-12-05T04:55:00+00:00,2025-12-05T04:50:00+00:00,sell,43842.7821,45070.25068392857,41734.0244,1.7179728488453947,41106.0365,14746
vsp-setup-c16001e307cb11218732,2025-12-05T07:15:00+00:00,2025-12-05T07:10:00+00:00,sell,44381.6775,44657.61891535714,43693.6512,2.4933781654685974,43690.7563,14774
vsp-setup-86c2d7b7f60d31a2db51,2025-12-05T10:30:00+00:00,2025-12-05T10:25:00+00:00,sell,43723.49805,44118.19376178572,43004.1824,1.8224562074556476,42778.9608,14813
vsp-setup-cd90239994470ac595e9,2025-12-05T14:50:00+00:00,2025-12-05T14:45:00+00:00,sell,44349.57635,45062.2070875,43004.1824,1.8879257927041249,42778.9608,14865
vsp-setup-1a806ed1f815c942429e,2025-12-05T22:25:00+00:00,2025-12-05T22:20:00+00:00,buy,44458.42665,44106.321802142855,45335.0753,2.489737518057869,45589.1219,14956
vsp-setup-db995203289286badd4b,2025-12-05T22:45:00+00:00,2025-12-05T22:40:00+00:00,buy,44605.5659,44106.27606607143,45589.1219,1.969909926386961,45656.4622,14960
vsp-setup-c9b130f0f19476d1c30e,2025-12-06T01:25:00+00:00,2025-12-06T01:20:00+00:00,buy,44861.229550000004,44465.74566464286,45589.1219,1.8405107690865108,45656.4622,14992
vsp-setup-727b722f0ecef32eda7e,2025-12-06T02:05:00+00:00,2025-12-06T02:00:00+00:00,buy,45028.2475,44611.8664025,45656.4622,1.5087493254902447,46158.7972,15000
vsp-setup-7c198690fbd5a1d8da1e,2025-12-06T10:30:00+00:00,2025-12-06T10:25:00+00:00,sell,43753.493950000004,43963.492757500004,43337.7467,1.9797600517326752,43004.1824,15101
vsp-setup-b34e1105a2a8c8040947,2025-12-06T12:05:00+00:00,2025-12-06T12:00:00+00:00,buy,43934.86495,43612.54501357143,44541.0901,1.8808180366290643,44797.7823,15120
vsp-setup-21c97257517af14db20c,2025-12-06T12:15:00+00:00,2025-12-06T12:10:00+00:00,buy,44003.92825,43701.17332785714,44541.0901,1.7742464637669604,44797.7823,15122
vsp-setup-fecbc9058b2c418b77f6,2025-12-06T14:25:00+00:00,2025-12-06T14:20:00+00:00,buy,44822.67095,44025.20766142857,46158.7972,1.675470544096803,46562.0475,15148
vsp-setup-c29d86f9f3f05a1c49f5,2025-12-06T19:15:00+00:00,2025-12-06T19:10:00+00:00,buy,43955.60785,43530.73362571428,44967.982,2.3827619849191026,45004.7535,15206
vsp-setup-436ce4da12159aa59c9f,2025-12-06T19:40:00+00:00,2025-12-06T19:35:00+00:00,buy,44109.15815,43530.094490357136,45004.7535,1.5466267569827261,45148.3907,15211
vsp-setup-165fbafc61aa890e7aa6,2025-12-06T19:50:00+00:00,2025-12-06T19:45:00+00:00,buy,44218.2813,43529.23839785714,45279.8611,1.5406584941207249,45303.1679,15213
vsp-setup-6daca9748b3ddcd746b0,2025-12-06T23:05:00+00:00,2025-12-06T23:00:00+00:00,buy,44109.15815,43528.86687178571,45004.7535,1.543354835102763,45148.3907,15252
vsp-setup-45b9a10f9112f879024f,2025-12-06T23:10:00+00:00,2025-12-06T23:05:00+00:00,buy,44218.2813,43529.251899999996,45279.8611,1.540688684691813,45303.1679,15253
vsp-setup-c719619cb752995f47c9,2025-12-07T18:25:00+00:00,2025-12-07T18:20:00+00:00,buy,44062.4488,43745.34285214286,44577.4577,1.6240909496658746,45032.3975,15484
vsp-setup-9c72cb922b732c993252,2025-12-07T18:40:00+00:00,2025-12-07T18:35:00+00:00,buy,44237.89475000001,43746.227498214284,45032.3975,1.6159358735290577,45893.4605,15487
vsp-setup-3fba2e96bb70754d7f8d,2025-12-07T19:20:00+00:00,2025-12-07T19:15:00+00:00,buy,44388.46565,44245.69563321429,45032.3975,4.510273686992015,45893.4605,15495
vsp-setup-7ddc7827589073cb6ffe,2025-12-07T20:20:00+00:00,2025-12-07T20:15:00+00:00,sell,44350.9826,44599.755939285715,43753.7841,2.400572753152355,43716.7288,15507
vsp-setup-fe8e11ac4d1e507a5089,2025-12-07T20:45:00+00:00,2025-12-07T20:40:00+00:00,sell,44203.32805,44473.750875,43753.7841,1.6623742836796298,43716.7288,15512
vsp-setup-5c550c5eea3f72ca38f7,2025-12-07T22:05:00+00:00,2025-12-07T22:00:00+00:00,sell,43616.50275,44473.235336785714,41734.0244,2.197276465300184,41106.0365,15528
vsp-setup-148fa48795e3cabede63,2025-12-07T22:30:00+00:00,2025-12-07T22:25:00+00:00,sell,43834.319,44473.94633499999,42544.4156,2.01664833476828,41734.0244,15533
vsp-setup-eb73a2fbcf1f2bea51bf,2025-12-07T23:45:00+00:00,2025-12-07T23:40:00+00:00,sell,43568.59555,43852.845824642856,42544.4156,3.603092209099228,41734.0244,15548
vsp-setup-3cb2f5e8c6651471d861,2025-12-08T01:00:00+00:00,2025-12-08T00:55:00+00:00,sell,43478.8928,43913.36475857143,42544.4156,2.1508343209827077,41734.0244,15563
vsp-setup-2ea6b811d7ba3c109138,2025-12-08T02:50:00+00:00,2025-12-08T02:45:00+00:00,sell,43434.768,43765.051492142855,42544.4156,2.6957217698754667,41734.0244,15585
vsp-setup-b02a9e3dfdec6b9f66e2,2025-12-08T06:00:00+00:00,2025-12-08T05:55:00+00:00,sell,43076.3888,43809.781677499996,41734.0244,1.8303482910495104,41106.0365,15623
vsp-setup-c95d539a2883502fa52c,2025-12-08T12:20:00+00:00,2025-12-08T12:15:00+00:00,buy,44085.330749999994,43465.98984178572,46501.9738,3.901959353803758,46562.0475,15699
vsp-setup-e5cc84eeca6b8b871aa8,2025-12-08T15:00:00+00:00,2025-12-08T14:55:00+00:00,buy,43705.8119,43479.44828107143,44158.2449,1.9987001539446512,44465.3878,15731
vsp-setup-04b96a5e07565081744f,2025-12-08T15:40:00+00:00,2025-12-08T15:35:00+00:00,buy,44132.808399999994,43459.032922142855,46501.9738,3.516253526374758,46562.0475,15739
vsp-setup-7afa0d071c0aed323740,2025-12-08T20:55:00+00:00,2025-12-08T20:50:00+00:00,buy,43214.17885,42772.56376285714,44212.4506,2.2605019145939576,44465.3878,15802
vsp-setup-ccd00e2a9793afd7f0a3,2025-12-09T05:35:00+00:00,2025-12-09T05:30:00+00:00,sell,43560.26545,44072.0135125,42762.1474,1.5595917375847286,42553.6774,15906
vsp-setup-a270e381746b24233e4d,2025-12-09T06:35:00+00:00,2025-12-09T06:30:00+00:00,sell,43157.82465,43728.68623785714,42034.5442,1.9676931744812327,41734.0244,15918
vsp-setup-507d077081564f2f2318,2025-12-09T07:00:00+00:00,2025-12-09T06:55:00+00:00,sell,43251.372149999996,43729.165552142855,42034.5442,2.5467659129293927,41734.0244,15923
vsp-setup-8736c2f4d9fc770ea32a,2025-12-09T07:15:00+00:00,2025-12-09T07:10:00+00:00,sell,43198.008449999994,43728.671905714284,42034.5442,2.1924710237186726,41734.0244,15926
vsp-setup-13373c4cd3882c77191e,2025-12-09T10:45:00+00:00,2025-12-09T10:40:00+00:00,sell,42749.12445,43771.916201428576,41106.0365,1.6064736029646667,40308.915,15968
vsp-setup-8e0dc319afbf0e078c53,2025-12-09T15:30:00+00:00,2025-12-09T15:25:00+00:00,sell,42203.6797,42616.469945714285,41106.0365,2.6590822128092135,40308.915,16025
vsp-setup-29f529e3994b29a625af,2025-12-09T20:05:00+00:00,2025-12-09T20:00:00+00:00,sell,42585.99995,42736.05891714286,42302.2426,1.8909722984422142,42010.7827,16080
vsp-setup-f0063e174c7bf7eb5abc,2025-12-09T20:15:00+00:00,2025-12-09T20:10:00+00:00,sell,42463.00874999999,42736.35205178572,42010.7827,1.6544252119793794,41734.0244,16082
vsp-setup-e7350ff5f07839934f0b,2025-12-09T21:40:00+00:00,2025-12-09T21:35:00+00:00,sell,42515.69125,42786.03514035714,42010.7827,1.8676528969565114,41734.0244,16099
vsp-setup-b39f7298ac3812cb5e75,2025-12-09T21:55:00+00:00,2025-12-09T21:50:00+00:00,sell,42315.97005,42786.00196892857,41106.0365,2.574151884744416,40308.915,16102
vsp-setup-dcd2ea66e9b6cc043294,2025-12-09T23:05:00+00:00,2025-12-09T23:00:00+00:00,buy,42555.5122,42126.93160214286,43762.8556,2.817074328694788,43975.7126,16116
vsp-setup-97448d109f34f5c97ae0,2025-12-10T00:15:00+00:00,2025-12-10T00:10:00+00:00,buy,43102.22135,42567.8928075,43975.7126,1.6347456303066572,44063.3956,16130
vsp-setup-002c96ba232e1af067a7,2025-12-10T11:15:00+00:00,2025-12-10T11:10:00+00:00,buy,45245.700899999996,44642.73965178572,46501.9738,2.083505206546138,46562.0475,16262
vsp-setup-6e47e593bf7364d7ce04,2025-12-10T14:20:00+00:00,2025-12-10T14:15:00+00:00,buy,44519.11105,44028.598014285715,45349.3401,1.6925728564808138,46501.9738,16299
vsp-setup-853aac7ca04984771e81,2025-12-10T18:45:00+00:00,2025-12-10T18:40:00+00:00,sell,43577.738,44017.6029775,42831.6765,1.6961148037751972,42716.4443,16352
vsp-setup-48b3583dfc5bc1556ad8,2025-12-10T19:30:00+00:00,2025-12-10T19:25:00+00:00,sell,43731.066,43985.79976071429,42831.6765,3.530703969030442,42716.4443,16361
vsp-setup-3b4b8f5bf9c08ee31f7f,2025-12-10T21:00:00+00:00,2025-12-10T20:55:00+00:00,sell,44259.107749999996,44719.94922642857,43491.8762,1.6648491710118567,43402.0193,16379
vsp-setup-8ff28d35c82788f22b15,2025-12-10T21:05:00+00:00,2025-12-10T21:00:00+00:00,buy,44401.0591,43560.84286571429,46501.9738,2.500445259530173,46562.0475,16380
vsp-setup-ec8e364869add806b6b4,2025-12-10T23:10:00+00:00,2025-12-10T23:05:00+00:00,buy,44577.661,43561.07568642857,46501.9738,1.892918158771721,46562.0475,16405
vsp-setup-68e955ca13441003fa87,2025-12-11T00:05:00+00:00,2025-12-11T00:00:00+00:00,sell,43698.296650000004,44185.24385642857,42831.6765,1.7797004245205263,42716.4443,16416
vsp-setup-3fd7969523a18a48820c,2025-12-11T04:15:00+00:00,2025-12-11T04:10:00+00:00,sell,44074.531950000004,44488.74781642857,43402.0193,1.6235801293622856,42831.6765,16466
vsp-setup-852e262d8706d834633e,2025-12-11T04:45:00+00:00,2025-12-11T04:40:00+00:00,sell,44038.512950000004,44488.88401964286,42010.7827,4.502354584205422,41734.0244,16472
vsp-setup-e42be99585fab834ebed,2025-12-11T05:00:00+00:00,2025-12-11T04:55:00+00:00,sell,43897.967300000004,44213.5540275,43402.0193,1.5715109565246426,42831.6765,16475
vsp-setup-db86bf01d47912f90f97,2025-12-11T06:05:00+00:00,2025-12-11T06:00:00+00:00,sell,43797.34084999999,44116.17209,42010.7827,5.6034601565390885,41734.0244,16488
vsp-setup-0eac4bcd9e122cf75e00,2025-12-11T07:00:00+00:00,2025-12-11T06:55:00+00:00,sell,43812.5649,44079.251976071435,43402.0193,1.5394281794518794,42831.6765,16499
vsp-setup-0f5c65d2e0e4a2271ce9,2025-12-11T12:30:00+00:00,2025-12-11T12:25:00+00:00,sell,42856.23295,44190.8068075,40308.915,1.908712609410602,,16565
vsp-setup-662ac0b61aaa322b32a5,2025-12-11T14:05:00+00:00,2025-12-11T14:00:00+00:00,sell,42856.23295,44191.05771357143,40308.915,1.9083538300446623,,16584
vsp-setup-ec12adf3059442468552,2025-12-11T14:20:00+00:00,2025-12-11T14:15:00+00:00,sell,43452.4699,43840.83653714286,42771.7671,1.752732430900338,42716.4443,16587
vsp-setup-32dd0485f71652e7d5c3,2025-12-11T15:20:00+00:00,2025-12-11T15:15:00+00:00,sell,43010.8827,43840.652735,41734.0244,1.5388098462726456,41106.0365,16599
vsp-setup-cce2d730145caddbbee9,2025-12-11T16:15:00+00:00,2025-12-11T16:10:00+00:00,sell,42948.678700000004,43348.68438035714,42010.7827,2.3447067030713753,41734.0244,16610
vsp-setup-cb672e570f809d46cf4d,2025-12-12T11:50:00+00:00,2025-12-12T11:45:00+00:00,sell,42788.6765,43280.43338928572,41999.5616,1.604684992102909,41909.5346,16845
vsp-setup-8a5ea12f8b2116c14904,2025-12-12T12:15:00+00:00,2025-12-12T12:10:00+00:00,sell,42729.8857,43280.699485357145,41616.1753,2.0219363233218095,41607.9623,16850
vsp-setup-87a366fb44d160317b65,2025-12-12T15:55:00+00:00,2025-12-12T15:50:00+00:00,buy,43399.1489,42926.632619285716,44372.5842,2.0601095448573616,44481.172,16894
vsp-setup-9fde6048ccf99a9e1fca,2025-12-12T17:10:00+00:00,2025-12-12T17:05:00+00:00,buy,42854.9832,42592.554840714285,43586.3526,2.786929743380828,43625.0758,16909
vsp-setup-8e9a2165abe09cf1cd8c,2025-12-12T17:35:00+00:00,2025-12-12T17:30:00+00:00,buy,43046.9989,42715.18079107143,43586.3526,1.6254498639075263,43625.0758,16914
vsp-setup-711b4d38403d214b0f3d,2025-12-12T18:30:00+00:00,2025-12-12T18:25:00+00:00,buy,43338.74755,42715.399730714285,44372.5842,1.6585229273516287,44481.172,16925
vsp-setup-204fbf13253f2d35a0aa,2025-12-12T19:45:00+00:00,2025-12-12T19:40:00+00:00,buy,43087.8171,42892.8914975,43394.9341,1.5755600909326375,43432.4912,16940
vsp-setup-dfd0593829bb3f8fde33,2025-12-12T20:50:00+00:00,2025-12-12T20:45:00+00:00,buy,43437.5234,42912.40521892857,44372.5842,1.7806673501422972,44481.172,16953
vsp-setup-5b13d4597458ea055ffe,2025-12-12T21:05:00+00:00,2025-12-12T21:00:00+00:00,buy,43437.5234,42912.82539464286,44372.5842,1.7820933002471482,44481.172,16956
vsp-setup-02d394b640f9a1ad98b9,2025-12-12T22:55:00+00:00,2025-12-12T22:50:00+00:00,buy,43677.108550000004,42947.20623285714,45349.3401,2.2910347189275897,46501.9738,16978
vsp-setup-abffc83e5072319ea7d2,2025-12-13T00:30:00+00:00,2025-12-13T00:25:00+00:00,buy,43514.67005,43251.736196071426,43925.1488,1.561148341557827,44372.5842,16997
vsp-setup-e0699693c6d7e4a1ff08,2025-12-13T01:15:00+00:00,2025-12-13T01:10:00+00:00,buy,43634.2,43364.169605,44372.5842,2.734448468291934,44481.172,17006
vsp-setup-a0d03eb79ce109cf839c,2025-12-13T04:30:00+00:00,2025-12-13T04:25:00+00:00,buy,44817.5924,44200.306364642856,46501.9738,2.7286886524582736,46562.0475,17045
vsp-setup-bc02d03d7de9df5d5b12,2025-12-13T08:30:00+00:00,2025-12-13T08:25:00+00:00,buy,44721.4791,44538.322546071424,45125.9175,2.2081568544783194,45362.4239,17093
vsp-setup-4eae22d92cf3d789e441,2025-12-13T13:25:00+00:00,2025-12-13T13:20:00+00:00,buy,45464.8273,44976.70518964285,46501.9738,2.1247685322862218,46562.0475,17152
vsp-setup-6cdcaba3c1b91456ccb5,2025-12-13T14:45:00+00:00,2025-12-13T14:40:00+00:00,buy,44986.47055,44757.02150892857,45710.4679,3.1553731783722005,46501.9738,17168
vsp-setup-5506b93cc6f4e3d2a7ba,2025-12-13T16:30:00+00:00,2025-12-13T16:25:00+00:00,buy,45164.772,44728.34763357143,46501.9738,3.0639943661781555,46562.0475,17189
vsp-setup-bbde51bfdf92c614a16b,2025-12-13T18:15:00+00:00,2025-12-13T18:10:00+00:00,buy,45003.1953,44439.8158425,46501.9738,2.6603357294049053,46562.0475,17210
vsp-setup-11e64337d82e2defc9e4,2025-12-13T18:50:00+00:00,2025-12-13T18:45:00+00:00,buy,45151.4528,44439.46731214286,46501.9738,1.8968378190750126,46562.0475,17217
vsp-setup-e3398fe0071ae025b9e9,2025-12-13T19:00:00+00:00,2025-12-13T18:55:00+00:00,buy,45259.615999999995,44439.8504875,46501.9738,1.5155038618436798,46562.0475,17219
vsp-setup-7994119348ab3582d15a,2025-12-13T19:20:00+00:00,2025-12-13T19:15:00+00:00,buy,45353.37805,44861.67888892857,46501.9738,2.335972563990478,46562.0475,17223
vsp-setup-31e94d1afa6781081dd3,2025-12-14T01:40:00+00:00,2025-12-14T01:35:00+00:00,buy,45979.7554,45596.91675428571,46737.4837,1.9792367058091622,46857.8238,17299
vsp-setup-b36fa28d2322e6e4f75a,2025-12-14T04:10:00+00:00,2025-12-14T04:05:00+00:00,buy,45774.24635,45389.77250071429,46737.4837,2.505339054371381,46857.8238,17329
vsp-setup-77cd623105d4057261ac,2025-12-14T07:10:00+00:00,2025-12-14T07:05:00+00:00,buy,45633.7763,45388.19540571429,46101.3191,1.9038239980348766,46112.3533,17365
vsp-setup-2a24775e712ff572ab4a,2025-12-14T19:20:00+00:00,2025-12-14T19:15:00+00:00,buy,47224.57775,47045.91400464286,47955.3537,4.090230777034392,47993.1994,17511
vsp-setup-d4b700aabe385dc69149,2025-12-14T19:40:00+00:00,2025-12-14T19:35:00+00:00,buy,47359.587199999994,47026.92102107143,47955.3537,1.790883888223389,47993.1994,17515
vsp-setup-b59af3dc07c5fb26ece6,2025-12-14T23:10:00+00:00,2025-12-14T23:05:00+00:00,buy,46452.54695,46131.00766464286,47063.2183,1.8992122512236715,47504.8407,17557
vsp-setup-0cbe434e6c51cdf81507,2025-12-14T23:30:00+00:00,2025-12-14T23:25:00+00:00,buy,46745.8006,46130.921879285714,47955.3537,1.9671409324344336,47993.1994,17561
vsp-setup-a029f9ed88b96946d7f9,2025-12-15T01:00:00+00:00,2025-12-15T00:55:00+00:00,buy,46722.850000000006,46445.729479285714,47504.8407,2.821843355318381,47955.3537,17579
vsp-setup-b2544f0b275cf20b0ffb,2025-12-15T01:15:00+00:00,2025-12-15T01:10:00+00:00,buy,46956.3551,46479.78666714286,47955.3537,2.0962332607947998,47993.1994,17582
vsp-setup-f588c2db56b00d96c19f,2025-12-15T06:00:00+00:00,2025-12-15T05:55:00+00:00,buy,46571.78435,46228.07546714286,47414.0468,2.4505111505950428,47492.5952,17639
vsp-setup-650c04f2355d727d9e67,2025-12-15T08:30:00+00:00,2025-12-15T08:25:00+00:00,buy,46230.2276,45951.106491785715,46697.0925,1.672624843698974,46698.5433,17669
vsp-setup-4fc8aedd04cce718763f,2025-12-15T08:40:00+00:00,2025-12-15T08:35:00+00:00,buy,46326.40465,45915.274878928576,47414.0468,2.6454959638791435,47492.5952,17671
vsp-setup-6229272d4ce49137d209,2025-12-15T09:30:00+00:00,2025-12-15T09:25:00+00:00,buy,46423.76055,46125.71208785714,47414.0468,3.3225678900679174,47492.5952,17681
vsp-setup-8cab5d1671a1a36ca6ec,2025-12-15T09:35:00+00:00,2025-12-15T09:30:00+00:00,buy,46589.56715,46125.949728214284,47414.0468,1.7783620961100626,47492.5952,17682
vsp-setup-574bfa595776437f86eb,2025-12-15T11:20:00+00:00,2025-12-15T11:15:00+00:00,buy,46957.74105,46347.49590285715,47955.3537,1.6347735900413065,47993.1994,17703
vsp-setup-6d272fd24a25832b9758,2025-12-15T13:05:00+00:00,2025-12-15T13:00:00+00:00,buy,46957.74105,46347.940446428576,47955.3537,1.6359653371237783,47993.1994,17724
vsp-setup-b59737371fd9369ec395,2025-12-15T18:50:00+00:00,2025-12-15T18:45:00+00:00,buy,46511.27575,46257.55401857143,46971.7644,1.8149357857808635,46999.6502,17793
vsp-setup-480bf271715e7806ee51,2025-12-15T19:05:00+00:00,2025-12-15T19:00:00+00:00,buy,46727.2615,46369.806862142854,47344.5979,1.727034243284074,47415.5319,17796
vsp-setup-3a1a22f72cf3548ac6dd,2025-12-15T20:55:00+00:00,2025-12-15T20:50:00+00:00,buy,46588.594,46108.63471107143,47344.5979,1.575141720223098,47415.5319,17818
vsp-setup-eb1034c469fc0c6b9bc0,2025-12-15T21:05:00+00:00,2025-12-15T21:00:00+00:00,buy,46588.594,46108.647848571425,47344.5979,1.5751848363607837,47415.5319,17820
vsp-setup-2172fa81ce5778cd7c2d,2025-12-15T21:50:00+00:00,2025-12-15T21:45:00+00:00,buy,46724.405750000005,46428.22304178571,47344.5979,2.0939512429310314,47415.5319,17829
vsp-setup-fa45bd9212833f4d7582,2025-12-15T22:15:00+00:00,2025-12-15T22:10:00+00:00,buy,47057.7553,46585.69482392857,48047.6263,2.0969156499563213,,17834
vsp-setup-62cf03360d9f96fcba41,2025-12-15T23:20:00+00:00,2025-12-15T23:15:00+00:00,buy,46741.531,46533.42874142857,47232.1809,2.3577346222390068,47344.5979,17847
vsp-setup-9e36611ebd47dd1d4613,2025-12-15T23:45:00+00:00,2025-12-15T23:40:00+00:00,buy,46891.6225,46533.85878857143,47481.033,1.6474854245179322,47492.5952,17852
vsp-setup-6649c674742455de23d0,2025-12-16T00:00:00+00:00,2025-12-15T23:55:00+00:00,buy,46817.6487,46685.82164892858,47080.7014,1.9954379458695772,47232.1809,17855
vsp-setup-983788d3149b16ca163f,2025-12-16T05:30:00+00:00,2025-12-16T05:25:00+00:00,buy,47632.645749999996,47053.94847964286,48518.2408,1.5303252587548362,,17921
vsp-setup-23c5bd635d9ebe808955,2025-12-16T18:50:00+00:00,2025-12-16T18:45:00+00:00,sell,46478.707,47495.20487392857,44404.5328,2.0405101212693384,42557.4026,18081
vsp-setup-7013b506bdc2e060d2e6,2025-12-17T00:45:00+00:00,2025-12-17T00:40:00+00:00,buy,47571.8059,47319.195263214286,48494.5966,3.6530160081215777,48532.6,18152
vsp-setup-f00a469dc83264a95962,2025-12-17T01:05:00+00:00,2025-12-17T01:00:00+00:00,sell,47494.42795,47690.24078821429,47149.8659,1.7596499450302943,47128.9635,18156
vsp-setup-2d1810431dd61e97c104,2025-12-17T01:25:00+00:00,2025-12-17T01:20:00+00:00,sell,47195.990600000005,47491.17920357143,46700.6225,1.6781410054678567,46677.4473,18160
vsp-setup-a72acd1c839c735ce71d,2025-12-17T07:15:00+00:00,2025-12-17T07:10:00+00:00,sell,45510.308950000006,46317.35340428571,42557.4026,3.6589141209247753,41267.9805,18230
vsp-setup-920bf9edef502cebc4ef,2025-12-17T12:20:00+00:00,2025-12-17T12:15:00+00:00,sell,46951.6549,47334.26361607143,46278.7036,1.7588498947691642,45429.656,18291
vsp-setup-c9c4f5537d067bff3258,2025-12-17T12:50:00+00:00,2025-12-17T12:45:00+00:00,sell,46621.1829,47224.651809285715,45429.656,1.974462779549531,45383.8236,18297
vsp-setup-486fb5087c47cd6a6998,2025-12-17T20:35:00+00:00,2025-12-17T20:30:00+00:00,buy,48338.3825,48186.40863392857,49158.6473,5.397406943733795,,18390
vsp-setup-544a35e3dccc1dfe6a20,2025-12-17T23:00:00+00:00,2025-12-17T22:55:00+00:00,buy,48125.062000000005,47816.92731071429,48870.7698,2.420070916807871,49158.6473,18419
vsp-setup-ccede342894dcdabe89d,2025-12-17T23:15:00+00:00,2025-12-17T23:10:00+00:00,buy,48104.637650000004,47816.903946071434,48870.7698,2.662643060370117,49158.6473,18422
vsp-setup-5cb50a8dfd09835b1d09,2025-12-17T23:55:00+00:00,2025-12-17T23:50:00+00:00,buy,48370.537150000004,48091.37224964285,48870.7698,1.7918894866798185,49158.6473,18430
vsp-setup-08ad540300cf5aa7a6e7,2025-12-18T00:50:00+00:00,2025-12-18T00:45:00+00:00,buy,48428.5062,48101.525772857145,49158.6473,2.2329810575511706,,18441
vsp-setup-5f5b5a18143fb2730d04,2025-12-18T07:05:00+00:00,2025-12-18T07:00:00+00:00,sell,45915.787299999996,47532.26244107143,42557.4026,2.077597492636969,41267.9805,18516
vsp-setup-2fbc8586517b8c34ff65,2025-12-18T15:15:00+00:00,2025-12-18T15:10:00+00:00,sell,46442.521349999995,46936.44291285714,45210.6955,2.493970586897143,45154.9603,18614
vsp-setup-0dce8fd0e7dee1144fbb,2025-12-18T18:30:00+00:00,2025-12-18T18:25:00+00:00,sell,46566.82215,46938.21799285714,45210.6955,3.6514319588699156,45154.9603,18653
vsp-setup-869dd698172ed1802b29,2025-12-18T19:40:00+00:00,2025-12-18T19:35:00+00:00,sell,46719.2643,46994.609581428565,46280.6623,1.592916347519804,45210.6955,18667
vsp-setup-e6b6cd3adfaf4e72ccf5,2025-12-19T03:45:00+00:00,2025-12-19T03:40:00+00:00,buy,47572.1871,46824.712995,49158.6473,2.122428308068266,,18764
vsp-setup-b7019671b225e313c54c,2025-12-19T06:30:00+00:00,2025-12-19T06:25:00+00:00,buy,47099.4075,46841.56228535715,47714.3035,2.384748543236318,47936.9512,18797
vsp-setup-8809cfdac7d0f78311c5,2025-12-19T06:55:00+00:00,2025-12-19T06:50:00+00:00,buy,47344.856,46841.95597821429,48534.2821,2.36513431790389,48870.7698,18802
vsp-setup-710a290adcf831823082,2025-12-19T09:45:00+00:00,2025-12-19T09:40:00+00:00,buy,47405.97665,46842.451387500005,48534.2821,2.0022269187976565,48870.7698,18836
vsp-setup-a3cb3a997b27cc886bed,2025-12-19T10:05:00+00:00,2025-12-19T10:00:00+00:00,sell,47128.03095,47697.8227725,45210.6955,3.3649753722114686,45154.9603,18840
vsp-setup-60b2e23bc2d62b03ddb1,2025-12-19T11:35:00+00:00,2025-12-19T11:30:00+00:00,sell,46577.496499999994,46998.634041071426,45210.6955,3.2454978877510245,45154.9603,18858
vsp-setup-39397e5b7ee9ab707008,2025-12-19T13:05:00+00:00,2025-12-19T13:00:00+00:00,sell,46998.121849999996,47415.147346785714,46363.0087,1.522959998597736,46306.8378,18876
vsp-setup-f69549cc6cabbae6270c,2025-12-19T14:15:00+00:00,2025-12-19T14:10:00+00:00,sell,46792.7941,47317.361248928566,45154.9603,3.1222576620463,44404.5328,18890
vsp-setup-f50af5ca1a2c6e1c65c5,2025-12-19T16:00:00+00:00,2025-12-19T15:55:00+00:00,sell,46516.140100000004,47078.276607142856,45154.9603,2.421439957561942,44404.5328,18911
vsp-setup-9a4ab8a3141ef24846c9,2025-12-19T20:50:00+00:00,2025-12-19T20:45:00+00:00,sell,46086.027799999996,46932.0554475,44404.5328,1.9875177897185476,42557.4026,18969
vsp-setup-59737214ad1f4850c9cb,2025-12-20T02:45:00+00:00,2025-12-20T02:40:00+00:00,sell,45478.1769,45850.600372857145,44404.5328,2.882858300426795,42557.4026,19040
vsp-setup-301e90558d6d9f6170e9,2025-12-20T04:05:00+00:00,2025-12-20T04:00:00+00:00,sell,45373.34955,46101.06629357143,42557.4026,3.8695646003417785,41267.9805,19056
vsp-setup-2ba0ad45646fe16d2117,2025-12-20T06:05:00+00:00,2025-12-20T06:00:00+00:00,sell,45373.34955,46100.820235,42557.4026,3.870873435951576,41267.9805,19080
vsp-setup-d5c39a66bc5317ae63af,2025-12-20T06:25:00+00:00,2025-12-20T06:20:00+00:00,sell,45569.837499999994,46060.2906025,44404.5328,2.375975794749887,42557.4026,19084
vsp-setup-5adf7ffc083c82e61856,2025-12-20T07:15:00+00:00,2025-12-20T07:10:00+00:00,sell,45420.16745,46059.38617571429,44404.5328,1.5888687379505222,42557.4026,19094
vsp-setup-a3a2100ccef950f6cfb7,2025-12-20T10:45:00+00:00,2025-12-20T10:40:00+00:00,sell,45475.73285,45705.97230071429,45034.9321,1.914531799969437,44994.6643,19136
vsp-setup-fcccd86a96209171ba63,2025-12-20T11:05:00+00:00,2025-12-20T11:00:00+00:00,sell,45268.529200000004,45707.08042464286,44404.5328,1.9701151232757814,42557.4026,19140
vsp-setup-2e0efc5d29f3297b944f,2025-12-20T11:15:00+00:00,2025-12-20T11:10:00+00:00,sell,45478.60675,45706.925910000005,45034.9321,1.9432212784944918,44994.6643,19142
vsp-setup-ec06331e5fbfde7a4bf2,2025-12-20T16:05:00+00:00,2025-12-20T16:00:00+00:00,sell,44959.243,45203.35950785714,44359.8846,2.4552145418644407,42557.4026,19200
vsp-setup-28465aaac8918c970e97,2025-12-20T16:15:00+00:00,2025-12-20T16:10:00+00:00,sell,44919.3902,45204.11022714285,44359.8846,1.965107989116918,42557.4026,19202
vsp-setup-a9c278e6bfa6a067873a,2025-12-20T16:55:00+00:00,2025-12-20T16:50:00+00:00,sell,44759.74715,45244.49663285714,42557.4026,4.543263330616218,41267.9805,19210
vsp-setup-7fdc39980db4369b0ca6,2025-12-20T18:15:00+00:00,2025-12-20T18:10:00+00:00,sell,44744.44815,45105.21081642857,42557.4026,6.062283471987308,41267.9805,19226
vsp-setup-b9c938f05cc1091f6595,2025-12-20T19:25:00+00:00,2025-12-20T19:20:00+00:00,sell,44666.5507,44853.82532428572,44359.8846,1.6375208396207162,42557.4026,19240
vsp-setup-dcd647cb90f9cb37ec6b,2025-12-20T21:50:00+00:00,2025-12-20T21:45:00+00:00,sell,45016.1345,45202.21617464286,44629.896,2.075639639106277,44546.8581,19269
vsp-setup-00c4430e2eada57b478b,2025-12-21T01:15:00+00:00,2025-12-21T01:10:00+00:00,sell,45127.7791,45345.99423464286,44629.896,2.2816158045813806,44546.8581,19310
vsp-setup-a00399e44ebcda3950a9,2025-12-21T01:30:00+00:00,2025-12-21T01:25:00+00:00,sell,44887.4206,45467.761776785715,42557.4026,4.01491069943555,41267.9805,19313
vsp-setup-060301e8102d5eee7851,2025-12-21T04:25:00+00:00,2025-12-21T04:20:00+00:00,sell,44922.881,45198.245332142855,44434.6315,1.7731036412758931,44359.8846,19348
vsp-setup-9058c3c7d1a35ca793e7,2025-12-21T05:05:00+00:00,2025-12-21T05:00:00+00:00,sell,44922.881,45198.66507142857,44434.6315,1.770405003707611,44359.8846,19356
vsp-setup-9c3784b202901a205036,2025-12-21T07:25:00+00:00,2025-12-21T07:20:00+00:00,sell,44255.75385,45245.453996428565,42557.4026,1.716026067217103,41267.9805,19384
vsp-setup-416242ff1e33af3aca12,2025-12-21T15:25:00+00:00,2025-12-21T15:20:00+00:00,sell,43713.223249999995,44168.539731071425,42557.4026,2.5384994790440496,41267.9805,19480
vsp-setup-2b37f672abc72e8066a8,2025-12-22T00:45:00+00:00,2025-12-22T00:40:00+00:00,buy,44518.6802,44240.593315,45074.0722,1.9971887563125867,45375.1033,19592
vsp-setup-62d94d2c819489aca37b,2025-12-22T01:15:00+00:00,2025-12-22T01:10:00+00:00,buy,44548.2849,44268.907538214284,45074.0722,1.8819967968746416,45375.1033,19598
vsp-setup-2cf7c1030896a81a9798,2025-12-22T23:10:00+00:00,2025-12-22T23:05:00+00:00,sell,41440.67275,41612.24573357143,41048.0424,2.2884159372127355,40881.0114,19861
vsp-setup-f196b6bec4dc48623cf9,2025-12-22T23:25:00+00:00,2025-12-22T23:20:00+00:00,sell,41377.84865,41637.580655000005,40881.0114,1.9128842053946595,,19864
vsp-setup-9d721f041c712d2a3480,2025-12-23T07:20:00+00:00,2025-12-23T07:15:00+00:00,buy,41283.38665,40872.28538357143,42393.2152,2.6996476066386053,42647.2827,19959
vsp-setup-33cd9cabc8b85f41b7a8,2025-12-23T09:10:00+00:00,2025-12-23T09:05:00+00:00,buy,42044.90405,41224.07184928572,45476.7967,4.18099173864477,45926.0766,19981
vsp-setup-9e6f0ef81a4ca551932c,2025-12-23T18:35:00+00:00,2025-12-23T18:30:00+00:00,buy,42834.681599999996,42555.65122535714,43378.1826,1.9478201994878126,44109.2447,20094
vsp-setup-4ba3445aa89dd73f8579,2025-12-24T01:15:00+00:00,2025-12-24T01:10:00+00:00,sell,42506.724,42929.01970392857,41813.8324,1.6407734995978214,41599.5358,20174
vsp-setup-3b09d7f906650c96741f,2025-12-24T04:35:00+00:00,2025-12-24T04:30:00+00:00,sell,41539.661550000004,42063.81766642857,40748.1116,1.5101415879554696,,20214
vsp-setup-af4c9472c09e77263cdd,2025-12-24T10:40:00+00:00,2025-12-24T10:35:00+00:00,sell,41569.9704,41957.31989428572,40879.0498,1.7837137009151545,40748.1116,20287
vsp-setup-4c52363df3a90bd9ffe1,2025-12-25T02:55:00+00:00,2025-12-25T02:50:00+00:00,buy,42420.1426,41815.56431464286,43488.2375,1.7666775765342928,44109.2447,20482
vsp-setup-fca47ff5cd9242e430b0,2025-12-25T03:05:00+00:00,2025-12-25T03:00:00+00:00,buy,42420.1426,41816.09941357143,43488.2375,1.7682426091338874,44109.2447,20484
vsp-setup-93c5d6cbe188b9e47219,2025-12-25T04:55:00+00:00,2025-12-25T04:50:00+00:00,buy,42629.41855,42010.33237285714,45476.7967,4.599324383466138,45926.0766,20506
vsp-setup-49e7280354add2493999,2025-12-25T09:20:00+00:00,2025-12-25T09:15:00+00:00,buy,40866.620800000004,40207.31718428571,42251.9757,2.1012396519304675,42557.71,20559
vsp-setup-ea6f8bad74d2dfaf2cb4,2025-12-25T09:50:00+00:00,2025-12-25T09:45:00+00:00,buy,41182.99355,40207.0359475,42729.6735,1.5847819065480355,42794.0818,20565
vsp-setup-e9a25ed1a2ac107d47c6,2025-12-25T13:30:00+00:00,2025-12-25T13:25:00+00:00,buy,41340.41265,40990.559043214285,42251.9757,2.6055556733429386,42557.71,20609
vsp-setup-81dd59f50c18d79fcc2b,2025-12-25T14:00:00+00:00,2025-12-25T13:55:00+00:00,buy,41428.4075,40989.27841714286,42251.9757,1.8754581104980528,42557.71,20615
vsp-setup-8b1128947bb5cec3e22f,2025-12-25T15:50:00+00:00,2025-12-25T15:45:00+00:00,buy,41743.4725,41558.684217857146,42251.9757,2.751815180612382,42557.71,20637
vsp-setup-d293fc92da1f003ed640,2025-12-25T18:50:00+00:00,2025-12-25T18:45:00+00:00,buy,41657.3634,41142.52646607143,42557.71,1.748799553151158,42729.6735,20673
vsp-setup-249d8fa11e31b0d95181,2025-12-25T19:05:00+00:00,2025-12-25T19:00:00+00:00,buy,41657.3634,41143.19938535715,42557.71,1.751088318822527,42729.6735,20676
vsp-setup-9cde7232652c6830b758,2025-12-25T21:10:00+00:00,2025-12-25T21:05:00+00:00,buy,41576.8133,41237.36338892857,42251.9757,1.9889897683841924,42557.71,20701
vsp-setup-05de88b93a7d9619d766,2025-12-25T21:35:00+00:00,2025-12-25T21:30:00+00:00,buy,41656.5933,41420.34433035714,42251.9757,2.520148133979367,42557.71,20706
vsp-setup-9e9da174cb7bdc686864,2025-12-25T22:40:00+00:00,2025-12-25T22:35:00+00:00,buy,41459.1184,41264.29804678572,41802.6962,1.7635621449782686,41803.7264,20719
vsp-setup-8480c1c4562ebfcd1b02,2025-12-26T01:05:00+00:00,2025-12-26T01:00:00+00:00,buy,41831.805850000004,41557.2907875,42335.7992,1.8359406052627536,42557.71,20748
vsp-setup-887e3a26ac3145e0708e,2025-12-26T01:40:00+00:00,2025-12-26T01:35:00+00:00,buy,42091.439450000005,41615.80349892857,43488.2375,2.936695695212963,45476.7967,20755
vsp-setup-1f22bfbf964460f05bb7,2025-12-26T12:30:00+00:00,2025-12-26T12:25:00+00:00,buy,42965.0582,42737.935586785716,43350.0904,1.6952614033052467,43520.5378,20885
vsp-setup-f30f752a9c2e04891302,2025-12-26T12:40:00+00:00,2025-12-26T12:35:00+00:00,buy,43117.6753,42819.07246892857,43623.3781,1.6935633134671275,43726.9352,20887
vsp-setup-79fa9a8ad7a51f5f8b25,2025-12-26T12:50:00+00:00,2025-12-26T12:45:00+00:00,buy,43213.771,42819.17380464286,45476.7967,5.735027330723363,45926.0766,20889
vsp-setup-c248236e2d3a84583f62,2025-12-26T14:20:00+00:00,2025-12-26T14:15:00+00:00,buy,43324.5637,43007.227463928575,45476.7967,6.782184810169589,45926.0766,20907
vsp-setup-cf2f2194a4644a2e5df6,2025-12-26T15:10:00+00:00,2025-12-26T15:05:00+00:00,buy,43189.69835,43005.48169857143,43623.3781,2.3541832219665557,43726.9352,20917
vsp-setup-72f44b67c893529a459a,2025-12-26T17:00:00+00:00,2025-12-26T16:55:00+00:00,buy,44226.80545,43243.210047857145,45926.0766,1.727611928947592,45970.5106,20939
vsp-setup-86e413e27ae66515b17d,2025-12-26T20:00:00+00:00,2025-12-26T19:55:00+00:00,buy,43607.5551,43275.55226964286,44401.5992,2.3916787069129493,45476.7967,20975
vsp-setup-b3c1d81a8089bb86468b,2025-12-27T12:35:00+00:00,2025-12-27T12:30:00+00:00,buy,44169.0362,43660.8163475,44963.6639,1.563551081468208,46668.5263,21174
vsp-setup-e961faca64bbd463fa3a,2025-12-27T12:55:00+00:00,2025-12-27T12:50:00+00:00,buy,44452.3134,44028.601181428574,46668.5263,5.230467290917671,47174.642,21178
vsp-setup-0d3a3dc3e35aaee69d0b,2025-12-27T13:25:00+00:00,2025-12-27T13:20:00+00:00,buy,44866.6302,44443.33805892857,46668.5263,4.256861692350548,47174.642,21184
vsp-setup-a7ce1f12c73710a2cb39,2025-12-27T13:45:00+00:00,2025-12-27T13:40:00+00:00,buy,44953.8533,44443.41630285714,46668.5263,3.3592255451657524,47174.642,21188
vsp-setup-5c9e3779be528aa1fc65,2025-12-27T15:05:00+00:00,2025-12-27T15:00:00+00:00,buy,44973.5676,44455.30997678571,46668.5263,3.2704944878334454,47174.642,21204
vsp-setup-2829efae1d5f70db102f,2025-12-27T19:55:00+00:00,2025-12-27T19:50:00+00:00,buy,45982.8917,45320.89860571428,47174.642,1.8002458187058346,47410.34,21262
vsp-setup-0e8109ff1810b83570a7,2025-12-28T03:00:00+00:00,2025-12-28T02:55:00+00:00,buy,46406.89245,46184.72035857143,47029.6692,2.8031277285798426,47186.7835,21347
vsp-setup-b6a5ba9ab3d2a79f584c,2025-12-28T05:50:00+00:00,2025-12-28T05:45:00+00:00,buy,46497.190350000004,46169.82923142857,47029.6692,1.6265793944121114,47186.7835,21381
vsp-setup-916287bc54fb51b87d42,2025-12-28T07:15:00+00:00,2025-12-28T07:10:00+00:00,buy,46656.460699999996,46413.58577571429,47029.6692,1.53662837403903,47186.7835,21398
vsp-setup-5c7252cf57cb591b4855,2025-12-28T09:05:00+00:00,2025-12-28T09:00:00+00:00,sell,45946.6918,46733.41418107143,44462.1395,1.8870091098440713,44451.2085,21420
vsp-setup-1a4ee821336a6ad2c35b,2025-12-28T09:45:00+00:00,2025-12-28T09:40:00+00:00,sell,46123.699349999995,46733.995748928566,44952.2959,1.9194008879234745,44462.1395,21428
vsp-setup-722587297c723cb8becd,2025-12-28T18:10:00+00:00,2025-12-28T18:05:00+00:00,buy,47367.782600000006,47121.807609285715,47906.5697,2.1904141491596447,47936.9512,21529
vsp-setup-b4e9629f263c20635bba,2025-12-28T20:10:00+00:00,2025-12-28T20:05:00+00:00,buy,46910.210999999996,46707.627035,47262.9902,1.7413974496945401,47522.0206,21553
vsp-setup-4f177477013afe927752,2025-12-28T20:20:00+00:00,2025-12-28T20:15:00+00:00,buy,47072.273,46707.00121142857,47906.5697,2.2840436247839313,47936.9512,21555
vsp-setup-5a5d2c688960a4acda9c,2025-12-29T00:45:00+00:00,2025-12-29T00:40:00+00:00,buy,46525.4923,46149.05812964286,47217.9492,1.8395165862414622,47262.9902,21608
vsp-setup-984d1e42e53fdd59e293,2025-12-29T01:00:00+00:00,2025-12-29T00:55:00+00:00,buy,46620.7192,46149.07747464286,47522.0206,1.910987411721282,47906.5697,21611
vsp-setup-a50b6b99d777c65d6580,2025-12-29T01:15:00+00:00,2025-12-29T01:10:00+00:00,sell,46360.831300000005,47062.436785714286,43669.1205,3.836501929940967,43523.2324,21614
vsp-setup-441a07e95679ddfde9cf,2025-12-29T14:10:00+00:00,2025-12-29T14:05:00+00:00,sell,42520.96785,43224.43943642857,41151.1142,1.94727644502966,40214.8733,21769
vsp-setup-d44555af7bbcb9195499,2025-12-29T17:35:00+00:00,2025-12-29T17:30:00+00:00,sell,43103.594450000004,43555.886895714284,42376.7729,1.606972561419133,41151.1142,21810
vsp-setup-7b24fcd574c1874889f8,2025-12-29T19:10:00+00:00,2025-12-29T19:05:00+00:00,sell,42703.2966,43014.552429642856,41151.1142,4.986838003262545,40214.8733,21829
vsp-setup-de3b18c33a6e0b2333c4,2025-12-29T21:05:00+00:00,2025-12-29T21:00:00+00:00,sell,42778.32395,43062.658129285715,41151.1142,5.7228777563349835,40214.8733,21852
vsp-setup-5a0c225cdb0460a6fb03,2025-12-29T22:30:00+00:00,2025-12-29T22:25:00+00:00,sell,42565.648499999996,42854.527448571425,41151.1142,4.896633371850657,40214.8733,21869
vsp-setup-5d626c03202245e47c5f,2025-12-30T01:05:00+00:00,2025-12-30T01:00:00+00:00,sell,43390.4388,43673.81479821429,42499.9095,3.1425713737639436,42440.7441,21900
vsp-setup-326921a1c6384b4fe978,2025-12-30T01:40:00+00:00,2025-12-30T01:35:00+00:00,sell,43331.4972,43589.78931964286,42499.9095,3.2195628002504084,42440.7441,21907
vsp-setup-0366322214e5b310ec9f,2025-12-30T01:50:00+00:00,2025-12-30T01:45:00+00:00,sell,43143.88955,43590.08541571429,42440.7441,1.5758672458212288,42376.7729,21909
vsp-setup-e7b2a5180d7665753f14,2025-12-30T02:10:00+00:00,2025-12-30T02:05:00+00:00,sell,42798.8138,43590.26183035714,41151.1142,2.081879715155116,40214.8733,21913
vsp-setup-49c725504f8ea84b4185,2025-12-30T03:10:00+00:00,2025-12-30T03:05:00+00:00,sell,42627.50315,43050.75455821429,41151.1142,3.4882080043842096,40214.8733,21925
vsp-setup-450ca3b69ced337f8877,2025-12-30T07:05:00+00:00,2025-12-30T07:00:00+00:00,sell,42935.28835,43437.843571071426,41151.1142,3.550205181823058,40214.8733,21972
vsp-setup-eab2576716582b721de8,2025-12-30T09:55:00+00:00,2025-12-30T09:50:00+00:00,sell,43441.40245,43793.475941071425,42779.3086,1.8805558123252415,42667.6348,22006
vsp-setup-2e5a7e7708f7d6a61a71,2025-12-30T10:15:00+00:00,2025-12-30T10:10:00+00:00,sell,43333.59495,43793.0047125,42625.8688,1.540511777870639,42442.4999,22010
vsp-setup-d33fb08bf26f6d1ac674,2025-12-30T10:50:00+00:00,2025-12-30T10:45:00+00:00,sell,43142.6939,43794.290605,41151.1142,3.0564606676456165,40214.8733,22017
vsp-setup-905dffe937e0bfc8f74a,2025-12-31T01:05:00+00:00,2025-12-31T01:00:00+00:00,buy,45958.0796,45543.779918571425,47906.5697,4.703093406399186,47936.9512,22188
vsp-setup-5e9c6545eba58efbe7d5,2025-12-31T11:20:00+00:00,2025-12-31T11:15:00+00:00,buy,44075.04595,43513.972735714284,45558.3269,2.643649549173929,45595.4368,22311
vsp-setup-a11e5344fdc29873fb07,2025-12-31T11:55:00+00:00,2025-12-31T11:50:00+00:00,buy,44328.8689,43514.713970714285,45558.3269,1.5101032442051796,45595.4368,22318
vsp-setup-95b55d92cb35cfcdd88b,2025-12-31T18:40:00+00:00,2025-12-31T18:35:00+00:00,sell,42552.436,43189.90965285714,41151.1142,2.19824269398322,40214.8733,22399
vsp-setup-ec5936d1056de15eccd0,2025-12-31T21:50:00+00:00,2025-12-31T21:45:00+00:00,sell,42681.6587,43217.84646607143,41151.1142,2.854493512998388,40214.8733,22437
vsp-setup-f73d54bc7b18df3d3ebb,2025-12-31T23:55:00+00:00,2025-12-31T23:50:00+00:00,sell,42262.8966,43008.168398214286,40214.8733,2.748022003391491,,22462
vsp-setup-72e60f98b90f11c5308e,2026-01-01T04:25:00+00:00,2026-01-01T04:20:00+00:00,sell,42262.8966,43009.30657964286,40214.8733,2.743831615139903,,22516
vsp-setup-55724398b795961da03e,2026-01-01T07:00:00+00:00,2026-01-01T06:55:00+00:00,sell,42409.369999999995,42767.80129857142,41151.1142,3.510451807682325,40214.8733,22547
vsp-setup-87173e0d85817ab9f632,2026-01-01T09:00:00+00:00,2026-01-01T08:55:00+00:00,sell,42351.482749999996,42824.29570392857,41151.1142,2.538781012715929,40214.8733,22571
vsp-setup-1c60e5a6fce95204a8f4,2026-01-01T09:05:00+00:00,2026-01-01T09:00:00+00:00,sell,42351.482749999996,42824.48655821428,41151.1142,2.537756629342374,40214.8733,22572
vsp-setup-3982083ef3ed7d8f6e0d,2026-01-01T16:25:00+00:00,2026-01-01T16:20:00+00:00,sell,41112.3209,41710.047235357146,40214.8733,1.5014356017353097,,22660
vsp-setup-55158b110297d7ebb492,2026-01-01T22:00:00+00:00,2026-01-01T21:55:00+00:00,sell,42111.664300000004,42368.34911071428,41549.249,2.191073552170701,41416.2768,22727
vsp-setup-ac42cab2c1ae6791b384,2026-01-01T23:45:00+00:00,2026-01-01T23:40:00+00:00,sell,42356.86945,42606.46563678571,41963.4722,1.5761348563299553,41767.7433,22748
vsp-setup-f4f31ce47cf5dafb784a,2026-01-02T00:00:00+00:00,2026-01-01T23:55:00+00:00,sell,42227.4007,42606.32704392857,41549.249,1.7896662791221192,41416.2768,22751
vsp-setup-1b9b62e3e7c09f30cdf2,2026-01-02T00:10:00+00:00,2026-01-02T00:05:00+00:00,sell,42079.758350000004,42606.51337785714,40966.7864,2.1128833919775345,40214.8733,22753
vsp-setup-bd200b08659756ae5180,2026-01-02T00:30:00+00:00,2026-01-02T00:25:00+00:00,sell,41969.910650000005,42606.319521071426,40966.7864,1.576226064088653,40214.8733,22757
vsp-setup-06f4be9db149b99cbf9d,2026-01-02T01:25:00+00:00,2026-01-02T01:20:00+00:00,sell,41995.16915,42276.18972285714,41549.249,1.5867882748452355,41416.2768,22768
vsp-setup-b428233e7a4d8fb5845f,2026-01-02T02:10:00+00:00,2026-01-02T02:05:00+00:00,sell,41931.88465,42273.27918464286,41416.2768,1.5102990753480865,40966.7864,22777
vsp-setup-24d05c6daf32e1a56112,2026-01-02T02:50:00+00:00,2026-01-02T02:45:00+00:00,sell,41679.390400000004,42201.586031428575,40214.8733,2.804537249753554,,22785
vsp-setup-740174441fdb081bf03f,2026-01-02T08:05:00+00:00,2026-01-02T08:00:00+00:00,sell,42397.06115,42728.48648857143,41835.0138,1.6958490633898042,41753.3511,22848
vsp-setup-a7630a201b8efbfed01a,2026-01-02T08:15:00+00:00,2026-01-02T08:10:00+00:00,sell,42300.75,42728.710758928566,41598.5888,1.6407139798469348,41549.249,22850
vsp-setup-6d8e12da53b3998d609f,2026-01-02T08:25:00+00:00,2026-01-02T08:20:00+00:00,sell,42221.161,42728.520666428565,41416.2768,1.586417394322625,40966.7864,22852
vsp-setup-db326d84ac6d72bdbf12,2026-01-02T09:30:00+00:00,2026-01-02T09:25:00+00:00,sell,41792.12105,42729.58457178571,40214.8733,1.682463064798102,,22865
vsp-setup-161e3662e6f8c56ea99b,2026-01-02T10:45:00+00:00,2026-01-02T10:40:00+00:00,sell,41691.97435,42126.966211071434,40966.7864,1.6671299279342235,40214.8733,22880
vsp-setup-295f1257b8981445b8da,2026-01-02T12:05:00+00:00,2026-01-02T12:00:00+00:00,sell,42238.259600000005,42490.75009857143,41573.8793,2.63130812350971,41549.249,22896
vsp-setup-5bf38165f680a57f364d,2026-01-02T14:05:00+00:00,2026-01-02T14:00:00+00:00,buy,42155.25810000001,41983.01014678572,42432.6843,1.6106211703709177,42482.0653,22920
vsp-setup-763105ecaba64966c0ae,2026-01-02T14:20:00+00:00,2026-01-02T14:15:00+00:00,buy,42264.1992,42079.86254107142,42722.1116,2.484109252394607,42768.2507,22923
vsp-setup-e920a4303448e22325a0,2026-01-03T01:00:00+00:00,2026-01-03T00:55:00+00:00,buy,44278.896349999995,43793.13230107143,46279.6027,4.11867933498355,47906.5697,23051
vsp-setup-b8cd6b420325277b5822,2026-01-03T01:15:00+00:00,2026-01-03T01:10:00+00:00,buy,44340.211299999995,43793.21717214286,46279.6027,3.5455433636877025,47906.5697,23054
vsp-setup-a9cdefaf9ec0e9f1f6f5,2026-01-03T03:00:00+00:00,2026-01-03T02:55:00+00:00,buy,43988.39805,43457.90243464286,44936.6441,1.787471983838389,45003.2043,23075
vsp-setup-b6115500d144685fdf49,2026-01-03T03:10:00+00:00,2026-01-03T03:05:00+00:00,buy,44155.167100000006,43612.71558928572,45003.2043,1.5633419453165809,45558.3269,23077
vsp-setup-b7f143b28f462abf7c2b,2026-01-03T03:50:00+00:00,2026-01-03T03:45:00+00:00,buy,44443.665,44100.10270285715,45003.2043,1.6286400011097282,45558.3269,23085
vsp-setup-28052ba1825da06d02ae,2026-01-03T04:35:00+00:00,2026-01-03T04:30:00+00:00,buy,44772.78255,44283.20174285715,46279.6027,3.0777761873339227,47906.5697,23094
vsp-setup-eb355d578abe0018b6bc,2026-01-03T07:00:00+00:00,2026-01-03T06:55:00+00:00,buy,44919.405750000005,44455.03874357143,46279.6027,2.929142103486649,47906.5697,23123
vsp-setup-e7c85622007209d3e264,2026-01-03T10:00:00+00:00,2026-01-03T09:55:00+00:00,buy,45181.0374,44715.09879392857,46279.6027,2.357746891296629,47906.5697,23159
vsp-setup-cee97013ed0c0da9f87f,2026-01-03T11:45:00+00:00,2026-01-03T11:40:00+00:00,buy,44660.9244,44488.686630357144,44925.1142,1.533866819965251,45316.8802,23180
vsp-setup-913142a2ea56d430a156,2026-01-03T14:10:00+00:00,2026-01-03T14:05:00+00:00,buy,44513.11655,44271.76081607143,44925.1142,1.7070141375714678,45316.8802,23209
vsp-setup-49ee92ae5a2017a475dc,2026-01-03T15:35:00+00:00,2026-01-03T15:30:00+00:00,sell,44144.7176,44634.231003928566,43360.3939,1.6022517334672661,43072.1824,23226
vsp-setup-97ba1770f60adece0648,2026-01-04T00:20:00+00:00,2026-01-04T00:15:00+00:00,sell,43756.1902,43998.96078107143,43141.194,2.533240219164112,43105.5575,23331
vsp-setup-b6be025e371ef1a2be48,2026-01-04T03:50:00+00:00,2026-01-04T03:45:00+00:00,sell,43726.0996,44773.34262214286,41573.8793,2.055129759276074,41549.249,23373
vsp-setup-c62243809bf4c452933a,2026-01-04T04:50:00+00:00,2026-01-04T04:45:00+00:00,sell,43465.08825,43784.3250225,42965.1374,1.5660816455598032,42867.2286,23385
vsp-setup-dbc25d64b0240671a835,2026-01-04T07:55:00+00:00,2026-01-04T07:50:00+00:00,sell,42966.51545,43479.61738178572,41573.8793,2.7141510560158726,41549.249,23422
vsp-setup-d7fbfbe93b7f48dc5e3b,2026-01-04T11:00:00+00:00,2026-01-04T10:55:00+00:00,sell,43553.6097,44301.70615107143,41573.8793,2.6463571604498664,41549.249,23459
vsp-setup-d000b739e3e41672ded9,2026-01-04T12:30:00+00:00,2026-01-04T12:25:00+00:00,sell,42922.64975,44301.103149999995,40214.8733,1.9643583526291135,,23477
vsp-setup-ade9b778d0e7b3754805,2026-01-04T13:15:00+00:00,2026-01-04T13:10:00+00:00,sell,43106.0518,43286.86574142857,42714.5076,2.1654535978061453,42684.7921,23486
vsp-setup-5666575b61061c3290c5,2026-01-04T17:25:00+00:00,2026-01-04T17:20:00+00:00,sell,43216.3622,43299.30984892857,43018.8847,2.380748611332755,43015.8228,23536
vsp-setup-3133fbbbf391eaa429d1,2026-01-04T21:45:00+00:00,2026-01-04T21:40:00+00:00,sell,42464.95055,42815.58801464285,41573.8793,2.541289336858561,40966.7864,23588
vsp-setup-071b83c76fdad45a16ea,2026-01-06T11:10:00+00:00,2026-01-06T11:05:00+00:00,buy,41007.2524,39485.20512607143,43881.2928,1.8882727555378724,44292.7443,24037
vsp-setup-c00fc2ae2e3d84844bf4,2026-01-06T12:35:00+00:00,2026-01-06T12:30:00+00:00,buy,40542.0161,40254.71617535714,41078.4585,1.8671860101141644,41629.5872,24054
vsp-setup-c54c8f2ba92b67b010fc,2026-01-06T15:05:00+00:00,2026-01-06T15:00:00+00:00,buy,40490.64595,40074.23885035714,43881.2928,8.142624976634863,44292.7443,24084
vsp-setup-bc3fa12d6c3623e1e69e,2026-01-06T17:20:00+00:00,2026-01-06T17:15:00+00:00,buy,40500.57565,40085.64617785714,43881.2928,8.147691058291535,44292.7443,24111
vsp-setup-9615a4f807b068b49dfa,2026-01-06T19:30:00+00:00,2026-01-06T19:25:00+00:00,buy,41374.455350000004,40816.73047214286,43881.2928,4.494756374561614,44292.7443,24137
vsp-setup-b23e8ae417b801d48257,2026-01-06T20:05:00+00:00,2026-01-06T20:00:00+00:00,buy,41374.455350000004,40817.315065,43881.2928,4.499472605898518,44292.7443,24144
vsp-setup-69e8a0ead8de26f8d578,2026-01-06T23:05:00+00:00,2026-01-06T23:00:00+00:00,buy,41958.51845,40979.33085964286,43881.2928,1.9636424817217106,44292.7443,24180
vsp-setup-25878dbe1aa055cfefdd,2026-01-07T00:45:00+00:00,2026-01-07T00:40:00+00:00,buy,41374.92955,41190.791971785715,41890.5939,2.8004297384638486,42116.2722,24200
vsp-setup-fb76a37c611f4625f6d5,2026-01-07T00:55:00+00:00,2026-01-07T00:50:00+00:00,buy,41495.24785,41190.65324107143,42116.2722,2.0388553565819403,42807.8696,24202
vsp-setup-e9998fdf9aab9093e783,2026-01-07T01:05:00+00:00,2026-01-07T01:00:00+00:00,buy,41680.21695,41190.233457857146,43881.2928,4.492142868679081,44292.7443,24204
vsp-setup-234e7fcc76400d687812,2026-01-07T03:40:00+00:00,2026-01-07T03:35:00+00:00,buy,42014.4746,41626.08544071428,43881.2928,4.806566185918384,44292.7443,24235
vsp-setup-7d06ef6d374499f0d7fd,2026-01-07T04:45:00+00:00,2026-01-07T04:40:00+00:00,buy,42272.35585,41645.889265357146,43881.2928,2.5682725774069026,44292.7443,24248
vsp-setup-f713eb727aea5196543b,2026-01-07T08:40:00+00:00,2026-01-07T08:35:00+00:00,buy,42276.29905,41475.27399785714,43881.2928,2.0036748485036835,44292.7443,24295
vsp-setup-c21ce8fb81218227c404,2026-01-07T09:45:00+00:00,2026-01-07T09:40:00+00:00,buy,42196.19925,42053.95475285715,42470.3381,1.9272369441799917,42605.7294,24308
vsp-setup-eeb709bd29ca4a9c959e,2026-01-07T11:15:00+00:00,2026-01-07T11:10:00+00:00,buy,42211.5836,41935.79126107143,43881.2928,6.054226185131447,44292.7443,24326
vsp-setup-6506d15be97b096fed75,2026-01-07T15:00:00+00:00,2026-01-07T14:55:00+00:00,buy,41862.722949999996,41459.14087392857,42470.3381,1.505555340600577,42605.7294,24371
vsp-setup-9a3b67e2567bcfd356cc,2026-01-07T16:05:00+00:00,2026-01-07T16:00:00+00:00,buy,42205.1755,41909.56031071429,43881.2928,5.669929559607496,44292.7443,24384
vsp-setup-01d13f7d4c8fd47eaf75,2026-01-07T17:35:00+00:00,2026-01-07T17:30:00+00:00,buy,42148.1385,41746.20993928571,43881.2928,4.3120954055116725,44292.7443,24402
vsp-setup-ddabd7cd434bbd4070c8,2026-01-07T17:45:00+00:00,2026-01-07T17:40:00+00:00,buy,42228.25525,41957.889545,43881.2928,6.114080001381749,44292.7443,24404
vsp-setup-4375eacca754defda0f1,2026-01-07T20:35:00+00:00,2026-01-07T20:30:00+00:00,buy,41922.7343,41674.14205928571,42539.8151,2.482301129862018,42605.7294,24438
vsp-setup-489c83eaf469b3945c5e,2026-01-07T20:50:00+00:00,2026-01-07T20:45:00+00:00,buy,42148.85845,41673.66171071428,43881.2928,3.645720197078947,44292.7443,24441
vsp-setup-6318c52ce38156b514cc,2026-01-07T22:05:00+00:00,2026-01-07T22:00:00+00:00,sell,41850.3658,42546.670373214285,40080.3374,2.5420318465369065,39492.4805,24456
vsp-setup-f6516dc2a992310df446,2026-01-07T22:15:00+00:00,2026-01-07T22:10:00+00:00,sell,41929.9984,42165.97097178572,41466.5715,1.9639015521720034,41426.5409,24458
vsp-setup-aba64c1506511502117f,2026-01-07T23:20:00+00:00,2026-01-07T23:15:00+00:00,sell,41585.38945,42050.83938285714,40080.3374,3.2335423076792007,39492.4805,24471
vsp-setup-391bce2ea56be319fa2e,2026-01-08T01:55:00+00:00,2026-01-08T01:50:00+00:00,sell,41401.219800000006,41828.412946071425,40080.3374,3.0920027911196475,39492.4805,24502
vsp-setup-d80adbd3658cbd35ae30,2026-01-08T05:50:00+00:00,2026-01-08T05:45:00+00:00,sell,40553.75780000001,41152.24653035714,37696.3787,4.774323984839195,,24549
vsp-setup-6542196684faf4e734e9,2026-01-08T08:45:00+00:00,2026-01-08T08:40:00+00:00,sell,40274.96075,40894.606706785715,37696.3787,4.161379610020941,,24584
vsp-setup-be70b36470338d5f3291,2026-01-08T11:40:00+00:00,2026-01-08T11:35:00+00:00,sell,40748.3404,41022.70302964286,40152.3744,2.1721835833684184,40092.74,24619
vsp-setup-326ef6824c2694cf3fac,2026-01-08T13:20:00+00:00,2026-01-08T13:15:00+00:00,sell,40914.618350000004,41082.45135821428,40593.0361,1.916084645217294,40564.2183,24639
vsp-setup-cbf0325c4f10876fb3dc,2026-01-08T13:35:00+00:00,2026-01-08T13:30:00+00:00,sell,40640.20345,41095.05271892857,37696.3787,6.472088560094615,,24642
vsp-setup-c423e75e1363732ec41c,2026-01-08T14:55:00+00:00,2026-01-08T14:50:00+00:00,sell,40347.050950000004,40764.94169035714,37696.3787,6.342979142669443,,24658
vsp-setup-ebc5a4b4059fe82ea2d7,2026-01-08T18:45:00+00:00,2026-01-08T18:40:00+00:00,sell,40683.0949,40924.70595,40262.251,1.7418238942299535,40152.3744,24704
vsp-setup-b5c5a1d5ab1a5cb5348d,2026-01-08T19:00:00+00:00,2026-01-08T18:55:00+00:00,sell,40606.076400000005,40915.479491785714,40080.3374,1.699204093164437,39492.4805,24707
vsp-setup-e4f9c4db145f17e3fe74,2026-01-08T19:55:00+00:00,2026-01-08T19:50:00+00:00,sell,40560.86,40830.25759964286,40152.3744,1.5162926490122202,40092.74,24718
vsp-setup-9fb71257182dd815133a,2026-01-08T22:55:00+00:00,2026-01-08T22:50:00+00:00,sell,40786.59155,41097.70554642857,40262.251,1.685364708817839,40152.3744,24754
vsp-setup-a8cd936a61c3434382f4,2026-01-08T23:10:00+00:00,2026-01-08T23:05:00+00:00,sell,40691.5772,41097.54022607143,40080.3374,1.5056538668436512,39492.4805,24757
vsp-setup-a9cfb6737b26f7d0ce6d,2026-01-09T00:55:00+00:00,2026-01-09T00:50:00+00:00,sell,40324.10175,40899.849202142854,37696.3787,4.564020283928274,,24778
vsp-setup-5778b4fdf943dcc9bb80,2026-01-09T01:05:00+00:00,2026-01-09T01:00:00+00:00,sell,40324.10175,40899.02996785715,37696.3787,4.5705237078012475,,24780
vsp-setup-8c5b8e6cfafc0b696176,2026-01-09T02:25:00+00:00,2026-01-09T02:20:00+00:00,sell,40326.3284,40629.53403142857,37696.3787,8.673815481621567,,24796
vsp-setup-243ec3bff23174fb4d67,2026-01-09T05:10:00+00:00,2026-01-09T05:05:00+00:00,sell,40313.33565,40714.6745375,37696.3787,6.520566612175073,,24829
vsp-setup-bb692b7252c37ef33096,2026-01-09T07:10:00+00:00,2026-01-09T07:05:00+00:00,sell,40454.77095,40746.002805357144,37696.3787,9.47146474281566,,24853
vsp-setup-5ab079af7714ac126508,2026-01-09T09:50:00+00:00,2026-01-09T09:45:00+00:00,buy,41703.953299999994,40629.65400178571,43881.2928,2.026753162381487,44292.7443,24885
vsp-setup-54ac37d8f0e2a7b0e341,2026-01-09T22:50:00+00:00,2026-01-09T22:45:00+00:00,sell,39290.49965,39671.51972285714,37696.3787,4.183824064822126,,25041
vsp-setup-f8bf0ac474eae647aefa,2026-01-10T14:15:00+00:00,2026-01-10T14:10:00+00:00,sell,37992.289399999994,38242.09238357143,37616.4889,1.5043875562540436,37456.1839,25226
vsp-setup-03abcc64ef9a4dba6d42,2026-01-10T14:35:00+00:00,2026-01-10T14:30:00+00:00,sell,37880.89485,38242.42051321429,37280.5905,1.6604750674205173,37039.0675,25230
vsp-setup-d30ec4a2a7e2be9120b3,2026-01-10T17:00:00+00:00,2026-01-10T16:55:00+00:00,sell,37928.590800000005,38080.68067035714,37461.63,3.070295207060756,37456.1839,25259
vsp-setup-79e6a11e65d572c359e3,2026-01-10T19:35:00+00:00,2026-01-10T19:30:00+00:00,sell,38214.960250000004,38406.25625678572,37862.4849,1.842565121575373,37546.538,25290
vsp-setup-c88f44b6bfad20529531,2026-01-10T20:00:00+00:00,2026-01-10T19:55:00+00:00,sell,37955.36945,38392.26584035715,37280.5905,1.5444827764504734,37039.0675,25295
vsp-setup-d893d3e7a9b3960a6e9f,2026-01-10T21:50:00+00:00,2026-01-10T21:45:00+00:00,buy,38529.41815,37886.05488642857,39665.3716,1.7656486068136816,39898.4469,25317
vsp-setup-d63b12ccda8b4c678cca,2026-01-10T23:55:00+00:00,2026-01-10T23:50:00+00:00,buy,38571.61935,37886.610427142856,39898.4469,1.9369492947126246,40025.4714,25342
vsp-setup-b39f593e16560cf0ff28,2026-01-11T00:45:00+00:00,2026-01-11T00:40:00+00:00,buy,38286.66415,38098.20442214286,38575.4993,1.532609397690299,38586.2034,25352
vsp-setup-a1ba85a5842ad5e8a77f,2026-01-11T01:05:00+00:00,2026-01-11T01:00:00+00:00,buy,38285.768500000006,38060.348020357145,38675.567,1.729206239901385,38677.6718,25356
vsp-setup-6484dd4ae4a82cc5df57,2026-01-11T02:15:00+00:00,2026-01-11T02:10:00+00:00,buy,38457.991649999996,38060.668946428574,39898.4469,3.6254038267940825,40025.4714,25370
vsp-setup-bc49d21855e6d6b09993,2026-01-11T03:50:00+00:00,2026-01-11T03:45:00+00:00,buy,38509.37005,37898.58844607143,39898.4469,2.274261112426136,40025.4714,25389
vsp-setup-2423ce0ac7ecbeb8b16f,2026-01-11T05:20:00+00:00,2026-01-11T05:15:00+00:00,buy,38138.188200000004,37943.22376357143,38668.3339,2.7191918162685247,38675.567,25407
vsp-setup-7d3ba7b3215c756ec917,2026-01-11T05:40:00+00:00,2026-01-11T05:35:00+00:00,buy,38495.574049999996,38012.5113625,39898.4469,2.9041217347179673,40025.4714,25411
vsp-setup-138a2bb7a8584f688b6d,2026-01-11T07:30:00+00:00,2026-01-11T07:25:00+00:00,buy,38786.66190000001,38553.34036214286,39898.4469,4.765033739322825,40025.4714,25433
vsp-setup-4ecbbde6ae37eec21074,2026-01-11T10:30:00+00:00,2026-01-11T10:25:00+00:00,buy,38957.5084,38666.01959892857,39898.4469,3.2280433983789054,40025.4714,25469
vsp-setup-cb2977d27431c5d07b63,2026-01-12T03:50:00+00:00,2026-01-12T03:45:00+00:00,buy,41683.737,41500.61513535714,42137.0323,2.475375078142918,42539.8151,25677
vsp-setup-fa1a5ab51d12191f3a02,2026-01-12T05:20:00+00:00,2026-01-12T05:15:00+00:00,buy,41657.5943,41108.19284,42539.8151,1.6057853213568325,42605.7294,25695
vsp-setup-5a29d6e30a5882a4a2e4,2026-01-12T05:55:00+00:00,2026-01-12T05:50:00+00:00,buy,41885.02255,41108.84438714286,43881.2928,2.5719227176549984,44292.7443,25702
vsp-setup-92870dc716f021b004ff,2026-01-12T09:40:00+00:00,2026-01-12T09:35:00+00:00,buy,40909.70005,40428.20751535714,42093.9064,2.4594490356498984,42137.0323,25747
vsp-setup-712a1d408870dc1ed009,2026-01-12T10:30:00+00:00,2026-01-12T10:25:00+00:00,buy,40991.1955,40684.646884642854,42093.9064,3.597181147646922,42137.0323,25757
vsp-setup-c582cc47da39f1c0c33d,2026-01-12T11:00:00+00:00,2026-01-12T10:55:00+00:00,buy,41318.989799999996,40672.99570464285,42539.8151,1.8898397195489265,42605.7294,25763
vsp-setup-ba9cb5912e780b207c88,2026-01-12T11:15:00+00:00,2026-01-12T11:10:00+00:00,buy,41309.413199999995,40673.11051464285,42539.8151,1.933673907582846,42605.7294,25766
vsp-setup-024765a675c80accaf61,2026-01-12T11:30:00+00:00,2026-01-12T11:25:00+00:00,buy,41528.7157,41135.580571428574,42137.0323,1.5473473515594955,42539.8151,25769
vsp-setup-369eb4e8851097e2f5bd,2026-01-12T13:10:00+00:00,2026-01-12T13:05:00+00:00,buy,41406.17635,41081.74438321428,42093.9064,2.1197974318425556,42137.0323,25789
vsp-setup-d7df77cc9d1fa53aebaa,2026-01-12T19:40:00+00:00,2026-01-12T19:35:00+00:00,sell,40095.842350000006,40930.982502499995,38464.3711,1.9535298897031905,37887.3983,25867
vsp-setup-cb38f7288be5f92cf19d,2026-01-13T02:25:00+00:00,2026-01-13T02:20:00+00:00,sell,39565.19945,40901.73228464285,37461.63,1.5739003154098496,37456.1839,25948
vsp-setup-3cfec44b14d9f27166b7,2026-01-13T12:10:00+00:00,2026-01-13T12:05:00+00:00,sell,38688.635949999996,39162.67134714286,37887.3983,1.6902485654642398,37853.0693,26065
vsp-setup-8a62d8aacea12ddd8595,2026-01-13T13:55:00+00:00,2026-01-13T13:50:00+00:00,sell,39446.8337,39754.70842714286,38865.1409,1.889381455237443,38798.8847,26086
vsp-setup-24bfb6cb0a86b67e4f9b,2026-01-13T15:00:00+00:00,2026-01-13T14:55:00+00:00,sell,39308.1259,39476.68380035715,38865.1409,2.628088028276252,38798.8847,26099
vsp-setup-94393ae9c3b7540cdbae,2026-01-13T15:10:00+00:00,2026-01-13T15:05:00+00:00,sell,39089.861600000004,39508.96674428571,37887.3983,2.8691208313593926,37853.0693,26101
vsp-setup-3af252f9beb29b42d739,2026-01-13T18:00:00+00:00,2026-01-13T17:55:00+00:00,sell,39409.6913,39592.455349285716,39117.4775,1.5988582062064975,38907.4193,26135
vsp-setup-34f6f677f52b47017041,2026-01-13T21:15:00+00:00,2026-01-13T21:10:00+00:00,buy,39923.495500000005,39242.24696785714,40999.6129,1.57962527510346,41444.2898,26174
vsp-setup-beb2f8c1abc15e501713,2026-01-13T23:05:00+00:00,2026-01-13T23:00:00+00:00,buy,39517.522750000004,39120.78800035714,40141.6658,1.5731998534583795,40469.968,26196
vsp-setup-1e3bc5ed22a1f91a776a,2026-01-14T07:00:00+00:00,2026-01-14T06:55:00+00:00,buy,39729.27835,39241.29100392857,40469.968,1.5178460178587927,40999.6129,26291
vsp-setup-b4c2551ca82480cd46e9,2026-01-14T07:25:00+00:00,2026-01-14T07:20:00+00:00,buy,39868.022150000004,39241.5721375,40999.6129,1.8063544216147442,41444.2898,26296
vsp-setup-3c229aa11601ecd5ddd8,2026-01-14T08:05:00+00:00,2026-01-14T08:00:00+00:00,buy,40008.11005,39242.66163392857,41665.8322,2.1656876089809414,42093.9064,26304
vsp-setup-5963cc49c1904f8dc28b,2026-01-14T09:00:00+00:00,2026-01-14T08:55:00+00:00,buy,39660.2791,39249.90418964286,40469.968,1.9730467910315206,40999.6129,26315
vsp-setup-5d00dc9920c8fc24ba6b,2026-01-14T09:40:00+00:00,2026-01-14T09:35:00+00:00,buy,39948.661550000004,39437.12214678571,40999.6129,2.0544875788575987,41444.2898,26323
vsp-setup-0113ab7ec2327d0cc006,2026-01-14T10:05:00+00:00,2026-01-14T10:00:00+00:00,buy,39948.661550000004,39437.48807535714,40999.6129,2.0559583040459106,41444.2898,26328
vsp-setup-2f3dc7c5a08b0d2ce123,2026-01-14T12:40:00+00:00,2026-01-14T12:35:00+00:00,buy,40383.368650000004,39604.35558035714,41665.8322,1.6462670524744085,42093.9064,26359
vsp-setup-99f0016896d4d9c132d1,2026-01-14T12:45:00+00:00,2026-01-14T12:40:00+00:00,buy,40420.01945000001,39604.472904285714,41665.8322,1.5275801933645008,42093.9064,26360
vsp-setup-56f223a3898994cec570,2026-01-14T14:20:00+00:00,2026-01-14T14:15:00+00:00,buy,40147.95,39794.60724571429,40999.6129,2.4103024320440882,41444.2898,26379
vsp-setup-aeffff772bd07db4aa5a,2026-01-14T18:15:00+00:00,2026-01-14T18:10:00+00:00,sell,39870.73775,40079.139813214286,39540.6515,1.5838914687739687,39444.6718,26426
vsp-setup-b87f0185a9b1f5d3ce5b,2026-01-14T19:40:00+00:00,2026-01-14T19:35:00+00:00,sell,39572.37195,40124.3349475,38551.8001,1.8489859911306867,38464.3711,26443
vsp-setup-3b8f222cdccd5e22f505,2026-01-14T20:05:00+00:00,2026-01-14T20:00:00+00:00,buy,39763.8574,39432.157125714286,40381.3439,1.8615797087587516,40544.4948,26448
vsp-setup-5ebc64591699fc3cb9c0,2026-01-14T21:00:00+00:00,2026-01-14T20:55:00+00:00,buy,40203.2419,39606.39425857143,41665.8322,2.4505253912024387,42093.9064,26459
vsp-setup-ebb2ed4905418d424cd7,2026-01-14T23:05:00+00:00,2026-01-14T23:00:00+00:00,buy,40763.8471,40106.22493,42137.0323,2.0881066099094485,42539.8151,26484
vsp-setup-18bb68887698eeb3c886,2026-01-15T00:15:00+00:00,2026-01-15T00:10:00+00:00,buy,40874.18575,40489.33284857142,41665.8322,2.0570104761102446,42093.9064,26498
vsp-setup-83d25112d78e5203633d,2026-01-15T02:40:00+00:00,2026-01-15T02:35:00+00:00,buy,41342.27485,40496.80420607143,43881.2928,3.0030823284439228,44292.7443,26527
vsp-setup-9f7b725d2a49ce3fc4ae,2026-01-15T03:10:00+00:00,2026-01-15T03:05:00+00:00,buy,41342.27485,40497.02462178571,43881.2928,3.0038654415557366,44292.7443,26533
vsp-setup-d9e0b11ab023eec35a42,2026-01-15T05:40:00+00:00,2026-01-15T05:35:00+00:00,buy,40636.2979,40161.701442499994,41605.753,2.042693502405656,41665.8322,26563
vsp-setup-a992f295f0e0ad1d112f,2026-01-15T05:50:00+00:00,2026-01-15T05:45:00+00:00,buy,40755.52895,40161.63274678571,41665.8322,1.5327648923721844,42093.9064,26565
vsp-setup-064c9d7600cf656df74a,2026-01-15T06:50:00+00:00,2026-01-15T06:45:00+00:00,buy,41014.6392,40408.30736535714,42137.0323,1.8511201884379302,42539.8151,26577
vsp-setup-d6b83af23f04783f4d8d,2026-01-15T08:00:00+00:00,2026-01-15T07:55:00+00:00,buy,41122.8487,40919.99803357143,41605.753,2.380590157785014,41665.8322,26591
vsp-setup-159ed2fad5283894c8bf,2026-01-15T08:30:00+00:00,2026-01-15T08:25:00+00:00,buy,41218.26685,40921.04608,41665.8322,1.5058347032745971,42137.0323,26597
vsp-setup-65ffe3f12984457e92f0,2026-01-15T09:55:00+00:00,2026-01-15T09:50:00+00:00,buy,41487.5649,40964.37115642858,42539.8151,2.011205624931867,42605.7294,26614
vsp-setup-6b88e83dffbb57c70ca6,2026-01-15T17:50:00+00:00,2026-01-15T17:45:00+00:00,buy,42258.09695,41925.05340392858,43881.2928,4.873824666915802,44292.7443,26709
vsp-setup-dd3afed6509d3a350565,2026-01-15T20:00:00+00:00,2026-01-15T19:55:00+00:00,buy,41910.36,41196.40559178571,43881.2928,2.7605863586298334,44292.7443,26735
vsp-setup-cfe55be88c7566896028,2026-01-15T23:20:00+00:00,2026-01-15T23:15:00+00:00,buy,41702.584050000005,41179.28282892857,42610.5458,1.7350652233162807,43881.2928,26775
vsp-setup-5e5face6f1d778255c60,2026-01-16T00:25:00+00:00,2026-01-16T00:20:00+00:00,buy,41889.73095,41180.04010607143,43881.2928,2.8062386136694446,44292.7443,26788
vsp-setup-8c184579037680587e62,2026-01-16T01:55:00+00:00,2026-01-16T01:50:00+00:00,buy,41840.372650000005,41582.922212142854,42375.3418,2.077950049154045,42391.6686,26806
vsp-setup-db289fd47b95c6378a19,2026-01-16T04:25:00+00:00,2026-01-16T04:20:00+00:00,buy,42091.24885,41896.060553928575,42391.6686,1.5391278885392612,42440.7247,26836
vsp-setup-13e47281f595e39faf69,2026-01-16T10:20:00+00:00,2026-01-16T10:15:00+00:00,buy,43379.01515,43104.26035357143,43795.1482,1.51456154873056,43812.6976,26907
vsp-setup-05e1aaa7df9cc6c0085a,2026-01-16T16:45:00+00:00,2026-01-16T16:40:00+00:00,buy,42610.858550000004,42359.57576642857,43043.1983,1.720530725803135,43073.6314,26984
vsp-setup-010c43032faabee85d48,2026-01-16T16:55:00+00:00,2026-01-16T16:50:00+00:00,buy,42799.6233,42394.79395107143,43517.7746,1.7739605636317364,43583.8701,26986
vsp-setup-63e6b3379a040a094315,2026-01-16T19:10:00+00:00,2026-01-16T19:05:00+00:00,buy,42486.88575,42057.05580892857,43189.1975,1.6339293355166398,43247.5965,27013
vsp-setup-9cb1bc8ae9fb09232208,2026-01-16T21:25:00+00:00,2026-01-16T21:20:00+00:00,buy,42343.2345,41920.44295928572,43043.1983,1.6555766437934258,43073.6314,27040
vsp-setup-fbb4533b136b39676747,2026-01-16T21:35:00+00:00,2026-01-16T21:30:00+00:00,buy,42535.95359999999,41920.38526214286,43517.7746,1.5949829444084769,43583.8701,27042
vsp-setup-a01adbe1f257732c4b4e,2026-01-16T22:55:00+00:00,2026-01-16T22:50:00+00:00,buy,42578.558600000004,42336.885441428574,42951.9831,1.5451633197801866,43043.1983,27058
vsp-setup-1cea5ee3791d25897ac9,2026-01-17T00:50:00+00:00,2026-01-17T00:45:00+00:00,buy,42281.87055,42066.44645821429,42704.3716,1.9612525530351383,42711.9227,27081
vsp-setup-7d9807ed1b1660a27f3a,2026-01-17T03:10:00+00:00,2026-01-17T03:05:00+00:00,buy,42179.4553,41999.95760071428,42704.3716,2.9243622736604045,42711.9227,27109
vsp-setup-51d3cb19131aacd937c2,2026-01-17T03:15:00+00:00,2026-01-17T03:10:00+00:00,buy,42270.8899,42000.08036928571,42704.3716,1.600688494443436,42711.9227,27110
vsp-setup-dd1b2314ef11052d421a,2026-01-17T03:35:00+00:00,2026-01-17T03:30:00+00:00,buy,42353.4868,42050.20336678571,42951.9831,1.9733893594416168,43043.1983,27114
vsp-setup-6320ef774b350f5ba8ac,2026-01-17T06:05:00+00:00,2026-01-17T06:00:00+00:00,sell,41445.5704,42205.75553107143,40169.6208,1.6784721876914748,39918.3995,27144
vsp-setup-0e2527a732d6f3f1eaa1,2026-01-17T08:20:00+00:00,2026-01-17T08:15:00+00:00,sell,40859.27695,41807.73951392857,39393.3632,1.5455683816640282,39256.0829,27171
vsp-setup-492e75bf78b47470cd04,2026-01-18T06:15:00+00:00,2026-01-18T06:10:00+00:00,sell,37637.56655,37962.65066571429,37142.7303,1.5221791102057671,37039.0675,27434
vsp-setup-b513bddb67881947e3b3,2026-01-18T12:20:00+00:00,2026-01-18T12:15:00+00:00,sell,37922.518500000006,38158.83165571428,37533.5894,1.6458207704282761,37514.9353,27507
vsp-setup-d5f695471a2e09303c38,2026-01-18T12:30:00+00:00,2026-01-18T12:25:00+00:00,sell,37910.497,38158.93875142857,37533.5894,1.5170863908048726,37514.9353,27509
vsp-setup-df81299cd7827cbfadb4,2026-01-18T12:50:00+00:00,2026-01-18T12:45:00+00:00,sell,37774.874800000005,38057.28463357143,37076.9359,2.4713689717305716,37039.0675,27513
vsp-setup-018c10daf7de91c5184b,2026-01-18T13:00:00+00:00,2026-01-18T12:55:00+00:00,sell,37726.295549999995,38057.83409285714,37076.9359,1.9586249140263472,37039.0675,27515
vsp-setup-f3fcd510fc571dbf426e,2026-01-18T14:20:00+00:00,2026-01-18T14:15:00+00:00,sell,37588.43675,37851.745232500005,37076.9359,1.9425916140016335,37039.0675,27531
vsp-setup-dfd9a9000e5b3ccdbab2,2026-01-18T22:35:00+00:00,2026-01-18T22:30:00+00:00,buy,37750.769,36866.98746714286,39219.1905,1.661520913718125,40571.9261,27630
vsp-setup-d372a8273d54568452e5,2026-01-19T00:35:00+00:00,2026-01-19T00:30:00+00:00,buy,38179.956399999995,37678.75607214285,39219.1905,2.073490463270835,40571.9261,27654
vsp-setup-bd2778cd5616e347d399,2026-01-19T04:20:00+00:00,2026-01-19T04:15:00+00:00,buy,38918.79925,38336.33690892857,42511.69,6.168451583309167,42704.3716,27699
vsp-setup-2d8c164f1dad36d78473,2026-01-19T06:20:00+00:00,2026-01-19T06:15:00+00:00,buy,38250.1399,37831.11686821429,39016.0804,1.8279198084550548,39103.659,27723
vsp-setup-12f209f66a3dd52485ec,2026-01-19T07:35:00+00:00,2026-01-19T07:30:00+00:00,buy,38318.06715,38085.76605714286,38697.5071,1.6333971800698233,39016.0804,27738
vsp-setup-380be942ff12b16d2df1,2026-01-19T08:00:00+00:00,2026-01-19T07:55:00+00:00,buy,38578.59655,38127.99905571429,42511.69,8.728618112345991,42704.3716,27743
vsp-setup-d9e1c7d211d7d8b4468d,2026-01-19T09:45:00+00:00,2026-01-19T09:40:00+00:00,buy,38747.0773,38353.571066071425,42511.69,9.566843865257145,42704.3716,27764
vsp-setup-754f2491b8852b4c972e,2026-01-19T19:35:00+00:00,2026-01-19T19:30:00+00:00,buy,38538.063,38235.150904999995,39056.4398,1.7113109993180902,39102.6791,27882
vsp-setup-5e4df7340626bdf7d1e5,2026-01-19T19:45:00+00:00,2026-01-19T19:40:00+00:00,buy,38652.97365,38235.40992035714,39703.7126,2.5163558887135316,40571.9261,27884
vsp-setup-6bd58af362ea7bff0077,2026-01-19T21:25:00+00:00,2026-01-19T21:20:00+00:00,buy,38365.955050000004,38091.05569,39056.4398,2.511772853890923,39102.6791,27904
vsp-setup-0f3911a73de5fa6e7c97,2026-01-20T00:05:00+00:00,2026-01-20T00:00:00+00:00,buy,38317.08765,38032.183005,39056.4398,2.5950863314285124,39102.6791,27936
vsp-setup-63c157ef5f9572c3011c,2026-01-20T00:20:00+00:00,2026-01-20T00:15:00+00:00,buy,38389.349799999996,38040.83883107143,39056.4398,1.9141147897033168,39102.6791,27939
vsp-setup-dd5ded1ebe5a0bd3a8fd,2026-01-20T00:40:00+00:00,2026-01-20T00:35:00+00:00,buy,38600.8541,38040.42651321429,39703.7126,1.9678876022598564,40571.9261,27943
vsp-setup-82c870c56989812642d0,2026-01-20T05:50:00+00:00,2026-01-20T05:45:00+00:00,buy,39134.8166,38799.11965642857,39703.7126,1.6946713721835092,40571.9261,28005
vsp-setup-0d24c6b9675627a68cf2,2026-01-20T08:10:00+00:00,2026-01-20T08:05:00+00:00,buy,38863.309349999996,38179.30591035714,42511.69,5.333863016690356,42711.9227,28033
vsp-setup-01c082f6af38a19640e8,2026-01-20T10:55:00+00:00,2026-01-20T10:50:00+00:00,buy,38170.071599999996,37858.904572857144,38989.9329,2.6347949123273215,39268.0333,28066
vsp-setup-105356f69349a2f4065c,2026-01-20T11:20:00+00:00,2026-01-20T11:15:00+00:00,buy,38170.071599999996,37859.293274285716,38989.9329,2.638090343384368,39268.0333,28071
vsp-setup-23e2e3ac92b76b9fe353,2026-01-20T11:30:00+00:00,2026-01-20T11:25:00+00:00,buy,38295.929749999996,37837.65210535714,38989.9329,1.5143726911245166,39268.0333,28073
vsp-setup-4e8a2f92975cc9cec175,2026-01-21T13:30:00+00:00,2026-01-21T13:25:00+00:00,sell,34127.2038,34427.75528035714,33650.5074,1.5860723741355682,33552.933,28385
vsp-setup-e55f76d6af1d91d6db13,2026-01-21T15:40:00+00:00,2026-01-21T15:35:00+00:00,sell,34210.33585,34487.13961678572,33650.5074,2.022474103227757,33552.933,28411
vsp-setup-6f0614e961eab6a4f155,2026-01-22T13:00:00+00:00,2026-01-22T12:55:00+00:00,sell,32865.63445,33139.93206428571,32420.5765,1.622536714943555,32377.4648,28667
vsp-setup-f77e175bce1dcd9f9c31,2026-01-22T15:10:00+00:00,2026-01-22T15:05:00+00:00,sell,32867.45195,33089.13866821429,32511.4185,1.606020662256593,32420.5765,28693
vsp-setup-9a009303c9f54569fe98,2026-01-23T00:35:00+00:00,2026-01-23T00:30:00+00:00,sell,32044.74565,32365.303218214285,31473.953,1.780624469981128,,28806
vsp-setup-a527ecbe97d8e16b0b3f,2026-01-23T23:25:00+00:00,2026-01-23T23:20:00+00:00,sell,29169.406199999998,29297.975547857142,28797.9983,2.888774861117558,28753.3622,29080
vsp-setup-70cc7379df583d33c2dd,2026-01-24T00:35:00+00:00,2026-01-24T00:30:00+00:00,sell,29101.76655,29237.975007142857,28797.9983,2.2301717262783898,28753.3622,29094
vsp-setup-8d9aaeeaf9d58659aba4,2026-01-24T01:05:00+00:00,2026-01-24T01:00:00+00:00,buy,29265.8191,29014.8417725,29692.1896,1.6988407050433658,29998.4037,29100
vsp-setup-8a55c72046655eaaf07e,2026-01-24T01:20:00+00:00,2026-01-24T01:15:00+00:00,buy,29461.07835,29015.076992857143,30229.7416,1.7234549574560902,30459.0866,29103
vsp-setup-f873aa8a4480a4897353,2026-01-24T02:05:00+00:00,2026-01-24T02:00:00+00:00,buy,29551.403749999998,29014.890937142856,30459.0866,1.6918195208912783,30622.8795,29112
vsp-setup-a1cb94bce59acdf97cf3,2026-01-24T06:00:00+00:00,2026-01-24T05:55:00+00:00,buy,30128.715799999998,29635.062184285714,31021.4157,1.8083528036320091,31078.4869,29159
vsp-setup-2e266a8a326f1ee8ddcf,2026-01-24T09:40:00+00:00,2026-01-24T09:35:00+00:00,buy,29713.480750000002,29495.446182857144,30053.4604,1.5592924298890607,30162.9327,29203
vsp-setup-1257b7410ba9743378f3,2026-01-24T11:45:00+00:00,2026-01-24T11:40:00+00:00,buy,30421.37875,29494.64239642857,32359.9637,2.0918408375037196,32422.0876,29228
vsp-setup-15a3ac54053866a84642,2026-01-24T12:50:00+00:00,2026-01-24T12:45:00+00:00,buy,30354.925900000002,30211.422258214287,30668.6128,2.185915953745655,31078.4869,29241
vsp-setup-04f8fcfacdb2419aa663,2026-01-24T13:05:00+00:00,2026-01-24T13:00:00+00:00,buy,30354.925900000002,30211.569214285715,30668.6128,2.1881567534644466,31078.4869,29244
vsp-setup-214f2c808a9785709331,2026-01-25T09:25:00+00:00,2026-01-25T09:20:00+00:00,sell,29639.347999999998,30181.856063214287,28753.3622,1.6331292750759299,,29488
vsp-setup-1011452aad80ab1564e5,2026-01-25T09:40:00+00:00,2026-01-25T09:35:00+00:00,sell,29669.245300000002,30181.975779285716,28753.3622,1.7862856549427717,,29491
vsp-setup-d4a35ed39ef4e84b55a8,2026-01-25T09:55:00+00:00,2026-01-25T09:50:00+00:00,sell,29600.7084,29748.154426785717,29371.078,1.5573861500772666,29237.7344,29494
vsp-setup-2b8d39744435eb3abe66,2026-01-25T13:20:00+00:00,2026-01-25T13:15:00+00:00,sell,29863.8064,30071.102609285714,29500.6539,1.751853066929333,29371.078,29535
vsp-setup-351d5cee33d1323a5727,2026-01-25T13:30:00+00:00,2026-01-25T13:25:00+00:00,sell,29815.6119,30071.071510714286,29371.078,1.7401337877132326,29237.7344,29537
vsp-setup-ec8dc6fea43a65caa2dc,2026-01-25T14:00:00+00:00,2026-01-25T13:55:00+00:00,sell,29675.28995,30071.155254642857,28753.3622,2.3288925278049866,,29543
vsp-setup-6452f7807d9124a847b3,2026-01-25T16:00:00+00:00,2026-01-25T15:55:00+00:00,sell,29568.93705,29818.790436785715,28753.3622,3.2642137074550566,,29567
vsp-setup-69d303d06adf8f3e355f,2026-01-25T16:10:00+00:00,2026-01-25T16:05:00+00:00,sell,29693.05325,29818.662077142857,29504.073,1.5045140878918597,29500.6539,29569
vsp-setup-2c20591bf8ab17c0222a,2026-01-25T17:00:00+00:00,2026-01-25T16:55:00+00:00,sell,29618.9488,29789.38981107143,29237.7344,2.2366354060187588,29020.0398,29579
vsp-setup-77b0477301d386338919,2026-01-26T07:40:00+00:00,2026-01-26T07:35:00+00:00,sell,28341.740899999997,28548.671089285715,27881.4536,2.2243603100582665,,29755
vsp-setup-7db475c0c9fba2406b76,2026-01-26T11:50:00+00:00,2026-01-26T11:45:00+00:00,sell,28309.86465,28517.41750607143,27881.4536,2.064105780614069,,29805
vsp-setup-0e71c2c957385e3906ff,2026-01-26T12:05:00+00:00,2026-01-26T12:00:00+00:00,sell,28309.86465,28517.284697500003,27881.4536,2.06542740281646,,29808
vsp-setup-5284b7c9337fbe0df63f,2026-01-26T18:35:00+00:00,2026-01-26T18:30:00+00:00,buy,28673.22625,28328.45009392857,29214.359,1.5695190646765407,29394.982,29886
vsp-setup-8658caa4889e2237521f,2026-01-27T00:05:00+00:00,2026-01-27T00:00:00+00:00,buy,27842.19405,27658.796926071427,28224.8788,2.0866453181078626,28265.1372,29952
vsp-setup-ecc3c3be3a0ab6c7b6c0,2026-01-27T00:15:00+00:00,2026-01-27T00:10:00+00:00,buy,27939.0708,27796.3068325,28224.8788,2.001961734497129,28265.1372,29954
vsp-setup-472a972fc309adeb2721,2026-01-27T03:55:00+00:00,2026-01-27T03:50:00+00:00,buy,27693.93315,27420.69908571429,28224.8788,1.943189811958454,28265.1372,29998
vsp-setup-27f18415d84672e049a0,2026-01-27T04:20:00+00:00,2026-01-27T04:15:00+00:00,buy,27749.534050000002,27420.316575714285,28265.1372,1.5661475780368943,28543.1053,30003
vsp-setup-fbfd696d2bbd08e6c65d,2026-01-27T05:30:00+00:00,2026-01-27T05:25:00+00:00,buy,27847.801,27421.303613928572,28543.1053,1.6302662635394312,28641.762,30017
vsp-setup-ef50ff7ba67724dc273b,2026-01-27T05:50:00+00:00,2026-01-27T05:45:00+00:00,buy,27872.978499999997,27649.274405,28224.8788,1.5730615034114837,28265.1372,30021
vsp-setup-fb0e9dff3f52f0fc41dd,2026-01-27T11:25:00+00:00,2026-01-27T11:20:00+00:00,sell,27347.3348,27458.34070714286,27100.1878,2.2264310644471914,27080.0887,30088
vsp-setup-880dd71bf5ef45789fec,2026-01-28T07:40:00+00:00,2026-01-28T07:35:00+00:00,sell,24824.36945,25031.130224285713,24377.9772,2.158979388339616,,30331
vsp-setup-42ee6499be40a3aad227,2026-01-28T20:35:00+00:00,2026-01-28T20:30:00+00:00,buy,26300.439449999998,26013.172143928572,27530.0816,4.280480667348431,27673.7613,30486
vsp-setup-d5f9c32c1067e634b104,2026-01-29T02:25:00+00:00,2026-01-29T02:20:00+00:00,buy,26900.389750000002,26707.865958571427,27530.0816,3.2707222589349922,27673.7613,30556
vsp-setup-5cb2400ea04d1839c257,2026-01-29T07:15:00+00:00,2026-01-29T07:10:00+00:00,buy,27082.91175,26901.133696785713,27530.0816,2.4599771099587215,27673.7613,30614
vsp-setup-f96e9d95c69813ca1505,2026-01-29T13:40:00+00:00,2026-01-29T13:35:00+00:00,sell,26100.8345,26395.359952857143,24377.9772,5.849604111586448,,30691
vsp-setup-4659b4d1dbcc7b9f355a,2026-01-29T14:55:00+00:00,2026-01-29T14:50:00+00:00,sell,26304.735500000003,26455.14885857143,25990.769,2.087357818360995,25987.1332,30706
vsp-setup-2080c2ffed7aba3793c3,2026-01-30T07:35:00+00:00,2026-01-30T07:30:00+00:00,buy,26781.2071,26557.84941857143,27169.7955,1.7397583889420516,27171.4545,30906
vsp-setup-cd1e68061989641b1878,2026-01-30T10:10:00+00:00,2026-01-30T10:05:00+00:00,buy,27228.38035,26831.380517142858,27930.355,1.7681988552690442,28945.6596,30937
vsp-setup-7c60bc737d3e377e7394,2026-01-30T12:20:00+00:00,2026-01-30T12:15:00+00:00,buy,26953.677349999998,26839.018868214287,27365.6321,3.592885093053267,27530.0816,30963
vsp-setup-378e3a6af2f3131c88e4,2026-01-30T15:00:00+00:00,2026-01-30T14:55:00+00:00,buy,26903.040999999997,26653.863347500002,27365.6321,1.856471057331318,27530.0816,30995
vsp-setup-0b4668e56a3bc227124b,2026-01-30T17:10:00+00:00,2026-01-30T17:05:00+00:00,buy,26883.840949999998,26503.528715714285,27530.0816,1.6992370787485866,27930.355,31021
vsp-setup-4fd61f97ebfd6e49882a,2026-01-30T17:25:00+00:00,2026-01-30T17:20:00+00:00,buy,26845.802600000003,26695.30510892857,27104.9238,1.7217642510532347,27365.6321,31024
vsp-setup-a48a84b8912a47663b11,2026-01-30T17:55:00+00:00,2026-01-30T17:50:00+00:00,buy,26922.743150000002,26760.046177857144,27365.6321,2.7221708195719447,27530.0816,31030
vsp-setup-d64143c22b3e9710822e,2026-01-30T19:25:00+00:00,2026-01-30T19:20:00+00:00,buy,27231.125549999997,26962.39722607143,27930.355,2.6019938642041627,28945.6596,31048
vsp-setup-c6a4cd45a43359dfd3cd,2026-01-30T20:45:00+00:00,2026-01-30T20:40:00+00:00,buy,27299.61035,27112.349387500002,27930.355,3.3682655561487422,28945.6596,31064
vsp-setup-a2645c9916df72ffe856,2026-01-30T22:40:00+00:00,2026-01-30T22:35:00+00:00,buy,27183.80395,27071.0768275,27391.5736,1.8431203191583074,27530.0816,31087
vsp-setup-e2ec5927ac5518c974a6,2026-01-31T05:05:00+00:00,2026-01-31T05:00:00+00:00,sell,26140.528299999998,26750.60951642857,25119.5505,1.6735112842464221,24734.3287,31164
vsp-setup-740e995cac3294edb6c6,2026-01-31T13:40:00+00:00,2026-01-31T13:35:00+00:00,sell,26013.79115,26193.962720714288,25711.8381,1.675919507183698,25640.3019,31267
vsp-setup-ec2ba2cdcb7aa4fa8855,2026-01-31T22:05:00+00:00,2026-01-31T22:00:00+00:00,buy,27225.72065,27002.576454285714,27930.355,3.157753432682682,28945.6596,31368
vsp-setup-a5a03a5f390a8fa8893a,2026-02-01T00:45:00+00:00,2026-02-01T00:40:00+00:00,buy,27308.77245,27105.131046785715,27930.355,3.0523387689777737,28945.6596,31400
vsp-setup-062cde637cf3bb8a35a3,2026-02-01T00:50:00+00:00,2026-02-01T00:45:00+00:00,buy,27301.3838,27105.324260357145,27930.355,3.208062209804967,28945.6596,31401
vsp-setup-f6cae2080c5e20238799,2026-02-01T03:25:00+00:00,2026-02-01T03:20:00+00:00,sell,26783.065049999997,27034.96255642857,25925.0003,3.406404303741316,25899.0636,31432
vsp-setup-786ff6dab14831400134,2026-02-01T13:35:00+00:00,2026-02-01T13:30:00+00:00,sell,26130.974950000003,26324.3400075,25826.7538,1.5732995088836657,25760.0226,31554
vsp-setup-2e6a07eaf9b69294b9f7,2026-02-01T16:05:00+00:00,2026-02-01T16:00:00+00:00,sell,26188.9091,26357.90197142857,25919.5152,1.5941139867184613,25826.7538,31584
vsp-setup-b7721ba3cc80b77a2904,2026-02-01T20:55:00+00:00,2026-02-01T20:50:00+00:00,sell,27049.23155,27369.401650357144,26507.156,1.6930861107746378,26494.0674,31642
vsp-setup-5cfdbcfe6fb727d1ce51,2026-02-01T23:40:00+00:00,2026-02-01T23:35:00+00:00,sell,27221.62405,27341.59987142857,26916.2062,2.545661670521083,26817.5906,31675
vsp-setup-3178eb03a801fca67bc8,2026-02-02T00:05:00+00:00,2026-02-02T00:00:00+00:00,sell,26925.8606,27322.384687857142,26111.7572,2.053099483563534,26096.4518,31680
vsp-setup-eba96bb61e9e00370ae1,2026-02-02T00:25:00+00:00,2026-02-02T00:20:00+00:00,sell,26892.254,27322.202816785713,26111.7572,1.8153249166609573,26096.4518,31684
vsp-setup-5426cded530bf4194d0b,2026-02-02T03:45:00+00:00,2026-02-02T03:40:00+00:00,buy,27644.06805,27127.783685357143,28945.6596,2.521074894259826,30176.7353,31724
vsp-setup-2fd58937685a3908afba,2026-02-02T05:55:00+00:00,2026-02-02T05:50:00+00:00,buy,27786.9699,27128.371598214286,28945.6596,1.7593268869025989,30176.7353,31750
vsp-setup-4a9a6a4354ac156b296d,2026-02-02T06:05:00+00:00,2026-02-02T06:00:00+00:00,buy,27443.3655,27340.33730892857,27818.7654,3.643661954034853,27910.7939,31752
vsp-setup-35fca9ddb68cc5514cc9,2026-02-02T07:25:00+00:00,2026-02-02T07:20:00+00:00,buy,27596.81885,27367.655764285715,28945.6596,5.885942519039494,30176.7353,31768
vsp-setup-3bfbc64eb22cc89ba7ad,2026-02-02T13:45:00+00:00,2026-02-02T13:40:00+00:00,buy,27105.39105,26857.792866428572,27557.52,1.8260592362931172,27682.6256,31844
vsp-setup-c722e35ca2c8e859c6f6,2026-02-02T14:25:00+00:00,2026-02-02T14:20:00+00:00,buy,27155.04045,26902.922863214288,27557.52,1.5963961702603766,27682.6256,31852
vsp-setup-9484d3eea4ff43458d1b,2026-02-02T14:55:00+00:00,2026-02-02T14:50:00+00:00,buy,27289.6188,26903.33640714286,27910.7939,1.6080854615336533,27930.355,31858
vsp-setup-d3c67cc2073bf8664bc9,2026-02-02T18:35:00+00:00,2026-02-02T18:30:00+00:00,buy,26931.469,26768.57116357143,27239.1433,1.888756209078986,27358.4916,31902
vsp-setup-710f4e9c3932d6a113d0,2026-02-02T18:45:00+00:00,2026-02-02T18:40:00+00:00,buy,27005.796000000002,26768.47179035714,27440.1208,1.8300905780054768,27557.52,31904
vsp-setup-e583e805dab698fe4e9f,2026-02-02T19:05:00+00:00,2026-02-02T19:00:00+00:00,buy,27005.796000000002,26768.337810714285,27440.1208,1.8290579967212919,27557.52,31908
vsp-setup-89d05572054b8b8c986f,2026-02-02T19:35:00+00:00,2026-02-02T19:30:00+00:00,buy,26918.42395,26806.739146071428,27139.453,1.9790431842577203,27239.1433,31914
vsp-setup-19ee8f8e9a69a2549222,2026-02-02T23:15:00+00:00,2026-02-02T23:10:00+00:00,buy,27780.98415,27450.746061785714,28945.6596,3.5267750497763903,30176.7353,31958
vsp-setup-90f799650a1a5426b11f,2026-02-03T03:35:00+00:00,2026-02-03T03:30:00+00:00,buy,27334.130400000002,26996.524077500002,27910.7939,1.7080944922173342,27930.355,32010
vsp-setup-6302db38699ca839a6ea,2026-02-03T04:05:00+00:00,2026-02-03T04:00:00+00:00,buy,27334.130400000002,26996.846411785715,27910.7939,1.7097268774989294,27930.355,32016
vsp-setup-3136be56b80693648e6b,2026-02-03T05:20:00+00:00,2026-02-03T05:15:00+00:00,buy,27354.4314,27184.792400357146,27789.6785,2.5657254576856503,27830.3967,32031
vsp-setup-5b3237cb4e4925714a64,2026-02-03T05:35:00+00:00,2026-02-03T05:30:00+00:00,buy,27439.26545,27184.90855321429,27830.3967,1.5377261436300724,27910.7939,32034
vsp-setup-1fce1d81c1044a0ddb96,2026-02-03T05:55:00+00:00,2026-02-03T05:50:00+00:00,buy,27554.5012,27185.14206821429,28945.6596,3.766411279110069,30176.7353,32038
vsp-setup-4c25748e9c28ac4ccafd,2026-02-03T06:05:00+00:00,2026-02-03T06:00:00+00:00,buy,27554.5012,27185.309440357145,28945.6596,3.7681187720597267,30176.7353,32040
vsp-setup-8cf355af017f5455381c,2026-02-03T06:45:00+00:00,2026-02-03T06:40:00+00:00,buy,27652.0687,27488.022501785716,27910.7939,1.577148405853592,27930.355,32048
vsp-setup-3f1cf56b82f64a6603b1,2026-02-03T08:45:00+00:00,2026-02-03T08:40:00+00:00,buy,28077.60495,27470.296245,30176.7353,3.456446997577618,31342.6432,32072
vsp-setup-273e730e6226e181cd19,2026-02-03T09:05:00+00:00,2026-02-03T09:00:00+00:00,buy,28077.60495,27469.9059725,30176.7353,3.4542272205814246,31342.6432,32076
vsp-setup-e8c82ec5f36e1064cb73,2026-02-03T11:20:00+00:00,2026-02-03T11:15:00+00:00,buy,28223.66605,27832.410978214288,28945.6596,1.8453270054871789,30176.7353,32103
vsp-setup-c6a7793d8118c77ebef5,2026-02-03T12:45:00+00:00,2026-02-03T12:40:00+00:00,buy,28111.086649999997,27840.244103928573,28945.6596,3.0813953055215895,30176.7353,32120
vsp-setup-8483e2a691793227c015,2026-02-03T15:40:00+00:00,2026-02-03T15:35:00+00:00,buy,28632.12885,28147.799255357146,30176.7353,3.189163881548458,31342.6432,32155
vsp-setup-d9740b6475ec08fbcfb3,2026-02-03T19:15:00+00:00,2026-02-03T19:10:00+00:00,buy,28189.09495,27993.57688,28550.12,1.846504775747855,28724.4208,32198
vsp-setup-7000c8553741e5e42526,2026-02-03T19:30:00+00:00,2026-02-03T19:25:00+00:00,buy,28321.1094,27972.195442857144,28945.6596,1.7899834248943114,30176.7353,32201
vsp-setup-2d44aba0e7ae910b3d94,2026-02-03T20:45:00+00:00,2026-02-03T20:40:00+00:00,buy,28257.9361,27971.576990714286,28724.4208,1.6290199433976043,28945.6596,32216
vsp-setup-9b60acd6faf2ec0a1973,2026-02-03T21:30:00+00:00,2026-02-03T21:25:00+00:00,buy,28356.27465,27983.798024285716,28945.6596,1.5823407680139912,30176.7353,32225
vsp-setup-ca57f1230c0d0704538a,2026-02-03T21:45:00+00:00,2026-02-03T21:40:00+00:00,buy,28391.073949999998,27983.660398928572,30176.7353,4.382920855980434,31342.6432,32228
vsp-setup-57ab18cb1cdf542dbc96,2026-02-03T22:25:00+00:00,2026-02-03T22:20:00+00:00,buy,28600.6087,27984.05999857143,30176.7353,2.556369993721569,31342.6432,32236
vsp-setup-e0236d9b51e9375e8448,2026-02-04T00:35:00+00:00,2026-02-04T00:30:00+00:00,buy,28657.392,28462.794191785713,30176.7353,7.807607464555488,31342.6432,32262
vsp-setup-6a784866f1800d5598ab,2026-02-04T02:15:00+00:00,2026-02-04T02:10:00+00:00,buy,28615.92845,28268.54945,30176.7353,4.493095005742999,31342.6432,32282
vsp-setup-1d9583fcfc0d5245293e,2026-02-04T07:15:00+00:00,2026-02-04T07:10:00+00:00,sell,28185.34045,28337.074627142858,27920.1851,1.7474991791095045,27845.2098,32342
vsp-setup-b0db765269206b0bdcf4,2026-02-04T11:30:00+00:00,2026-02-04T11:25:00+00:00,sell,28401.819750000002,28658.359310357144,27989.0953,1.6088140535729747,27976.7346,32393
vsp-setup-234a3a65b2ba584a6510,2026-02-04T12:10:00+00:00,2026-02-04T12:05:00+00:00,sell,28588.11565,28751.660039285714,28284.4745,1.856628352254466,28239.5243,32401
vsp-setup-672e6e7a906cc2838d71,2026-02-04T13:35:00+00:00,2026-02-04T13:30:00+00:00,sell,28229.539449999997,28478.837030714283,27001.6997,4.925197214036307,26811.3364,32418
vsp-setup-e3c917785a32310461a2,2026-02-04T14:35:00+00:00,2026-02-04T14:30:00+00:00,sell,28143.77145,28394.532743571428,27001.6997,4.5544180034096335,26811.3364,32430
vsp-setup-aab1b626f99f354a6ed6,2026-02-05T00:10:00+00:00,2026-02-05T00:05:00+00:00,sell,27552.5475,27786.142200714286,27001.6997,2.358134830608816,26811.3364,32545
vsp-setup-66d2ab1d14748e705c83,2026-02-05T00:25:00+00:00,2026-02-05T00:20:00+00:00,sell,27526.90735,27786.033361785714,27001.6997,2.026842640693003,26811.3364,32548
vsp-setup-1bfd0b3181ff0419158d,2026-02-05T03:45:00+00:00,2026-02-05T03:40:00+00:00,sell,27249.62865,27567.499444285713,26730.0658,1.6345095533784564,25760.0226,32588
vsp-setup-ffc6fd1d015697d00316,2026-02-05T05:30:00+00:00,2026-02-05T05:25:00+00:00,buy,27525.818700000003,27304.827269999998,28424.5212,4.0666848483670766,28490.2065,32609
vsp-setup-b791f344a18a657f786a,2026-02-05T06:40:00+00:00,2026-02-05T06:35:00+00:00,buy,27820.02,27448.352555714286,28424.5212,1.626457224849901,28490.2065,32623
vsp-setup-db86ed5f4881a1b0e17d,2026-02-05T10:05:00+00:00,2026-02-05T10:00:00+00:00,sell,27305.68115,27803.339134285714,25760.0226,3.105865069598908,25518.0353,32664
vsp-setup-d8c9fc0cf1164947870c,2026-02-05T19:10:00+00:00,2026-02-05T19:05:00+00:00,sell,26470.747649999998,26736.378955714285,25760.0226,2.675607259802627,25518.0353,32773
vsp-setup-5495a3cc6c156954dc59,2026-02-05T21:45:00+00:00,2026-02-05T21:40:00+00:00,sell,26329.7286,26579.7090675,25760.0226,2.2790020584308057,25518.0353,32804
vsp-setup-eccb238581ae62effcc0,2026-02-05T23:40:00+00:00,2026-02-05T23:35:00+00:00,buy,26757.8517,26506.46460357143,27285.0043,2.0969755707003315,27379.0516,32827
vsp-setup-0d9bf27d3d12a67397fa,2026-02-06T00:40:00+00:00,2026-02-06T00:35:00+00:00,buy,26917.08505,26704.843552142855,27285.0043,1.733493467180645,27379.0516,32839
vsp-setup-284e75536728be1b0d2b,2026-02-06T01:05:00+00:00,2026-02-06T01:00:00+00:00,buy,26917.08505,26705.01678178571,27285.0043,1.7349094850353766,27379.0516,32844
vsp-setup-ee4deb26aee07bf93df0,2026-02-06T02:35:00+00:00,2026-02-06T02:30:00+00:00,buy,27072.90455,26778.032237857144,27798.5154,2.460762913706415,27883.5371,32862
vsp-setup-1af14e658b2207a25476,2026-02-06T03:40:00+00:00,2026-02-06T03:35:00+00:00,buy,26999.56855,26739.587405000002,27798.5154,3.0730953585115053,27883.5371,32875
vsp-setup-da65b1b8b3be2b0ae331,2026-02-06T06:25:00+00:00,2026-02-06T06:20:00+00:00,buy,26965.351799999997,26587.609639285714,27798.5154,2.2056410076771757,27883.5371,32908
vsp-setup-6be20a5ca9f1dc0be9e6,2026-02-06T07:15:00+00:00,2026-02-06T07:10:00+00:00,buy,26965.351799999997,26587.972785,27798.5154,2.207763460297374,27883.5371,32918
vsp-setup-cf5b034c19adb0527d40,2026-02-06T08:55:00+00:00,2026-02-06T08:50:00+00:00,buy,27234.60095,26863.17749107143,27798.5154,1.5182521094028403,27883.5371,32938
vsp-setup-f87ad6a7dcb7559d5f7c,2026-02-06T11:25:00+00:00,2026-02-06T11:20:00+00:00,buy,27054.12105,26834.128010357144,27883.5371,3.7701922358384468,28490.2065,32968
vsp-setup-461e63b608dfb384527a,2026-02-06T11:40:00+00:00,2026-02-06T11:35:00+00:00,buy,27034.36905,26969.099052142858,27237.8121,3.1169458660818967,27335.4919,32971
vsp-setup-c0e14cec05e297fe58ee,2026-02-06T12:55:00+00:00,2026-02-06T12:50:00+00:00,buy,27042.2791,26909.656663571426,27335.4919,2.210883828528642,27379.0516,32986
vsp-setup-7e645fb426a54575ab7b,2026-02-06T13:15:00+00:00,2026-02-06T13:10:00+00:00,buy,27204.8261,26909.840495357144,27883.5371,2.3008275296068574,28490.2065,32990
vsp-setup-8d33689de5d38a8cbc40,2026-02-06T14:25:00+00:00,2026-02-06T14:20:00+00:00,buy,26995.121,26832.466082857143,27286.1443,1.7892068995639512,27335.4919,33004
vsp-setup-c7d57963b78ced0d1c51,2026-02-06T14:40:00+00:00,2026-02-06T14:35:00+00:00,buy,27101.26585,26932.378142857142,27883.5371,4.631901653672746,28490.2065,33007
vsp-setup-e6bfd9e9fe3effebd901,2026-02-06T16:20:00+00:00,2026-02-06T16:15:00+00:00,buy,27069.543899999997,26805.834382499997,27883.5371,3.0867039146586963,28490.2065,33027
vsp-setup-59b84f710276014cc520,2026-02-06T17:20:00+00:00,2026-02-06T17:15:00+00:00,buy,27213.12975,26897.890823928574,27883.5371,2.1266642364087414,28490.2065,33039
vsp-setup-9112fcc455384a16f388,2026-02-06T18:15:00+00:00,2026-02-06T18:10:00+00:00,buy,27222.0101,27040.507845714284,27883.5371,3.644731590818962,28490.2065,33050
vsp-setup-5aadbae015126e828cca,2026-02-06T19:10:00+00:00,2026-02-06T19:05:00+00:00,buy,27317.9367,26977.851447142857,27883.5371,1.663113572988692,28490.2065,33061
vsp-setup-5540dbb0609262907580,2026-02-06T20:05:00+00:00,2026-02-06T20:00:00+00:00,buy,27317.9367,26979.281475714284,27883.5371,1.6701363494183727,28490.2065,33072
vsp-setup-b6351d1e31593d36c5e3,2026-02-06T20:40:00+00:00,2026-02-06T20:35:00+00:00,buy,27166.18865,27022.93287357143,27382.0767,1.5070111333880265,27798.5154,33079
vsp-setup-bf6f136ab4b598fca48e,2026-02-06T21:40:00+00:00,2026-02-06T21:35:00+00:00,buy,27297.921049999997,27201.46454678571,27883.5371,6.071296703541217,28490.2065,33091
vsp-setup-d7bd916057f0188e53c5,2026-02-06T22:30:00+00:00,2026-02-06T22:25:00+00:00,buy,27338.4051,27197.195978928572,27883.5371,3.860458841920394,28490.2065,33101
vsp-setup-d323745ec7b16275eb87,2026-02-06T23:50:00+00:00,2026-02-06T23:45:00+00:00,buy,27505.4316,27198.484819642857,28746.1027,4.041974633375984,28788.2923,33117
vsp-setup-3638a22c21cc27027d77,2026-02-07T01:05:00+00:00,2026-02-07T01:00:00+00:00,buy,27452.593699999998,27309.766725357145,27883.5371,3.01724097340579,28490.2065,33132
vsp-setup-319694aa46d9a1c70d8d,2026-02-07T02:30:00+00:00,2026-02-07T02:25:00+00:00,buy,27518.25885,27212.500724642858,28746.1027,4.0157357995501135,28788.2923,33149
vsp-setup-5bb566525891a6634d59,2026-02-07T03:05:00+00:00,2026-02-07T03:00:00+00:00,buy,27518.25885,27212.38876,28746.1027,4.014265827691797,28788.2923,33156
vsp-setup-5a237d971309c21cebca,2026-02-07T05:55:00+00:00,2026-02-07T05:50:00+00:00,buy,27746.090600000003,27227.957789285712,28746.1027,1.9300304464822315,28890.2864,33190
vsp-setup-a69ef80030751c1272f6,2026-02-07T07:25:00+00:00,2026-02-07T07:20:00+00:00,buy,27901.65525,27603.16631642857,28746.1027,2.8290745653319918,28890.2864,33208
vsp-setup-81149903ac147acb45a8,2026-02-07T09:05:00+00:00,2026-02-07T09:00:00+00:00,sell,27388.739,27702.628361785715,26902.3401,1.5495870813616652,26811.0349,33228
vsp-setup-becbf2b12012646335d7,2026-02-07T12:25:00+00:00,2026-02-07T12:20:00+00:00,sell,27141.143900000003,27505.749976785715,26593.1847,1.5028800529894886,26219.1736,33268
vsp-setup-6eb3d3b297bc4c288b30,2026-02-07T17:25:00+00:00,2026-02-07T17:20:00+00:00,sell,27009.09835,27199.40701142857,26593.1847,2.1854688424473205,26219.1736,33328
vsp-setup-007b48a74fc72c414324,2026-02-08T07:15:00+00:00,2026-02-08T07:10:00+00:00,sell,25546.13625,25898.657325357144,24377.9772,3.3137282609742362,,33494
vsp-setup-7047183597e051855527,2026-02-08T10:20:00+00:00,2026-02-08T10:15:00+00:00,sell,25798.72885,25949.316138214286,25469.5152,2.1861981439729807,25446.657,33531
vsp-setup-f0d08f6e9622c78c0842,2026-02-08T15:00:00+00:00,2026-02-08T14:55:00+00:00,sell,26176.780899999998,26547.470118214285,25469.5152,1.9079748351114472,25446.657,33587
vsp-setup-1c0e6ed5d347b5bf2731,2026-02-08T15:05:00+00:00,2026-02-08T15:00:00+00:00,buy,26380.31555,26118.15463392857,27149.4649,2.933882599763406,27225.9355,33588
vsp-setup-5eacc2d9868a92580edc,2026-02-08T18:40:00+00:00,2026-02-08T18:35:00+00:00,buy,26487.87835,26306.917417142857,27149.4649,3.655963414613266,27225.9355,33631
vsp-setup-c6b7065c2d5255b290c3,2026-02-08T21:00:00+00:00,2026-02-08T20:55:00+00:00,buy,26525.85805,26348.9821825,27671.2652,6.475768380330399,27974.8846,33659
vsp-setup-c66d4f5699fa497582ba,2026-02-09T00:00:00+00:00,2026-02-08T23:55:00+00:00,buy,26878.199099999998,26580.866347857143,27671.2652,2.6672678818072897,27974.8846,33695
vsp-setup-d1e2a54e089d2a6f5519,2026-02-09T00:35:00+00:00,2026-02-09T00:30:00+00:00,buy,26692.0423,26549.65192107143,26978.8433,2.014188052297187,27149.4649,33702
vsp-setup-ceec3a01613ba124b7d5,2026-02-09T01:05:00+00:00,2026-02-09T01:00:00+00:00,buy,26760.362549999998,26625.48755142857,26978.8433,1.6198758280935117,27149.4649,33708
vsp-setup-a8971851ffa4437519ba,2026-02-09T01:20:00+00:00,2026-02-09T01:15:00+00:00,buy,26783.567750000002,26625.754913214285,27671.2652,5.625001540307785,27974.8846,33711
vsp-setup-5e38cf424461d80a1b91,2026-02-09T02:10:00+00:00,2026-02-09T02:05:00+00:00,buy,26932.67525,26666.166274285715,27671.2652,2.7713511262443102,27974.8846,33721
vsp-setup-9a9cdb35d857ecf7fd7f,2026-02-09T04:00:00+00:00,2026-02-09T03:55:00+00:00,buy,27072.37815,26752.0158375,27671.2652,1.8694054407538927,27974.8846,33743
vsp-setup-cea1bcf5091c15cee27a,2026-02-09T07:35:00+00:00,2026-02-09T07:30:00+00:00,buy,26488.97365,26195.498074285715,27035.0857,1.86084327007734,27130.5424,33786
vsp-setup-3cae5a2089f2bcf66113,2026-02-09T07:50:00+00:00,2026-02-09T07:45:00+00:00,buy,26612.6705,26195.38040214286,27671.2652,2.536831584157095,27974.8846,33789
vsp-setup-9fa04dfbe284273890b9,2026-02-09T08:00:00+00:00,2026-02-09T07:55:00+00:00,buy,26740.029649999997,26195.35794392857,27671.2652,1.7097189731347775,27974.8846,33791
vsp-setup-59e42a1bf1ea8fd11f01,2026-02-09T08:10:00+00:00,2026-02-09T08:05:00+00:00,buy,26740.029649999997,26195.153161785714,27671.2652,1.7090764056491645,27974.8846,33793
vsp-setup-58f738927a8511128caf,2026-02-09T13:05:00+00:00,2026-02-09T13:00:00+00:00,buy,27334.58245,26825.710450357143,28746.1027,2.7738218078232704,28890.2864,33852
vsp-setup-310a10a8d223ab9779da,2026-02-09T14:25:00+00:00,2026-02-09T14:20:00+00:00,sell,27002.27095,27255.18853964286,26200.0092,3.1720282924285903,26114.4702,33868
vsp-setup-479b4e30139c6e9b8365,2026-02-09T14:40:00+00:00,2026-02-09T14:35:00+00:00,sell,26900.8387,27226.188571785715,26200.0092,2.15407953337565,26114.4702,33871
vsp-setup-e93f55e28fdff3c1ac1b,2026-02-09T14:55:00+00:00,2026-02-09T14:50:00+00:00,sell,26830.81995,27226.399410714286,26200.0092,1.5946499063954576,26114.4702,33874
vsp-setup-f41d0e1fd7408c98e53d,2026-02-09T15:05:00+00:00,2026-02-09T15:00:00+00:00,sell,26686.1512,27226.60137357143,25431.5577,2.3213860617516926,25119.5505,33876
vsp-setup-80a369c51ea5185f842a,2026-02-09T17:45:00+00:00,2026-02-09T17:40:00+00:00,sell,26869.719299999997,27196.322166785714,26200.0092,2.0505334401715176,26114.4702,33908
vsp-setup-590186a78d9fd915150d,2026-02-09T19:40:00+00:00,2026-02-09T19:35:00+00:00,sell,26470.204149999998,26737.82906607143,25431.5577,3.880978143764346,25119.5505,33931
vsp-setup-56b3655d358cc7af798b,2026-02-10T01:35:00+00:00,2026-02-10T01:30:00+00:00,sell,26805.84925,27004.924464285716,26446.5024,1.805080814753046,26416.9687,34002
vsp-setup-d11855e26b104030df9e,2026-02-10T02:35:00+00:00,2026-02-10T02:30:00+00:00,sell,26307.478150000003,27005.392608214286,25119.5505,1.7021106756256184,,34014
vsp-setup-1b79dce056ddeeae1f6a,2026-02-10T04:05:00+00:00,2026-02-10T04:00:00+00:00,sell,26648.5965,26852.124374642855,26221.4699,2.0986147511711004,26200.0092,34032
vsp-setup-ad507635a598639c3109,2026-02-10T04:30:00+00:00,2026-02-10T04:25:00+00:00,sell,26578.941850000003,26849.504650357143,25431.5577,4.240731351410713,25119.5505,34037
vsp-setup-22c15d521bf5e096602b,2026-02-10T06:20:00+00:00,2026-02-10T06:15:00+00:00,sell,26731.6353,26940.40291107143,26221.4699,2.443699946470406,26200.0092,34059
vsp-setup-5d77d02f429e1d6ae671,2026-02-10T07:10:00+00:00,2026-02-10T07:05:00+00:00,sell,26486.6021,26744.94607214286,25431.5577,4.083874654588738,25119.5505,34069
vsp-setup-1dfdb815d82230240b23,2026-02-10T08:55:00+00:00,2026-02-10T08:50:00+00:00,sell,26348.97265,26618.980004285713,25431.5577,3.3977406001660904,25119.5505,34090
vsp-setup-6a0fded41b3763440d4e,2026-02-10T17:20:00+00:00,2026-02-10T17:15:00+00:00,sell,25929.57895,26336.062064285714,25119.5505,1.9927726922270959,,34191
vsp-setup-12cd21fc40177e7b5542,2026-02-11T02:30:00+00:00,2026-02-11T02:25:00+00:00,sell,25547.81205,25725.643484285716,25119.5505,2.408244367595473,,34301
vsp-setup-263d784f268a46fd5897,2026-02-11T17:10:00+00:00,2026-02-11T17:05:00+00:00,buy,25555.72185,25391.345689642858,25883.0488,1.9913286043962097,26520.8746,34477
vsp-setup-920f324d746b50369d92,2026-02-11T19:00:00+00:00,2026-02-11T18:55:00+00:00,buy,25859.548150000002,25469.20462964286,26520.8746,1.6942165439173167,26676.9565,34499
vsp-setup-b9a06d53d7c199b9e9b8,2026-02-11T21:35:00+00:00,2026-02-11T21:30:00+00:00,buy,25626.060400000002,25369.229188214285,26676.9565,4.09177721310912,26718.8667,34530
vsp-setup-db5a49419eb9d9fa544b,2026-02-11T21:55:00+00:00,2026-02-11T21:50:00+00:00,buy,25647.7998,25519.783828928572,25840.2736,1.5035139630554812,25891.5731,34534
vsp-setup-7d4ecc5a601e5d8053f7,2026-02-11T22:55:00+00:00,2026-02-11T22:50:00+00:00,buy,25927.9291,25604.83431,26676.9565,2.318289935903926,26718.8667,34546
vsp-setup-7e4d0ff14bc334e1e596,2026-02-12T00:10:00+00:00,2026-02-12T00:05:00+00:00,buy,25717.59725,25465.1546325,26676.9565,3.8003062220665345,26718.8667,34561
vsp-setup-8af9c8dcba41b5df7deb,2026-02-12T01:35:00+00:00,2026-02-12T01:30:00+00:00,buy,25453.6636,25361.870179999998,25810.4562,3.88690823372736,26009.8962,34578
vsp-setup-518494d8a145c0093e21,2026-02-12T01:50:00+00:00,2026-02-12T01:45:00+00:00,buy,25566.90595,25376.929243214287,26009.8962,2.3318135022714888,26676.9565,34581
vsp-setup-e1c1c118e0f0fbbd5d83,2026-02-12T02:05:00+00:00,2026-02-12T02:00:00+00:00,buy,25619.22165,25376.449847857144,26009.8962,1.6092253983026954,26676.9565,34584
vsp-setup-6971b6880e4ab3881467,2026-02-12T02:50:00+00:00,2026-02-12T02:45:00+00:00,buy,25927.98575,25462.768538214288,26676.9565,1.6099377474129035,26718.8667,34593
vsp-setup-3e1cd2fbd22957fed2a1,2026-02-12T04:55:00+00:00,2026-02-12T04:50:00+00:00,buy,26110.1704,25755.21626035714,26676.9565,1.596786842858859,26718.8667,34618
vsp-setup-d6e9e8ffdb0bb3ccdf6d,2026-02-12T05:05:00+00:00,2026-02-12T05:00:00+00:00,buy,26110.1704,25754.964032142856,26676.9565,1.5956529817279381,26718.8667,34620
vsp-setup-73d93af78c9bb3daf699,2026-02-12T09:40:00+00:00,2026-02-12T09:35:00+00:00,buy,26637.06615,26263.354093214286,27216.4007,1.5502163750959503,27221.5114,34675
vsp-setup-a2faaec7b7dac4d559c0,2026-02-12T11:50:00+00:00,2026-02-12T11:45:00+00:00,buy,26721.50935,26302.645474999998,27411.3734,1.6469886547270176,27671.2652,34701
vsp-setup-bc8f445696e47a98050f,2026-02-12T17:35:00+00:00,2026-02-12T17:30:00+00:00,buy,25791.4284,25621.988756785715,26184.0035,2.316902305462949,26193.1942,34770
vsp-setup-f1dcd5c2150361ad93b4,2026-02-12T17:55:00+00:00,2026-02-12T17:50:00+00:00,buy,26005.122750000002,25622.056239285714,26814.7999,2.1136725016505027,26815.0333,34774
vsp-setup-35b42e8121c98a9d0b9d,2026-02-12T19:40:00+00:00,2026-02-12T19:35:00+00:00,buy,26122.26605,25884.274046785715,26814.7999,2.909903865032216,26815.0333,34795
vsp-setup-4bf9fcf6e776e84987a8,2026-02-13T00:05:00+00:00,2026-02-13T00:00:00+00:00,buy,25825.5408,25625.994909642857,26127.3362,1.5124110021001074,26252.3198,34848
vsp-setup-50139754cebaece01720,2026-02-13T00:20:00+00:00,2026-02-13T00:15:00+00:00,buy,25871.2398,25626.045033571427,26252.3198,1.554193042334016,26256.1457,34851
vsp-setup-a87d29f52208acb4cb7a,2026-02-13T01:55:00+00:00,2026-02-13T01:50:00+00:00,buy,25910.801,25721.459053571427,26252.3198,1.8037144248373742,26256.1457,34870
vsp-setup-f2c46c78956a567d5395,2026-02-13T03:10:00+00:00,2026-02-13T03:05:00+00:00,buy,26083.304799999998,25751.296276785717,26814.7999,2.2032419316171916,26815.0333,34885
vsp-setup-c87fe26cd3549c0c0cc2,2026-02-13T05:40:00+00:00,2026-02-13T05:35:00+00:00,buy,26177.7333,25880.170951785713,26814.7999,2.1409516486985884,26815.0333,34915
vsp-setup-0a213b3b9418bd1ea81c,2026-02-13T09:00:00+00:00,2026-02-13T08:55:00+00:00,buy,26180.8465,25973.408716785714,26814.7999,3.0561134532811773,26815.0333,34955
vsp-setup-acdc53a5e26cac52b786,2026-02-13T12:25:00+00:00,2026-02-13T12:20:00+00:00,buy,25982.8186,25842.922039642857,26278.3856,2.112753875044896,26383.7003,34996
vsp-setup-48635dadf11cc525f5de,2026-02-13T15:45:00+00:00,2026-02-13T15:40:00+00:00,buy,26432.34705,25959.861511785715,27216.4007,1.6594235941342366,27411.3734,35036
vsp-setup-1d62045c82cc70e8d512,2026-02-13T16:05:00+00:00,2026-02-13T16:00:00+00:00,buy,26432.34705,25959.64854785714,27216.4007,1.6586759772787287,27411.3734,35040
vsp-setup-7ca0b069c808de0b589b,2026-02-13T16:40:00+00:00,2026-02-13T16:35:00+00:00,buy,26185.62615,26041.853655714287,26503.229,2.20906545148226,26815.0333,35047
vsp-setup-ebcf4e26381939c09f7e,2026-02-13T17:05:00+00:00,2026-02-13T17:00:00+00:00,buy,26302.61765,26022.525876071428,26815.0333,1.8294562628985767,27031.5639,35052
vsp-setup-d23fa2d6d5d47410680f,2026-02-13T22:35:00+00:00,2026-02-13T22:30:00+00:00,buy,26547.34065,26305.934184642858,27028.3982,1.992728526505359,27031.5639,35118
vsp-setup-91baf33d795ef4341fa7,2026-02-13T23:40:00+00:00,2026-02-13T23:35:00+00:00,buy,26549.9551,26430.527288928573,26903.5118,2.9604218383316967,27028.3982,35131
vsp-setup-2e039d60bbbf7716c50f,2026-02-14T00:15:00+00:00,2026-02-14T00:10:00+00:00,buy,26712.1795,26430.92775107143,27216.4007,1.7927753406719706,27411.3734,35138
vsp-setup-08f045d5d650048287af,2026-02-14T02:20:00+00:00,2026-02-14T02:15:00+00:00,sell,26066.7817,26741.051771785715,24797.7533,1.8820773056694409,,35163
vsp-setup-1731ce4ac74b82657eec,2026-02-14T03:50:00+00:00,2026-02-14T03:45:00+00:00,sell,26352.75935,26590.584950357144,25949.3054,1.6964277579626834,25902.2716,35181
vsp-setup-1574a9fca0476984e720,2026-02-14T04:05:00+00:00,2026-02-14T04:00:00+00:00,sell,26347.27485,26590.7924725,25949.3054,1.63425318428444,25902.2716,35184
vsp-setup-a74c73009a15b620b778,2026-02-14T07:40:00+00:00,2026-02-14T07:35:00+00:00,sell,26447.12525,26810.20104714286,25902.2716,1.500660893090652,25847.5533,35227
vsp-setup-47a39345d46a7146734f,2026-02-14T08:50:00+00:00,2026-02-14T08:45:00+00:00,sell,26683.24915,26749.004954285712,26482.4821,3.0532217221107123,26392.241,35241
vsp-setup-7f4c63122f1d9f1afbe1,2026-02-14T13:15:00+00:00,2026-02-14T13:10:00+00:00,buy,27440.58955,27169.75976142857,27974.8846,1.9728075438757766,28746.1027,35294
vsp-setup-81fa07757edccd6e7b75,2026-02-14T21:55:00+00:00,2026-02-14T21:50:00+00:00,buy,27383.099199999997,27021.911211785715,27974.8846,1.6384415299240673,28746.1027,35398
vsp-setup-c9e1dde739c12601a3e0,2026-02-14T22:05:00+00:00,2026-02-14T22:00:00+00:00,sell,27068.1408,27608.513281785716,26223.9306,1.562274594757721,25949.3054,35400
vsp-setup-621e1ba44e30e6e5e438,2026-02-15T11:35:00+00:00,2026-02-15T11:30:00+00:00,sell,26690.057249999998,26932.403623214286,26295.2133,1.6292546274289343,25960.2343,35562
vsp-setup-a94b464016dda02d81f3,2026-02-15T12:00:00+00:00,2026-02-15T11:55:00+00:00,sell,26632.0878,26931.677145,25960.2343,2.242581424249251,25949.3054,35567
vsp-setup-42ae411e74492655fee0,2026-02-15T12:10:00+00:00,2026-02-15T12:05:00+00:00,sell,26544.858,26709.496491428574,26295.2133,1.516320380694851,25960.2343,35569
vsp-setup-c833cc4f1368cd189b27,2026-02-15T17:30:00+00:00,2026-02-15T17:25:00+00:00,sell,26534.46285,26986.239028214284,25731.036,1.778373647711284,25726.2234,35633
vsp-setup-d01ee2867422179fca74,2026-02-15T22:25:00+00:00,2026-02-15T22:20:00+00:00,buy,27113.3567,26755.05830785714,27671.2652,1.557105787339265,27974.8846,35692
vsp-setup-42e3f3fd1dcb887985f3,2026-02-16T00:30:00+00:00,2026-02-16T00:25:00+00:00,buy,26516.5545,26375.331350714285,26916.2558,2.830281735123685,27244.0138,35717
vsp-setup-8e5de0c8f2ffb7923b9d,2026-02-16T00:45:00+00:00,2026-02-16T00:40:00+00:00,buy,26644.237399999998,26375.463236785712,27244.0138,2.2315255038923425,27481.8126,35720
vsp-setup-32de0511fe685333e9fe,2026-02-16T02:05:00+00:00,2026-02-16T02:00:00+00:00,buy,26581.75875,26375.089684285715,26916.2558,1.6185153246999733,27244.0138,35736
vsp-setup-42c179b90b12fd7d4fe2,2026-02-16T02:15:00+00:00,2026-02-16T02:10:00+00:00,buy,26672.8894,26419.1716975,27244.0138,2.2510230637139106,27481.8126,35738
vsp-setup-f3e7bd2a68950ae68c6c,2026-02-16T03:00:00+00:00,2026-02-16T02:55:00+00:00,buy,26957.60955,26522.826166785715,27671.2652,1.641405071012731,27974.8846,35747
vsp-setup-e6c69505be71fac95bea,2026-02-16T03:10:00+00:00,2026-02-16T03:05:00+00:00,buy,26981.92325,26522.672272142856,27671.2652,1.5010135704369274,27974.8846,35749
vsp-setup-5c905825ec17aaa83acd,2026-02-16T03:30:00+00:00,2026-02-16T03:25:00+00:00,buy,26995.0766,26522.545111785712,27974.8846,2.0735295412856543,28746.1027,35753
vsp-setup-733ab76fbc69be8b2354,2026-02-16T03:40:00+00:00,2026-02-16T03:35:00+00:00,buy,27065.35955,26906.643897857142,27603.6395,3.39147363686285,27671.2652,35755
vsp-setup-53ca3db7bac04b1bc3d7,2026-02-16T06:10:00+00:00,2026-02-16T06:05:00+00:00,buy,27907.057249999998,27551.33973714286,28746.1027,2.3587409100573904,28890.2864,35785
vsp-setup-97794c197c9784c15793,2026-02-16T07:45:00+00:00,2026-02-16T07:40:00+00:00,buy,27543.557800000002,27344.826505,28015.6124,2.375341035240555,28746.1027,35804
vsp-setup-a4cbb821d5731f76c47a,2026-02-17T00:15:00+00:00,2026-02-17T00:10:00+00:00,buy,27782.84755,27541.929986785715,28147.2453,1.51254124082223,28150.4035,36002
vsp-setup-d1ef9c8975ed43738cee,2026-02-17T03:15:00+00:00,2026-02-17T03:10:00+00:00,buy,27870.742550000003,27686.77784,28147.2453,1.5030206065064884,28150.4035,36038
vsp-setup-06f6369589af9e78add0,2026-02-17T10:40:00+00:00,2026-02-17T10:35:00+00:00,buy,28088.744899999998,27924.249902142856,28339.5093,1.5244500031410275,28340.1303,36127
vsp-setup-c52aa1ee7c8cbd563848,2026-02-17T11:05:00+00:00,2026-02-17T11:00:00+00:00,buy,28088.744899999998,27924.36601142857,28339.5093,1.5255268007913259,28340.1303,36132
vsp-setup-af9e502c5bf4fd5479ec,2026-02-17T15:10:00+00:00,2026-02-17T15:05:00+00:00,buy,28478.799,28334.128151785713,28722.9874,1.687889460897554,,36181
vsp-setup-27c24d0c556322a87f14,2026-02-17T23:55:00+00:00,2026-02-17T23:50:00+00:00,buy,28637.9769,28495.809853214283,28974.1574,2.3646865261730263,,36286
vsp-setup-151d9d604c11caad11a2,2026-02-18T03:35:00+00:00,2026-02-18T03:30:00+00:00,sell,28139.4644,28389.330519642856,27742.6859,1.5879643889581119,27691.4424,36330
vsp-setup-9dffca9f9cf929fb0af5,2026-02-18T05:10:00+00:00,2026-02-18T05:05:00+00:00,sell,28296.9727,28504.544212857145,27929.2104,1.7717378215241777,27913.6639,36349
vsp-setup-63b5844a5fcf607d8f3d,2026-02-18T06:10:00+00:00,2026-02-18T06:05:00+00:00,sell,27970.874900000003,28373.314723571428,26375.8299,3.963437280746428,26261.7515,36361
vsp-setup-ac756c8021853bab5aad,2026-02-19T06:55:00+00:00,2026-02-19T06:50:00+00:00,buy,30412.71015,30281.741105714285,30797.7039,2.93957821941591,30810.2316,36658
vsp-setup-8b0e43ec7113d58b139e,2026-02-20T04:45:00+00:00,2026-02-20T04:40:00+00:00,buy,32877.632750000004,32583.464480714283,33425.1011,1.8610720705170545,33425.766,36920
vsp-setup-6d23132cafb47c800c3d,2026-02-20T05:40:00+00:00,2026-02-20T05:35:00+00:00,buy,33031.728950000004,32851.32025428571,33425.1011,2.1804500522689008,33425.766,36931
vsp-setup-8f05e521845c9604ff6c,2026-02-21T06:05:00+00:00,2026-02-21T06:00:00+00:00,buy,34721.6713,34565.909699285716,35049.5738,2.105156203430838,,37224
vsp-setup-8dc2a2a67ce2d0f5f206,2026-02-21T10:25:00+00:00,2026-02-21T10:20:00+00:00,buy,34665.51055,34473.371034642856,35094.5292,2.232849651996632,35105.3368,37276
vsp-setup-847ff64ed0c3eb146d64,2026-02-21T11:00:00+00:00,2026-02-21T10:55:00+00:00,buy,34851.9825,34514.439987142854,35370.9244,1.5374119710355818,,37283
vsp-setup-d92581ba50acd370be49,2026-02-21T11:15:00+00:00,2026-02-21T11:10:00+00:00,buy,34805.136,34669.578342857145,35094.5292,2.1348347714141265,35105.3368,37286
vsp-setup-f0db6829fe8ea812ab1e,2026-02-21T13:30:00+00:00,2026-02-21T13:25:00+00:00,buy,34988.02255,34763.65088785715,35370.9244,1.7065517380542221,,37313
vsp-setup-8242453a700ed53a3a4d,2026-02-21T14:05:00+00:00,2026-02-21T14:00:00+00:00,buy,34988.02255,34763.97185821429,35370.9244,1.7089965085500294,,37320
vsp-setup-7cb7557062aae6d56777,2026-02-21T20:10:00+00:00,2026-02-21T20:05:00+00:00,buy,35477.50175,35341.598568214285,35786.8797,2.2764584753269395,35804.785,37393
vsp-setup-bf22954d8eba00e93632,2026-02-22T00:10:00+00:00,2026-02-22T00:05:00+00:00,buy,35024.149300000005,34758.43023535714,35634.2159,2.2959082774882895,35786.8797,37441
vsp-setup-4d03671bddabdf2e7b1d,2026-02-22T02:20:00+00:00,2026-02-22T02:15:00+00:00,buy,34954.4691,34516.700697857144,35634.2159,1.5527543711987188,35786.8797,37467
vsp-setup-1ee722ae2969b63a7dd7,2026-02-22T02:25:00+00:00,2026-02-22T02:20:00+00:00,buy,35044.63805,34759.78534607143,35634.2159,2.0697639231391904,35786.8797,37468
vsp-setup-bbf052b6fd30a8e2dd35,2026-02-22T02:40:00+00:00,2026-02-22T02:35:00+00:00,buy,35051.7901,34759.53607142857,35634.2159,1.9928751807014293,35786.8797,37471
vsp-setup-80c86bc776c81396a42e,2026-02-22T03:30:00+00:00,2026-02-22T03:25:00+00:00,buy,35277.4544,34951.1448125,35786.8797,1.5611717200923356,35804.785,37481
vsp-setup-89c5aabac37bb54d40be,2026-02-22T08:10:00+00:00,2026-02-22T08:05:00+00:00,sell,34119.284799999994,34711.5634425,33207.981,1.5386403199571408,32999.9781,37537
vsp-setup-ca2f1aa6849aef707729,2026-02-22T12:25:00+00:00,2026-02-22T12:20:00+00:00,sell,34346.2431,34634.402890714286,33873.3152,1.641200178649895,33732.418,37588
vsp-setup-1558e88a074c2555aac5,2026-02-22T12:40:00+00:00,2026-02-22T12:35:00+00:00,sell,34269.64695,34634.37326,33470.8581,2.190104821338522,33382.9785,37591
vsp-setup-dc551c10592fa0c40659,2026-02-22T14:00:00+00:00,2026-02-22T13:55:00+00:00,sell,34326.79275,34607.67478964286,33873.3152,1.6144768479202278,33732.418,37607
vsp-setup-c76d60402e556c2def34,2026-02-22T16:05:00+00:00,2026-02-22T16:00:00+00:00,sell,34658.85415,34843.51758107143,34231.534,2.314048577569803,34176.9688,37632
vsp-setup-6fad2e776d895ac5d04a,2026-02-22T16:15:00+00:00,2026-02-22T16:10:00+00:00,sell,34518.3578,34845.00328321429,33873.3152,1.9747482611808485,33732.418,37634
vsp-setup-e9090d42c20bc7b8b6a2,2026-02-22T17:15:00+00:00,2026-02-22T17:10:00+00:00,sell,34465.42545,34608.415148214284,34231.534,1.6357223836468082,34176.9688,37646
vsp-setup-e303b01737f858e343fe,2026-02-22T20:30:00+00:00,2026-02-22T20:25:00+00:00,buy,34913.062600000005,34707.385096071426,35404.8579,2.3910991265762043,35414.1866,37685
vsp-setup-cfdd3de180235d5a7e69,2026-02-22T21:25:00+00:00,2026-02-22T21:20:00+00:00,sell,34792.0651,35142.35723,34231.534,1.6001818253809972,34176.9688,37696
vsp-setup-5c8a07769d18308528fe,2026-02-22T21:35:00+00:00,2026-02-22T21:30:00+00:00,sell,34698.800050000005,35141.96446464286,33873.3152,1.8627056296143956,33732.418,37698
vsp-setup-c98ecd3a110558880a9c,2026-02-22T22:05:00+00:00,2026-02-22T22:00:00+00:00,sell,34384.574949999995,35141.64084607142,33207.981,1.554149983648167,32999.9781,37704
vsp-setup-5fcbafe69b4591af2014,2026-02-23T00:00:00+00:00,2026-02-22T23:55:00+00:00,sell,34484.998049999995,34935.38096071428,33732.418,1.6709782544955727,33624.31,37727
vsp-setup-f0ee55ffca6fd5930859,2026-02-23T01:05:00+00:00,2026-02-23T01:00:00+00:00,sell,34484.998049999995,34934.94268535714,33732.418,1.6726058960623673,33624.31,37740
vsp-setup-17d884c7f7ebfa0cf504,2026-02-23T02:20:00+00:00,2026-02-23T02:15:00+00:00,sell,34232.2145,34704.252895,33470.8581,1.6129120174641953,33382.9785,37755
vsp-setup-5c4cf1affa7b16f071c7,2026-02-23T09:30:00+00:00,2026-02-23T09:25:00+00:00,sell,34010.263699999996,34148.6284025,33509.7089,3.6176480775506175,33375.3676,37841
vsp-setup-70ed1dc1c4bf7f0ed6cc,2026-02-23T11:25:00+00:00,2026-02-23T11:20:00+00:00,sell,33779.40375,34202.18999464286,32586.6092,2.821270949833243,30174.5685,37864
vsp-setup-9b7e5f5fd762079a10db,2026-02-24T12:40:00+00:00,2026-02-24T12:35:00+00:00,buy,35603.2524,35350.21273071429,36000.9164,1.5715480545898,36033.6725,38167
vsp-setup-db8ffb54fbe7a323111c,2026-02-24T15:30:00+00:00,2026-02-24T15:25:00+00:00,buy,35456.457200000004,35116.964575,36000.9164,1.603743822122756,36033.6725,38201
vsp-setup-8066b55eb9d3a07263d5,2026-02-24T16:05:00+00:00,2026-02-24T16:00:00+00:00,buy,35456.457200000004,35118.104230714285,36000.9164,1.6091456243146895,36033.6725,38208
vsp-setup-15eb8b43914869e97333,2026-02-24T16:15:00+00:00,2026-02-24T16:10:00+00:00,buy,35537.1152,35214.50607142857,36033.6725,1.5391917215698332,36137.7838,38210
vsp-setup-54c726c838ed5815652a,2026-02-24T19:30:00+00:00,2026-02-24T19:25:00+00:00,buy,35081.26735,34854.12396392857,35658.6811,2.542067193708278,35750.8065,38249
vsp-setup-cbf2e4d555bfb3b8abd5,2026-02-24T22:00:00+00:00,2026-02-24T21:55:00+00:00,buy,34971.65425,34679.49960428572,35658.6811,2.351586257751622,35750.8065,38279
vsp-setup-d9e0a975eb197fb69978,2026-02-24T22:05:00+00:00,2026-02-24T22:00:00+00:00,buy,34971.65425,34679.59849607143,35658.6811,2.352382518606451,35750.8065,38280
vsp-setup-e26b7117c7db428746f6,2026-02-24T22:25:00+00:00,2026-02-24T22:20:00+00:00,buy,35028.68965,34679.125348214286,35658.6811,1.802219067512765,35750.8065,38284
vsp-setup-9c76ac236a9a2f2251fb,2026-02-25T00:10:00+00:00,2026-02-25T00:05:00+00:00,buy,34894.56285,34467.43248928572,35658.6811,1.7889579394969166,35750.8065,38305
vsp-setup-2b386de896b70eb4f6d0,2026-02-25T01:05:00+00:00,2026-02-25T01:00:00+00:00,buy,34894.56285,34467.66906357143,35658.6811,1.7899493370298971,35750.8065,38316
vsp-setup-c6425130f502f34cb64e,2026-02-25T02:40:00+00:00,2026-02-25T02:35:00+00:00,buy,34918.02295,34759.06229321428,35156.4863,1.5001406940677766,35199.5868,38335
vsp-setup-347880c471517c535df8,2026-02-25T04:45:00+00:00,2026-02-25T04:40:00+00:00,buy,35277.5802,34625.97959178572,36259.7303,1.507288494852092,36282.488,38360
vsp-setup-e572d8aec8153d101f73,2026-02-25T06:50:00+00:00,2026-02-25T06:45:00+00:00,buy,34746.56345,34390.40099321429,35296.6868,1.5445854539659811,35344.5353,38385
vsp-setup-0f35dfda56593e95ebec,2026-02-25T08:00:00+00:00,2026-02-25T07:55:00+00:00,buy,35013.485400000005,34654.077098214286,35658.6811,1.7951608151351635,35750.8065,38399
vsp-setup-f1c9f24ef76b1b241e28,2026-02-25T11:05:00+00:00,2026-02-25T11:00:00+00:00,sell,33911.785449999996,34692.20247214285,32586.6092,1.6980360658476508,30174.5685,38436
vsp-setup-8e53481c732a04a252b8,2026-02-25T11:10:00+00:00,2026-02-25T11:05:00+00:00,sell,33997.658800000005,34692.36421428571,32586.6092,2.0311481254983987,30174.5685,38437
vsp-setup-66016143c8222fb9e192,2026-02-25T13:40:00+00:00,2026-02-25T13:35:00+00:00,sell,34578.9403,34844.08245,33936.6798,2.4223251565245465,33855.1026,38467
vsp-setup-016d6188553569776d3f,2026-02-25T13:50:00+00:00,2026-02-25T13:45:00+00:00,sell,34405.403,34844.454743214286,33215.107,2.7110608678737154,33207.981,38469
vsp-setup-f6cd413561fcd02ab8c8,2026-02-25T14:00:00+00:00,2026-02-25T13:55:00+00:00,sell,34412.6247,34844.315421428575,33215.107,2.774017694976406,33207.981,38471
vsp-setup-6020daea8eecfc7ab544,2026-02-25T15:10:00+00:00,2026-02-25T15:05:00+00:00,sell,34579.15885,34768.03937607143,34239.5697,1.7979045117206918,34239.3921,38485
vsp-setup-c5af523fbe2a9ead2917,2026-02-25T17:45:00+00:00,2026-02-25T17:40:00+00:00,sell,34743.8527,35293.86733142858,33855.1026,1.6158662864869981,33768.1183,38516
vsp-setup-f4c0373276b95cb272c8,2026-02-25T18:05:00+00:00,2026-02-25T18:00:00+00:00,sell,34602.51285,35293.83958821429,33215.107,2.0068742800020956,33207.981,38520
vsp-setup-ffb24478d6d8924af88c,2026-02-25T18:30:00+00:00,2026-02-25T18:25:00+00:00,sell,34419.07495,34820.634627857144,33215.107,2.998229195781755,33207.981,38525
vsp-setup-72aae90a05c348c009e3,2026-02-25T20:15:00+00:00,2026-02-25T20:10:00+00:00,sell,34665.1789,34887.45181321429,34328.5965,1.5142753794543644,34239.5697,38546
vsp-setup-acfe7434b057ec130411,2026-02-25T20:20:00+00:00,2026-02-25T20:15:00+00:00,sell,34732.0455,35021.209579285714,34239.5697,1.7031015789253678,34239.3921,38547
vsp-setup-bad2555467fdd4859f0e,2026-02-26T01:00:00+00:00,2026-02-26T00:55:00+00:00,buy,35406.8907,34834.385428571426,36534.768,1.9700732137986965,,38603
vsp-setup-99e83de4ad32c040a103,2026-02-26T03:20:00+00:00,2026-02-26T03:15:00+00:00,buy,34878.20345,34605.59395678571,35320.4632,1.6223196954199761,35525.6168,38631
vsp-setup-25ff3cb65312eaf9c223,2026-02-26T03:45:00+00:00,2026-02-26T03:40:00+00:00,buy,35162.2388,34811.47536428572,36534.768,3.9129768392336284,,38636
vsp-setup-dbef36f9821bb53384d3,2026-02-26T18:55:00+00:00,2026-02-26T18:50:00+00:00,buy,36970.6052,36703.4699875,37471.408,1.8747165351704036,37532.1024,38818
vsp-setup-ed367468ce1aabe75fc4,2026-02-26T20:50:00+00:00,2026-02-26T20:45:00+00:00,buy,37159.8485,36796.67250535714,37740.7277,1.5994427180442699,,38841
vsp-setup-a338c370914568159332,2026-02-27T01:15:00+00:00,2026-02-27T01:10:00+00:00,sell,36673.7348,37288.010794642854,35096.6953,2.567314226428301,34816.4351,38894
vsp-setup-dc5ce330684849bb12ec,2026-02-27T03:10:00+00:00,2026-02-27T03:05:00+00:00,sell,36558.38635,37128.806305000006,35096.6953,2.562482320591307,34816.4351,38917
vsp-setup-f8c5a791c85d853baca6,2026-02-27T05:25:00+00:00,2026-02-27T05:20:00+00:00,sell,37149.61095,37379.89791428571,36445.3918,3.058007005234987,36300.6036,38944
vsp-setup-be5c215b6356ee4e7c1f,2026-02-27T05:40:00+00:00,2026-02-27T05:35:00+00:00,sell,37055.483349999995,37379.62729964286,36445.3918,1.882162387026455,36300.6036,38947
vsp-setup-29b130d896906cc02206,2026-02-27T05:55:00+00:00,2026-02-27T05:50:00+00:00,sell,37054.343349999996,37168.101865714285,36445.3918,5.353019474422578,36300.6036,38950
vsp-setup-ddb4f6c463241d2f0eab,2026-02-27T09:05:00+00:00,2026-02-27T09:00:00+00:00,sell,37220.85595,37613.86903357143,36445.3918,1.9731255330054671,36300.6036,38988
vsp-setup-92811ec478633d315894,2026-02-27T09:45:00+00:00,2026-02-27T09:40:00+00:00,sell,36880.06415,37307.478743214284,34610.5631,5.309835195220342,34604.8083,38996
vsp-setup-c4fecaa1b6d773875ff0,2026-02-27T10:05:00+00:00,2026-02-27T10:00:00+00:00,sell,36775.46325,37345.60588214285,34610.5631,3.7971202782421933,34604.8083,39000
vsp-setup-1216b5d7d63b88dec726,2026-02-27T10:20:00+00:00,2026-02-27T10:15:00+00:00,sell,36722.26825,37345.49124178571,34610.5631,3.3883620755860844,34604.8083,39003
vsp-setup-0c050f89c874eb301d84,2026-02-27T12:00:00+00:00,2026-02-27T11:55:00+00:00,sell,36645.461200000005,36857.910789285714,34610.5631,9.578263280440682,34604.8083,39023
vsp-setup-12f8dbc779af551e9c74,2026-02-27T15:00:00+00:00,2026-02-27T14:55:00+00:00,sell,36069.669299999994,37029.19453821429,34610.5631,1.5206543214177848,34604.8083,39059
vsp-setup-486b2650a27dd9e70038,2026-02-27T18:05:00+00:00,2026-02-27T18:00:00+00:00,buy,36627.1029,36113.41187464286,37511.0359,1.7207483805765453,37607.1048,39096
vsp-setup-db22f12ff395b7f2791c,2026-02-27T22:25:00+00:00,2026-02-27T22:20:00+00:00,buy,37140.40505,36911.50473178572,37511.0359,1.6191801430919666,37607.1048,39148
vsp-setup-4867b2973b99fc0051ec,2026-02-28T00:40:00+00:00,2026-02-28T00:35:00+00:00,buy,37189.953349999996,36934.879147857144,37607.1048,1.6354121526032745,37643.6609,39175
vsp-setup-0712bb7bda79311d6cff,2026-02-28T02:40:00+00:00,2026-02-28T02:35:00+00:00,buy,36799.617150000005,36644.11718964286,37287.2057,3.1356184842755663,37417.9377,39199
vsp-setup-4e3c37ce43208fd2ab3c,2026-02-28T07:50:00+00:00,2026-02-28T07:45:00+00:00,sell,36118.68085,36289.01557357143,35834.1038,1.670693115491858,35793.3794,39261
vsp-setup-99a9be857bdecc581183,2026-02-28T13:55:00+00:00,2026-02-28T13:50:00+00:00,sell,35773.46725,36151.68346178572,34610.5631,3.0747073069910216,34604.8083,39334
vsp-setup-41252fb453361c8ca91b,2026-02-28T18:05:00+00:00,2026-02-28T18:00:00+00:00,sell,35031.310849999994,35716.93081535714,33855.1026,1.7155396712919502,33215.107,39384
vsp-setup-7d664b17a78b5fe2ab8e,2026-02-28T21:10:00+00:00,2026-02-28T21:05:00+00:00,sell,35286.68535,35457.77180821429,35017.1905,1.575196849667989,35013.2258,39421
vsp-setup-ffaba0fe3d8b647384ed,2026-02-28T21:50:00+00:00,2026-02-28T21:45:00+00:00,sell,35207.7621,35380.86457392857,34732.0822,2.747967081026737,34610.5631,39429
vsp-setup-962d615064a810b0b14d,2026-02-28T22:55:00+00:00,2026-02-28T22:50:00+00:00,sell,35219.64945,35421.90460142857,34732.0822,2.4106542975850243,34610.5631,39442
vsp-setup-a1e583eaa74d1de3dec4,2026-02-28T23:10:00+00:00,2026-02-28T23:05:00+00:00,sell,35108.6001,35387.26459035715,34610.5631,1.7872280725890388,34344.5589,39445
vsp-setup-29c85e964a8d53167843,2026-02-28T23:55:00+00:00,2026-02-28T23:50:00+00:00,sell,34939.5199,35387.192768214285,33855.1026,2.4223431371340722,33215.107,39454
vsp-setup-82555b03a19ff9e049aa,2026-03-01T01:55:00+00:00,2026-03-01T01:50:00+00:00,buy,35861.2674,35201.2873425,36955.5335,1.6580290382486373,37287.2057,39478
vsp-setup-861739ce2d0969d7edc6,2026-03-01T03:05:00+00:00,2026-03-01T03:00:00+00:00,buy,35861.2674,35201.557120714286,36955.5335,1.6587070633260352,37287.2057,39492
vsp-setup-ea099ee2b0337e9832ce,2026-03-01T04:45:00+00:00,2026-03-01T04:40:00+00:00,buy,35816.31525,35412.87458607143,36527.2091,1.762077830919573,36955.5335,39512
vsp-setup-0326a802d587acebbe07,2026-03-01T10:35:00+00:00,2026-03-01T10:30:00+00:00,sell,34197.03885,34689.37314357143,33215.107,1.9944413030361596,33207.981,39582
vsp-setup-31a92da9ff4cf4e01ceb,2026-03-01T11:05:00+00:00,2026-03-01T11:00:00+00:00,sell,34197.03885,34689.393775714285,33215.107,1.9943577259340879,33207.981,39588
vsp-setup-5562fa9a6947015070db,2026-03-01T16:10:00+00:00,2026-03-01T16:05:00+00:00,sell,33795.686449999994,34079.73844821428,33215.107,2.043919612077522,33207.981,39649
vsp-setup-35ad4f3d76f09230af52,2026-03-01T21:30:00+00:00,2026-03-01T21:25:00+00:00,sell,33696.84685,33880.072432857145,33392.517,1.6609571941560188,33215.107,39713
vsp-setup-b026a1d43af2cdfc8042,2026-03-02T00:10:00+00:00,2026-03-02T00:05:00+00:00,sell,33777.312600000005,34070.23923678571,33215.107,1.9192710030371551,33207.981,39745
vsp-setup-7058f9adbe4d9bae3263,2026-03-02T03:00:00+00:00,2026-03-02T02:55:00+00:00,sell,33783.529800000004,34237.31559642857,32586.6092,2.6376334592667763,30174.5685,39779
vsp-setup-8af7b260969073cd8fa8,2026-03-02T04:25:00+00:00,2026-03-02T04:20:00+00:00,sell,34054.3768,34220.73342464286,33685.961,2.2146145414462617,33604.185,39796
vsp-setup-6171c1ec001b428248bd,2026-03-02T04:35:00+00:00,2026-03-02T04:30:00+00:00,sell,33958.405549999996,34207.672928214284,33392.517,2.2702070124616034,33215.107,39798
vsp-setup-da6589bf9e7394f70622,2026-03-02T06:30:00+00:00,2026-03-02T06:25:00+00:00,sell,34040.8298,34449.50566392857,33392.517,1.5863740857309743,33215.107,39821
vsp-setup-83b4bbe00529518be7e6,2026-03-02T09:35:00+00:00,2026-03-02T09:30:00+00:00,sell,33991.176699999996,34314.129036428574,33392.517,1.8537091467439883,33215.107,39858
vsp-setup-535d89f18510bdfd9ae9,2026-03-02T10:00:00+00:00,2026-03-02T09:55:00+00:00,sell,33906.8063,34314.32861571429,33215.107,1.697328645150654,33207.981,39863
vsp-setup-3ecdc30324758eaef902,2026-03-02T11:50:00+00:00,2026-03-02T11:45:00+00:00,sell,33745.383050000004,33982.50116607143,33215.107,2.2363371419510942,33207.981,39885
vsp-setup-c9189fb134c1ee31f2b3,2026-03-02T12:50:00+00:00,2026-03-02T12:45:00+00:00,sell,33703.14315,33969.48787928572,33215.107,1.83234769206365,33207.981,39897
vsp-setup-fc7f0de5b1b782823508,2026-03-02T15:45:00+00:00,2026-03-02T15:40:00+00:00,sell,33824.12885,33979.76275142857,33515.2069,1.98492710883938,33392.517,39932
vsp-setup-786170a654c1ba9fdfc0,2026-03-02T17:35:00+00:00,2026-03-02T17:30:00+00:00,sell,33864.1842,34133.96966821428,33392.517,1.7483046923245653,33215.107,39954
vsp-setup-b3fa777193311f9696b5,2026-03-02T18:10:00+00:00,2026-03-02T18:05:00+00:00,sell,33882.97155,34023.43053607143,33651.1395,1.6505319914677001,33603.7941,39961
vsp-setup-8e838741fd2318dc26bb,2026-03-03T04:10:00+00:00,2026-03-03T04:05:00+00:00,buy,35311.4446,34390.961227142856,37478.7809,2.3545632261370057,37643.6609,40081
vsp-setup-29e5a355942400899868,2026-03-03T08:35:00+00:00,2026-03-03T08:30:00+00:00,buy,34737.3647,34406.38306857143,35421.4582,2.0668624329614405,35563.6739,40134
vsp-setup-7396f8bf1bb51248c6e8,2026-03-03T08:45:00+00:00,2026-03-03T08:40:00+00:00,buy,34874.997149999996,34406.20286571428,35982.9362,2.3633800307273933,36145.4417,40136
vsp-setup-b83af95f8dcddbc153bd,2026-03-03T10:25:00+00:00,2026-03-03T10:20:00+00:00,buy,35012.8211,34865.266241785714,35421.4582,2.769391024770966,35563.6739,40156
vsp-setup-e3186aabd7e94069ac15,2026-03-03T10:45:00+00:00,2026-03-03T10:40:00+00:00,buy,35179.01255,34864.428907857146,35982.9362,2.5555163788043735,36145.4417,40160
vsp-setup-2332773fa526e9c8e844,2026-03-03T11:10:00+00:00,2026-03-03T11:05:00+00:00,buy,35246.4862,35025.53910285715,35982.9362,3.333150828969015,36145.4417,40165
vsp-setup-0a45083129e3b440838e,2026-03-03T15:10:00+00:00,2026-03-03T15:05:00+00:00,buy,35740.96165,35120.81207535714,37478.7809,2.80225823100953,37643.6609,40213
vsp-setup-0e31f06428041611d075,2026-03-03T17:35:00+00:00,2026-03-03T17:30:00+00:00,buy,36140.21805,35522.83845428571,37478.7809,2.168135875062908,37643.6609,40242
vsp-setup-6f2a339ede0141b7e81a,2026-03-03T18:00:00+00:00,2026-03-03T17:55:00+00:00,buy,36242.84,35523.52560928571,37478.7809,1.7182207334580053,37643.6609,40247
vsp-setup-4985e676351c6e95e113,2026-03-03T19:30:00+00:00,2026-03-03T19:25:00+00:00,buy,35817.054050000006,35664.532282857144,36355.7117,3.53167721624581,37478.7809,40265
vsp-setup-0ba9ca63573eafd11ece,2026-03-03T19:40:00+00:00,2026-03-03T19:35:00+00:00,buy,35890.6847,35664.25101214286,36355.7117,2.0537005972953595,37478.7809,40267
vsp-setup-71250d2aa355bc855ff8,2026-03-03T20:45:00+00:00,2026-03-03T20:40:00+00:00,buy,35887.889299999995,35602.21502178571,36355.7117,1.6376077080663642,37478.7809,40280
vsp-setup-261d2b3efcc8bbe424bc,2026-03-03T22:00:00+00:00,2026-03-03T21:55:00+00:00,buy,36159.91575,35614.81021928572,37478.7809,2.4194675630456675,37643.6609,40295
vsp-setup-083638a051702e3a2458,2026-03-03T22:30:00+00:00,2026-03-03T22:25:00+00:00,buy,36326.847299999994,36072.84995785714,37478.7809,4.535219110096602,37643.6609,40301
vsp-setup-b8360554f2853ff9fd53,2026-03-04T00:50:00+00:00,2026-03-04T00:45:00+00:00,buy,35893.85335,35552.70837178571,36424.431,1.5552849488721483,37478.7809,40329
vsp-setup-460e2d0b82621fe15565,2026-03-04T01:50:00+00:00,2026-03-04T01:45:00+00:00,buy,36053.89295,35778.706712142855,37478.7809,5.177904102674209,37643.6609,40341
vsp-setup-b26616304d6f6448af64,2026-03-04T02:05:00+00:00,2026-03-04T02:00:00+00:00,buy,36099.56465,35734.232338571426,37478.7809,3.7752375217149323,37643.6609,40344
vsp-setup-c0f7720213f2d4953309,2026-03-04T03:15:00+00:00,2026-03-04T03:10:00+00:00,sell,35753.02755,36232.08952964286,35032.4345,1.5041749932591177,34887.2387,40358
vsp-setup-fe7cb105b5fb512d4878,2026-03-04T04:10:00+00:00,2026-03-04T04:05:00+00:00,sell,35398.1986,36232.34644071428,34102.1456,1.5537449559183576,34100.9292,40369
vsp-setup-c544ceaabcfaeadba55a,2026-03-04T11:50:00+00:00,2026-03-04T11:45:00+00:00,sell,35041.1539,35845.57961571429,33515.2069,1.8969396057223626,33392.517,40461
vsp-setup-17ed90d0c0299bda9345,2026-03-04T15:45:00+00:00,2026-03-04T15:40:00+00:00,sell,35600.1563,36046.96424214286,34102.1456,3.3526948800767906,34100.9292,40508
vsp-setup-4916fd55fe4482859944,2026-03-04T16:10:00+00:00,2026-03-04T16:05:00+00:00,sell,35570.87855,36046.6711425,34102.1456,3.0869184874919893,34100.9292,40513
vsp-setup-7b69d9e1cbcd0ff312ca,2026-03-04T17:05:00+00:00,2026-03-04T17:00:00+00:00,sell,35224.76475,35506.57986714286,34102.1456,3.9835306259704075,34100.9292,40524
vsp-setup-39bf6c59ca368f2c48dc,2026-03-04T18:10:00+00:00,2026-03-04T18:05:00+00:00,sell,35190.1131,35422.36055607143,34102.1456,4.684518480432376,34100.9292,40537
vsp-setup-e61d62e39846470efd01,2026-03-05T05:00:00+00:00,2026-03-05T04:55:00+00:00,sell,34059.87095,34425.58341571429,33392.517,1.8248050382875327,33215.107,40667
vsp-setup-f15b9f1a77d9fc5534a0,2026-03-05T06:05:00+00:00,2026-03-05T06:00:00+00:00,sell,34059.87095,34425.438950357144,33392.517,1.8255261657147668,33215.107,40680
vsp-setup-96a3d0e5f9f3f3b3e103,2026-03-06T03:15:00+00:00,2026-03-06T03:10:00+00:00,buy,33143.97645,32996.61099714286,33371.1125,1.5413113833415832,33769.4724,40934
vsp-setup-0ae7ab2b9282cf03156b,2026-03-06T04:15:00+00:00,2026-03-06T04:10:00+00:00,buy,33305.127349999995,33093.169755357136,33769.4724,2.190745043990556,34279.0492,40946
vsp-setup-2d70fa488837120e9e89,2026-03-06T06:15:00+00:00,2026-03-06T06:10:00+00:00,buy,33200.147899999996,32684.630388214286,34279.0492,2.0928509222951104,34366.5882,40970
vsp-setup-9456e732a481bd5ff24d,2026-03-06T07:50:00+00:00,2026-03-06T07:45:00+00:00,buy,33057.1507,32743.66337535714,33769.4724,2.2722504037811313,34366.5882,40989
vsp-setup-3415ac3e22ff8a064825,2026-03-06T08:15:00+00:00,2026-03-06T08:10:00+00:00,buy,33187.76855,32743.842051071428,34518.8929,2.9985241998679917,34766.5348,40994
vsp-setup-a113bc4827f0627312da,2026-03-06T08:25:00+00:00,2026-03-06T08:20:00+00:00,buy,33263.2065,33050.52775714286,33769.4724,2.380425486810709,34366.5882,40996
vsp-setup-0ad65d688fe03b55fa47,2026-03-06T10:05:00+00:00,2026-03-06T10:00:00+00:00,buy,33744.18555,33368.10867214286,34518.8929,2.0599707017730475,34766.5348,41016
vsp-setup-4c81376d73dc50b4cf88,2026-03-06T15:30:00+00:00,2026-03-06T15:25:00+00:00,buy,34076.41425,33554.450723214286,36065.0858,3.8099818242978856,36225.8739,41081
vsp-setup-14227e43702165b6d52c,2026-03-06T16:05:00+00:00,2026-03-06T16:00:00+00:00,buy,34076.41425,33555.01395857143,36065.0858,3.8140975037648697,36225.8739,41088
vsp-setup-0714ced337d832941667,2026-03-06T20:05:00+00:00,2026-03-06T20:00:00+00:00,buy,33888.982449999996,33636.87741642857,34518.8929,2.4986032253161725,34766.5348,41136
vsp-setup-5a044a5ff3d75f98ae39,2026-03-06T22:00:00+00:00,2026-03-06T21:55:00+00:00,buy,33760.59515,33531.10893321429,34175.5098,1.8080155567139438,34253.9339,41159
vsp-setup-5148c358f776e7f963e3,2026-03-06T22:20:00+00:00,2026-03-06T22:15:00+00:00,buy,33915.76485,33531.54801714286,34518.8929,1.569759569134368,34766.5348,41163
vsp-setup-7828c7c0e75fd1ee400f,2026-03-07T00:50:00+00:00,2026-03-07T00:45:00+00:00,buy,33953.95925,33735.065799285716,34518.8929,2.5808613649998717,34766.5348,41193
vsp-setup-740c85f4009414401b8d,2026-03-07T02:40:00+00:00,2026-03-07T02:35:00+00:00,buy,33844.66190000001,33576.17000571429,34253.5885,1.5230500760102206,34253.9339,41215
vsp-setup-360e7a396b6f8dea59d4,2026-03-07T02:50:00+00:00,2026-03-07T02:45:00+00:00,buy,33938.853149999995,33576.31631321429,34518.8929,1.5999470706003296,34766.5348,41217
vsp-setup-074881b4de86dffcda90,2026-03-07T09:45:00+00:00,2026-03-07T09:40:00+00:00,sell,33300.2865,33587.964102142854,32691.1371,2.1174724603603874,31372.2387,41300
vsp-setup-260181a791f271b65962,2026-03-07T10:25:00+00:00,2026-03-07T10:20:00+00:00,buy,33602.73865,33337.800063928575,34108.2916,1.9081892052662566,34253.5885,41308
vsp-setup-776f72ebc738098b9d22,2026-03-07T11:55:00+00:00,2026-03-07T11:50:00+00:00,buy,33725.767850000004,33345.76113642857,34518.8929,2.0871343101966064,34766.5348,41326
vsp-setup-bfff7f31756c2aa68362,2026-03-07T19:15:00+00:00,2026-03-07T19:10:00+00:00,buy,33837.0648,33501.80035392857,34518.8929,2.033702374318371,34766.5348,41414
vsp-setup-6b591833699bcdca6cc0,2026-03-07T22:00:00+00:00,2026-03-07T21:55:00+00:00,buy,33723.7105,33563.286629285714,33983.0809,1.6167818345558798,34010.6075,41447
vsp-setup-1c31ea4a777a077ef311,2026-03-07T22:05:00+00:00,2026-03-07T22:00:00+00:00,sell,33676.485700000005,33944.09372464285,33225.6058,1.6848519419466514,33083.3867,41448
vsp-setup-29c77dac3021daf163e9,2026-03-07T22:25:00+00:00,2026-03-07T22:20:00+00:00,sell,33601.29455,33856.58039642857,33083.3867,2.028737030452252,32994.893,41452
vsp-setup-7a45adb219e0761c1cd9,2026-03-07T23:25:00+00:00,2026-03-07T23:20:00+00:00,sell,33463.494399999996,33856.66596464286,32691.1371,1.9644281770518284,31372.2387,41464
vsp-setup-12736a17fc57435561ad,2026-03-08T00:25:00+00:00,2026-03-08T00:20:00+00:00,sell,33321.67425,33620.15649357143,32691.1371,2.112477923160281,31372.2387,41476
vsp-setup-d9c791b2774cea40dcf5,2026-03-08T01:40:00+00:00,2026-03-08T01:35:00+00:00,sell,32931.52565,33204.461591071435,31191.8508,6.373930978715273,,41491
vsp-setup-99cc854e09e4ccebd151,2026-03-08T01:55:00+00:00,2026-03-08T01:50:00+00:00,sell,33064.7915,33487.36758857143,31191.8508,4.432197539457777,,41494
vsp-setup-093c28b7ad5e703844b1,2026-03-08T06:40:00+00:00,2026-03-08T06:35:00+00:00,sell,32738.9862,33128.94095857143,31191.8508,3.967474087680855,,41551
vsp-setup-169c928f53f3d98d3fe8,2026-03-08T09:50:00+00:00,2026-03-08T09:45:00+00:00,sell,32240.0147,32615.511301785715,31191.8508,2.7914071525956343,,41589
vsp-setup-dc398d221d633d21a0bb,2026-03-08T12:20:00+00:00,2026-03-08T12:15:00+00:00,sell,32637.7989,32666.398479285715,32486.5329,5.289098783196581,32472.579,41619
vsp-setup-5ffccf0ce0bd155bae43,2026-03-08T13:40:00+00:00,2026-03-08T13:35:00+00:00,sell,32757.297400000003,33110.714224642856,32151.5915,1.7138570033051033,32131.1261,41635
vsp-setup-3060f02d3e9f0ad77b57,2026-03-08T18:10:00+00:00,2026-03-08T18:05:00+00:00,sell,32698.11255,33038.671618214285,32151.5915,1.6047760902849515,32131.1261,41689
vsp-setup-79d79b24aa85a6e1c360,2026-03-08T18:35:00+00:00,2026-03-08T18:30:00+00:00,sell,32385.5129,33039.208881785715,31191.8508,1.8260202498709766,,41694
vsp-setup-387846ab3edc6f813c4d,2026-03-09T07:05:00+00:00,2026-03-09T07:00:00+00:00,buy,31262.340799999998,30981.373775714284,31791.7162,1.884119324485859,31924.2075,41844
vsp-setup-30ff46e7f1659d504315,2026-03-09T07:25:00+00:00,2026-03-09T07:20:00+00:00,buy,31379.96555,31152.612917142855,31791.7162,1.8110661170953581,31924.2075,41848
vsp-setup-b6672fbcaf69f8113e3f,2026-03-09T08:25:00+00:00,2026-03-09T08:20:00+00:00,buy,31603.394650000002,31152.67877785714,32333.9196,1.6208103489385202,32862.156,41860
vsp-setup-6161ebb36c0be10d023c,2026-03-09T09:05:00+00:00,2026-03-09T09:00:00+00:00,buy,31603.394650000002,31152.384986785713,32333.9196,1.6197545409418515,32862.156,41868
vsp-setup-22f09a58a6b88a5460b9,2026-03-09T10:25:00+00:00,2026-03-09T10:20:00+00:00,buy,31608.22165,31343.583380714288,32016.0169,1.5409534346664397,32333.9196,41884
