time,open,high,low,close
2025-10-15 00:00:00+00:00,58737.3816,58813.2936,58055.8727,58275.0354
2025-10-15 01:00:00+00:00,58283.9626,58632.0547,58115.5617,58356.1261
2025-10-15 02:00:00+00:00,58362.4653,58550.2289,57647.9001,57719.3652
2025-10-15 03:00:00+00:00,57736.0535,58119.7823,57401.8467,57709.2416
2025-10-15 04:00:00+00:00,57720.9261,58118.8995,57503.174,58053.0277
2025-10-15 05:00:00+00:00,58067.3777,58334.3837,57732.0357,57745.2617
2025-10-15 06:00:00+00:00,57742.4938,57826.4536,57249.5769,57311.5309
2025-10-15 07:00:00+00:00,57321.8772,57450.2663,56790.6332,57287.0502
2025-10-15 08:00:00+00:00,57276.0147,57345.1148,56697.4646,56947.1834
2025-10-15 09:00:00+00:00,56954.6662,57035.5769,56334.4194,56920.3741
2025-10-15 10:00:00+00:00,56937.8517,57470.9005,56926.186,57223.0013
2025-10-15 11:00:00+00:00,57231.499,57498.5306,56795.5581,57441.9838
2025-10-15 12:00:00+00:00,57454.3132,58091.7879,57095.6887,57140.5205
2025-10-15 13:00:00+00:00,57140.8123,57367.9109,56750.9522,56840.5571
2025-10-15 14:00:00+00:00,56855.393,57086.5685,56712.0777,56785.7006
2025-10-15 15:00:00+00:00,56797.8293,56950.0695,55827.223,55841.3768
2025-10-15 16:00:00+00:00,55841.5664,56192.8168,55577.204,55710.1854
2025-10-15 17:00:00+00:00,55713.1198,56221.0858,55702.1238,55830.7012
2025-10-15 18:00:00+00:00,55844.1818,55890.1009,55106.3473,55626.9015
2025-10-15 19:00:00+00:00,55632.9258,55936.4645,55248.4073,55817.0948
2025-10-15 20:00:00+00:00,55809.4575,56549.2875,55622.153,56390.9872
2025-10-15 21:00:00+00:00,56394.9922,56625.3626,56066.1669,56280.2668
2025-10-15 22:00:00+00:00,56270.519,56733.9366,56138.3573,56207.9295
2025-10-15 23:00:00+00:00,56200.6578,57032.0012,56197.5272,56995.9061
2025-10-16 00:00:00+00:00,56995.6164,57432.997,56958.7126,57054.1395
2025-10-16 01:00:00+00:00,57051.5143,57288.4912,56057.2827,56076.4601
2025-10-16 02:00:00+00:00,56071.6041,56147.4614,55524.1606,55847.7431
2025-10-16 03:00:00+00:00,55845.6578,56598.8462,55747.0634,56173.7398
2025-10-16 04:00:00+00:00,56162.198,56294.6382,55424.6408,55523.1461
2025-10-16 05:00:00+00:00,55522.3831,55894.0036,55179.6916,55179.6916
2025-10-16 06:00:00+00:00,55176.0652,55408.7948,55048.3872,55239.8294
2025-10-16 07:00:00+00:00,55247.3138,55643.6523,55102.1857,55463.2564
2025-10-16 08:00:00+00:00,55463.8713,55735.3394,55126.5814,55616.4969
2025-10-16 09:00:00+00:00,55625.1621,56457.2747,55563.5847,56411.8265
2025-10-16 10:00:00+00:00,56412.4554,56694.6621,56217.1884,56539.2176
2025-10-16 11:00:00+00:00,56512.3414,56770.4948,55613.514,55670.0819
2025-10-16 12:00:00+00:00,55668.297,55797.3259,55261.2032,55389.9964
2025-10-16 13:00:00+00:00,55389.4441,55671.9156,55035.9281,55509.9152
2025-10-16 14:00:00+00:00,55513.147,55978.3807,55411.2774,55629.2703
2025-10-16 15:00:00+00:00,55636.7838,55745.04,55054.1529,55102.9034
2025-10-16 16:00:00+00:00,55112.9371,55354.1761,54554.3227,54706.2522
2025-10-16 17:00:00+00:00,54700.9767,55394.0034,54674.1384,55298.6492
2025-10-16 18:00:00+00:00,55309.3447,55687.3469,54941.0773,55367.6133
2025-10-16 19:00:00+00:00,55378.1587,55381.6673,54530.432,54623.1081
2025-10-16 20:00:00+00:00,54618.6746,55246.4352,54466.0394,55246.4352
2025-10-16 21:00:00+00:00,55246.2248,55272.1959,54594.6197,54938.653
2025-10-16 22:00:00+00:00,54949.7519,55618.5672,54946.2442,55173.3529
2025-10-16 23:00:00+00:00,55154.51,55649.3712,54864.0352,55497.3988
2025-10-17 00:00:00+00:00,55518.3712,56116.7813,55218.3999,56021.6979
2025-10-17 01:00:00+00:00,56025.6646,56767.379,55984.6678,56484.7791
2025-10-17 02:00:00+00:00,56485.25,56569.6181,55826.8478,56074.8361
2025-10-17 03:00:00+00:00,56086.6546,56304.1395,55836.6788,55962.9794
2025-10-17 04:00:00+00:00,55963.647,56734.8892,55671.2837,56734.8892
2025-10-17 05:00:00+00:00,56749.3037,57295.3991,56506.487,57232.8694
2025-10-17 06:00:00+00:00,57216.9293,57351.2986,56843.9422,56863.0278
2025-10-17 07:00:00+00:00,56873.9755,57009.0427,56497.2435,56589.2925
2025-10-17 08:00:00+00:00,56594.2274,57410.7104,56412.3894,57377.7078
2025-10-17 09:00:00+00:00,57369.8797,57933.9024,57207.2802,57695.8494
2025-10-17 10:00:00+00:00,57687.8971,57866.6209,57198.23,57314.3557
2025-10-17 11:00:00+00:00,57315.2815,57315.2815,56605.7626,57086.651
2025-10-17 12:00:00+00:00,57087.324,57363.8321,56689.5998,56689.5998
2025-10-17 13:00:00+00:00,56711.8446,56798.1084,56173.3725,56215.9295
2025-10-17 14:00:00+00:00,56221.4415,56739.2136,56160.3992,56718.6253
2025-10-17 15:00:00+00:00,56713.5351,57004.5723,56470.6941,56595.524
2025-10-17 16:00:00+00:00,56581.1509,56805.42,56426.8579,56554.2717
2025-10-17 17:00:00+00:00,56543.4927,56681.7279,56027.0899,56075.7506
2025-10-17 18:00:00+00:00,56089.4117,56222.8233,55683.299,55755.7564
2025-10-17 19:00:00+00:00,55742.6254,56070.8194,55367.9058,55436.1578
2025-10-17 20:00:00+00:00,55443.7654,55914.2261,55332.3245,55710.18
2025-10-17 21:00:00+00:00,55710.9307,56112.4631,55474.1012,55914.366
2025-10-17 22:00:00+00:00,55926.9748,56661.37,55832.8853,56468.1173
2025-10-17 23:00:00+00:00,56472.361,56781.664,56417.8029,56470.75
2025-10-18 00:00:00+00:00,56468.47,56793.8014,55952.5843,56551.725
2025-10-18 01:00:00+00:00,56556.5917,57156.2083,56341.6062,57145.3068
2025-10-18 02:00:00+00:00,57146.0982,58133.0688,57134.0399,57923.9946
2025-10-18 03:00:00+00:00,57921.4255,58278.2075,57616.6437,58238.6031
2025-10-18 04:00:00+00:00,58231.9443,58261.8725,57026.8628,57237.5271
2025-10-18 05:00:00+00:00,57248.3121,57447.7489,56799.8485,56864.6517
2025-10-18 06:00:00+00:00,56864.4825,57070.857,56345.1556,56849.568
2025-10-18 07:00:00+00:00,56874.9772,57282.9897,56769.8924,56951.0727
2025-10-18 08:00:00+00:00,56968.3063,57571.976,56841.0765,57139.5411
2025-10-18 09:00:00+00:00,57140.2667,57631.0267,57083.975,57395.2385
2025-10-18 10:00:00+00:00,57405.4927,57841.5542,57085.8505,57392.827
2025-10-18 11:00:00+00:00,57399.2673,57426.0862,57014.2265,57233.6885
2025-10-18 12:00:00+00:00,57233.1326,57444.7766,56796.5058,57318.9336
2025-10-18 13:00:00+00:00,57321.3037,58007.9799,57248.3123,57941.2455
2025-10-18 14:00:00+00:00,57918.5489,58776.9807,57826.2594,58649.2126
2025-10-18 15:00:00+00:00,58642.8929,58726.0604,57672.9176,57964.6593
2025-10-18 16:00:00+00:00,57969.2817,58744.627,57933.0184,58357.4501
2025-10-18 17:00:00+00:00,58345.8574,58582.5362,57682.8867,57856.5811
2025-10-18 18:00:00+00:00,57865.8319,57883.2943,57017.8029,57173.1868
2025-10-18 19:00:00+00:00,57170.9532,57565.5257,56554.5838,56655.3085
2025-10-18 20:00:00+00:00,56642.7548,56763.5364,56095.8579,56393.4506
2025-10-18 21:00:00+00:00,56383.5364,57106.6683,56336.91,56987.43
2025-10-18 22:00:00+00:00,57008.6847,57841.4585,56906.8677,57421.4408
2025-10-18 23:00:00+00:00,57432.0555,58326.5645,57429.9411,58095.9938
2025-10-19 00:00:00+00:00,58100.3034,58138.7457,57141.2681,57292.7511
2025-10-19 01:00:00+00:00,57293.0833,57864.089,57142.5998,57833.8582
2025-10-19 02:00:00+00:00,57828.5748,58404.6151,57706.3703,58162.5316
2025-10-19 03:00:00+00:00,58165.45,58334.9074,57448.7716,57505.5972
2025-10-19 04:00:00+00:00,57518.2046,58221.8162,57177.6597,58183.3836
2025-10-19 05:00:00+00:00,58180.3237,58180.3237,57399.2288,57610.6857
2025-10-19 06:00:00+00:00,57597.011,57948.1095,57392.0251,57855.105
2025-10-19 07:00:00+00:00,57845.5858,57969.2879,57402.2046,57599.8524
2025-10-19 08:00:00+00:00,57589.1344,58133.8542,57372.6282,57555.7776
2025-10-19 09:00:00+00:00,57549.9255,57799.1701,56634.5562,56718.7492
2025-10-19 10:00:00+00:00,56722.7298,56905.8886,56285.983,56393.1577
2025-10-19 11:00:00+00:00,56388.8701,56643.3209,55489.4466,55604.55
2025-10-19 12:00:00+00:00,55621.5595,56278.1023,55517.4932,56237.7858
2025-10-19 13:00:00+00:00,56220.9808,56414.3803,55826.3699,55917.3217
2025-10-19 14:00:00+00:00,55919.311,55948.6046,55189.5278,55205.3027
2025-10-19 15:00:00+00:00,55203.4093,55376.4629,54849.5782,54849.5782
2025-10-19 16:00:00+00:00,54849.601,55426.6478,54538.6148,55058.4918
2025-10-19 17:00:00+00:00,55065.201,55757.5816,55065.201,55440.0424
2025-10-19 18:00:00+00:00,55445.8948,55640.7433,55010.3212,55026.8919
2025-10-19 19:00:00+00:00,55022.7467,55300.2448,54705.7961,54918.3313
2025-10-19 20:00:00+00:00,54927.4016,56446.4474,54910.9643,56119.6802
2025-10-19 21:00:00+00:00,56135.7712,56176.0825,55684.2125,56041.8122
2025-10-19 22:00:00+00:00,56030.6683,56357.7126,55830.1513,55987.8243
2025-10-19 23:00:00+00:00,55999.2298,56721.6941,55891.613,56563.7884
2025-10-20 00:00:00+00:00,56568.2584,57271.046,56537.2839,57101.9944
2025-10-20 01:00:00+00:00,57106.1994,57944.6585,57075.7418,57818.9965
2025-10-20 02:00:00+00:00,57826.2542,58022.4294,57379.659,57666.6762
2025-10-20 03:00:00+00:00,57665.8577,57704.3966,56965.9294,57395.1232
2025-10-20 04:00:00+00:00,57417.7287,57629.571,57137.6896,57402.8623
2025-10-20 05:00:00+00:00,57398.752,57971.0636,57367.0028,57697.1138
2025-10-20 06:00:00+00:00,57693.0901,58562.9545,57578.6127,57809.5423
2025-10-20 07:00:00+00:00,57818.4619,57884.5758,57254.7991,57488.091
2025-10-20 08:00:00+00:00,57468.576,57638.3515,57209.8879,57290.7938
2025-10-20 09:00:00+00:00,57296.0483,58061.6637,56980.7179,58031.5677
2025-10-20 10:00:00+00:00,58019.0177,58401.5352,57973.1535,58063.177
2025-10-20 11:00:00+00:00,58070.6729,58577.0943,57973.0419,58180.068
2025-10-20 12:00:00+00:00,58180.9086,58242.6164,57638.1151,57840.1691
2025-10-20 13:00:00+00:00,57838.4507,58431.7973,57667.4444,57893.2833
2025-10-20 14:00:00+00:00,57891.5407,58092.2809,57591.874,57599.6367
2025-10-20 15:00:00+00:00,57589.7929,58260.8873,57477.004,57820.2586
2025-10-20 16:00:00+00:00,57839.4418,58095.0014,57609.4356,57756.6049
2025-10-20 17:00:00+00:00,57767.4867,57832.9385,57325.7097,57684.2406
2025-10-20 18:00:00+00:00,57682.029,57740.5352,57248.3492,57678.9754
2025-10-20 19:00:00+00:00,57705.1122,58037.8834,57540.2927,57920.4375
2025-10-20 20:00:00+00:00,57904.9027,58441.5992,57597.5856,57871.1291
2025-10-20 21:00:00+00:00,57884.2864,58030.5703,57478.87,57580.4675
2025-10-20 22:00:00+00:00,57578.1893,57857.7938,57457.1593,57706.7953
2025-10-20 23:00:00+00:00,57694.8497,57721.4853,56933.47,57281.8338
2025-10-21 00:00:00+00:00,57279.349,57698.3372,57097.894,57246.7076
2025-10-21 01:00:00+00:00,57248.9947,58116.6849,57169.4261,57707.943
2025-10-21 02:00:00+00:00,57711.5335,57842.3907,57340.8542,57503.2782
2025-10-21 03:00:00+00:00,57507.5426,57540.9529,56999.0023,57378.5699
2025-10-21 04:00:00+00:00,57382.7605,57802.8046,57064.4081,57251.8419
2025-10-21 05:00:00+00:00,57250.2542,57826.4262,56995.7288,57661.9869
2025-10-21 06:00:00+00:00,57673.0956,57966.844,57353.4944,57731.5286
2025-10-21 07:00:00+00:00,57736.432,58076.0153,57257.4593,57359.7945
2025-10-21 08:00:00+00:00,57350.3317,57478.1377,56535.8406,56644.8204
2025-10-21 09:00:00+00:00,56652.1033,56991.4038,56330.6744,56343.5764
2025-10-21 10:00:00+00:00,56342.7871,56438.9036,55950.9411,56074.8732
2025-10-21 11:00:00+00:00,56067.7593,56579.2498,56044.023,56231.5596
2025-10-21 12:00:00+00:00,56222.3441,56663.4359,56159.6783,56363.8646
2025-10-21 13:00:00+00:00,56355.4385,56620.4143,56104.1258,56356.7332
2025-10-21 14:00:00+00:00,56353.5966,56508.5452,56103.3342,56497.034
2025-10-21 15:00:00+00:00,56497.0578,56568.8271,56041.5249,56390.8362
2025-10-21 16:00:00+00:00,56372.1567,56937.8793,56264.2408,56788.1023
2025-10-21 17:00:00+00:00,56799.8401,56928.3952,55816.7175,55922.4786
2025-10-21 18:00:00+00:00,55926.8913,55948.4267,55064.1525,55092.5717
2025-10-21 19:00:00+00:00,55098.2948,55699.2675,55063.4824,55431.1222
2025-10-21 20:00:00+00:00,55432.4451,56223.2377,55253.7373,56191.2665
2025-10-21 21:00:00+00:00,56200.7865,56441.5773,55975.182,56275.2895
2025-10-21 22:00:00+00:00,56276.6904,56572.7342,55563.5741,55634.0033
2025-10-21 23:00:00+00:00,55640.2158,55974.0601,55511.045,55861.005
2025-10-22 00:00:00+00:00,55865.1757,56045.6515,55193.3829,55406.8298
2025-10-22 01:00:00+00:00,55412.8964,55655.3917,55194.7795,55538.0692
2025-10-22 02:00:00+00:00,55551.2066,56017.299,55326.5813,55406.7114
2025-10-22 03:00:00+00:00,55411.4147,56341.9779,55411.4147,55800.9597
2025-10-22 04:00:00+00:00,55809.1201,56882.6566,55784.186,56808.9755
2025-10-22 05:00:00+00:00,56799.586,56903.9132,56439.9359,56676.245
2025-10-22 06:00:00+00:00,56683.1857,57336.9599,56585.1027,57121.928
2025-10-22 07:00:00+00:00,57132.7134,57756.5268,56902.2671,56931.265
2025-10-22 08:00:00+00:00,56938.5061,57362.7395,56889.4318,57282.8099
2025-10-22 09:00:00+00:00,57291.1335,57344.4657,56846.7751,57087.6319
2025-10-22 10:00:00+00:00,57068.0133,57928.7608,56960.7969,57822.189
2025-10-22 11:00:00+00:00,57827.0408,58485.0084,57737.9579,58479.1236
2025-10-22 12:00:00+00:00,58490.7138,58603.1893,57912.3531,58228.1503
2025-10-22 13:00:00+00:00,58225.1132,58584.3438,57607.2393,57747.6365
2025-10-22 14:00:00+00:00,57753.3453,58208.5968,57641.9416,57971.5369
2025-10-22 15:00:00+00:00,57953.8635,57982.3554,57407.0351,57718.4785
2025-10-22 16:00:00+00:00,57710.2302,58393.3915,57567.055,58238.6979
2025-10-22 17:00:00+00:00,58236.0526,58500.8135,58014.2911,58273.7164
2025-10-22 18:00:00+00:00,58279.9515,58296.8544,57323.7638,57556.8322
2025-10-22 19:00:00+00:00,57573.5272,58420.4063,57527.928,58318.9192
2025-10-22 20:00:00+00:00,58307.467,58726.167,58069.1136,58666.595
2025-10-22 21:00:00+00:00,58668.7245,58939.8049,58377.4826,58853.2042
2025-10-22 22:00:00+00:00,58856.955,59517.0854,58763.9604,59352.0508
2025-10-22 23:00:00+00:00,59356.1833,60308.0793,59288.1969,60288.6665
2025-10-23 00:00:00+00:00,60292.6757,60830.1204,60261.1441,60718.7901
2025-10-23 01:00:00+00:00,60719.1027,60727.3726,59579.5219,59945.2623
2025-10-23 02:00:00+00:00,59949.615,60527.8086,59505.0186,60497.0178
2025-10-23 03:00:00+00:00,60500.1403,60799.0742,60283.1961,60306.4909
2025-10-23 04:00:00+00:00,60294.4426,60471.6138,59913.9037,60334.3199
2025-10-23 05:00:00+00:00,60325.638,61113.8449,60266.2066,60974.3854
2025-10-23 06:00:00+00:00,60982.2503,61074.024,60606.6669,60916.8357
2025-10-23 07:00:00+00:00,60918.9966,61209.403,60680.1616,60914.144
2025-10-23 08:00:00+00:00,60929.1104,61215.9774,60749.2022,60781.0049
2025-10-23 09:00:00+00:00,60769.8412,61060.8923,60511.4221,60624.9317
2025-10-23 10:00:00+00:00,60624.9722,60735.0758,59436.1086,59461.7395
2025-10-23 11:00:00+00:00,59471.6109,59572.7518,59151.6438,59513.3773
2025-10-23 12:00:00+00:00,59531.5652,59885.0816,59219.8986,59502.6734
2025-10-23 13:00:00+00:00,59500.6571,59616.095,58727.779,59082.4585
2025-10-23 14:00:00+00:00,59087.7134,59415.439,58778.3759,58795.7683
2025-10-23 15:00:00+00:00,58783.5573,58852.278,58064.2558,58240.37
2025-10-23 16:00:00+00:00,58246.1902,58403.2533,57770.4018,58360.1913
2025-10-23 17:00:00+00:00,58368.2993,58394.7148,57417.0915,57578.875
2025-10-23 18:00:00+00:00,57577.9177,57671.7656,57270.3084,57551.0592
2025-10-23 19:00:00+00:00,57555.4793,57921.3189,57141.1087,57729.0187
2025-10-23 20:00:00+00:00,57735.7638,57981.3012,57506.1791,57789.1388
2025-10-23 21:00:00+00:00,57782.2995,58369.0198,57764.0938,57880.726
2025-10-23 22:00:00+00:00,57854.8938,58441.2736,57825.5447,58325.3171
2025-10-23 23:00:00+00:00,58319.3194,58829.8122,58252.7012,58412.0817
2025-10-24 00:00:00+00:00,58419.0239,58461.5661,57660.8504,57987.9598
2025-10-24 01:00:00+00:00,57978.0836,57984.3871,56880.5854,56979.375
2025-10-24 02:00:00+00:00,56994.6069,57534.8593,56830.1521,57180.4446
2025-10-24 03:00:00+00:00,57178.4043,57178.4043,56483.7307,56596.6304
2025-10-24 04:00:00+00:00,56609.8083,56868.5205,56129.814,56303.7529
2025-10-24 05:00:00+00:00,56308.4654,56833.8921,55542.5039,55549.0969
2025-10-24 06:00:00+00:00,55539.608,55735.6961,55192.5092,55735.6961
2025-10-24 07:00:00+00:00,55742.426,55842.4746,55265.0159,55519.7685
2025-10-24 08:00:00+00:00,55506.3171,55672.0812,55114.4556,55168.9512
2025-10-24 09:00:00+00:00,55170.437,55372.0859,54778.8041,55053.5005
2025-10-24 10:00:00+00:00,55067.5901,55176.9707,54109.7753,54556.2822
2025-10-24 11:00:00+00:00,54571.0925,54687.9542,53482.7639,53509.4942
2025-10-24 12:00:00+00:00,53513.9226,53805.7901,53378.8339,53479.2836
2025-10-24 13:00:00+00:00,53485.6914,53936.8726,53419.4361,53599.297
2025-10-24 14:00:00+00:00,53604.8208,54080.4858,53507.217,54053.1778
2025-10-24 15:00:00+00:00,54046.3707,54311.7554,53900.5116,54249.3522
2025-10-24 16:00:00+00:00,54251.2852,54568.5861,53579.7463,53684.538
2025-10-24 17:00:00+00:00,53683.913,53886.747,53547.8107,53870.8079
2025-10-24 18:00:00+00:00,53876.3536,54063.3891,53413.0052,53724.6909
2025-10-24 19:00:00+00:00,53726.6531,54017.4038,53397.5434,53717.9017
2025-10-24 20:00:00+00:00,53729.1385,54153.5027,53589.7307,54086.4025
2025-10-24 21:00:00+00:00,54072.1663,54832.5057,54053.47,54651.4181
2025-10-24 22:00:00+00:00,54655.6944,54769.0685,54255.5906,54655.8547
2025-10-24 23:00:00+00:00,54659.0684,54915.7895,54349.109,54508.3213
2025-10-25 00:00:00+00:00,54496.2765,54677.6519,53514.78,53780.6098
2025-10-25 01:00:00+00:00,53777.5082,54201.9992,53699.4126,54009.1891
2025-10-25 02:00:00+00:00,54019.0005,54145.5796,53541.8503,53741.3206
2025-10-25 03:00:00+00:00,53740.7219,53997.6083,53498.0927,53945.5551
2025-10-25 04:00:00+00:00,53974.4836,54181.3476,53671.3435,53932.2773
2025-10-25 05:00:00+00:00,53952.5979,54835.2912,53902.6649,54300.9073
2025-10-25 06:00:00+00:00,54298.3129,54645.53,54065.4405,54251.8097
2025-10-25 07:00:00+00:00,54246.0586,54286.672,53729.9284,53854.7463
2025-10-25 08:00:00+00:00,53847.7674,53871.9394,53138.7429,53214.6221
2025-10-25 09:00:00+00:00,53210.3637,53366.8032,52896.4509,52906.4046
2025-10-25 10:00:00+00:00,52908.5089,53120.4062,52359.6506,52495.9226
2025-10-25 11:00:00+00:00,52503.2487,53261.969,52223.4683,53090.7884
2025-10-25 12:00:00+00:00,53114.1594,53955.7479,52874.0845,53725.6558
2025-10-25 13:00:00+00:00,53715.9115,54301.154,53590.2076,54290.075
2025-10-25 14:00:00+00:00,54274.5651,54481.8542,53880.3564,54080.671
2025-10-25 15:00:00+00:00,54077.2696,54278.416,53773.1805,54104.4556
2025-10-25 16:00:00+00:00,54100.8714,54216.345,53438.6551,53483.2404
2025-10-25 17:00:00+00:00,53498.3074,53968.0952,53189.8259,53644.262
2025-10-25 18:00:00+00:00,53640.8195,53891.5358,53399.0163,53456.2666
2025-10-25 19:00:00+00:00,53466.1926,53779.5935,52990.4015,53235.7874
2025-10-25 20:00:00+00:00,53241.3274,53336.1263,52898.0805,53258.6233
2025-10-25 21:00:00+00:00,53259.5824,53874.4304,53259.5824,53741.4518
2025-10-25 22:00:00+00:00,53735.604,53762.2646,52714.281,52734.9795
2025-10-25 23:00:00+00:00,52730.5933,52825.3099,52327.0236,52498.2791
2025-10-26 00:00:00+00:00,52504.3775,52547.2443,52111.3302,52440.5855
2025-10-26 01:00:00+00:00,52432.1991,52709.3678,51670.3461,51793.5925
2025-10-26 02:00:00+00:00,51788.236,52065.8494,51396.825,51665.0454
2025-10-26 03:00:00+00:00,51657.1918,52036.1185,51159.6421,51260.976
2025-10-26 04:00:00+00:00,51253.239,51391.6305,50648.8304,50648.8304
2025-10-26 05:00:00+00:00,50643.4777,50849.2564,50311.0833,50369.139
2025-10-26 06:00:00+00:00,50387.5282,50685.6284,50349.4638,50449.6288
2025-10-26 07:00:00+00:00,50449.0051,50556.2913,49718.5128,49819.8345
2025-10-26 08:00:00+00:00,49819.1972,50021.6733,49644.8426,49971.287
2025-10-26 09:00:00+00:00,49972.5594,50280.7862,49801.059,50055.148
2025-10-26 10:00:00+00:00,50066.1726,50351.9142,49517.7163,50078.96
2025-10-26 11:00:00+00:00,50077.6529,50618.2825,49689.322,50618.2825
2025-10-26 12:00:00+00:00,50625.5177,50855.5342,50361.7875,50605.3418
2025-10-26 13:00:00+00:00,50591.8346,51078.7773,50446.9816,50561.7448
2025-10-26 14:00:00+00:00,50544.5101,50647.9043,49999.0401,50168.3275
2025-10-26 15:00:00+00:00,50169.0487,50427.5856,49897.1108,50375.8551
2025-10-26 16:00:00+00:00,50376.927,50594.1249,50063.0583,50526.3047
2025-10-26 17:00:00+00:00,50506.8121,50622.0859,49845.1729,49890.9439
2025-10-26 18:00:00+00:00,49873.0884,49926.5174,49378.7576,49397.2911
2025-10-26 19:00:00+00:00,49401.1611,49609.7741,48953.6541,49266.997
2025-10-26 20:00:00+00:00,49271.7106,50423.0505,49137.5238,49999.8855
2025-10-26 21:00:00+00:00,49993.2423,50663.7459,49969.5071,50663.7459
2025-10-26 22:00:00+00:00,50645.5161,50935.6899,49948.8317,50050.3825
2025-10-26 23:00:00+00:00,50035.3868,50327.8216,49230.2361,49233.834
2025-10-27 00:00:00+00:00,49236.1278,49429.4857,48988.4376,49127.1845
2025-10-27 01:00:00+00:00,49122.2359,49505.274,48855.18,49505.274
2025-10-27 02:00:00+00:00,49513.2855,49893.6749,49216.2004,49450.3407
2025-10-27 03:00:00+00:00,49446.7449,49985.8043,49443.27,49814.513
2025-10-27 04:00:00+00:00,49832.662,50269.0291,49630.9973,50079.7038
2025-10-27 05:00:00+00:00,50073.6359,50320.5836,49857.6185,50195.5896
2025-10-27 06:00:00+00:00,50210.1541,50622.1841,50054.938,50292.1586
2025-10-27 07:00:00+00:00,50289.0505,50537.6884,50080.3179,50471.7946
2025-10-27 08:00:00+00:00,50465.7944,50687.4745,50105.904,50638.6401
2025-10-27 09:00:00+00:00,50631.6409,50724.1197,50122.7832,50154.9348
2025-10-27 10:00:00+00:00,50159.5247,50768.4856,50007.2725,50039.3738
2025-10-27 11:00:00+00:00,50048.7533,50209.2609,49458.4705,50193.3832
2025-10-27 12:00:00+00:00,50195.2075,50245.6994,49841.1415,49949.9944
2025-10-27 13:00:00+00:00,49940.1324,50589.4927,49935.1834,50393.7144
2025-10-27 14:00:00+00:00,50400.554,50425.6681,49781.5387,50149.8929
2025-10-27 15:00:00+00:00,50142.9622,50340.6996,49432.9991,49500.1842
2025-10-27 16:00:00+00:00,49497.1455,49995.2152,49338.4445,49394.0366
2025-10-27 17:00:00+00:00,49398.4354,49446.9164,48893.6387,48916.4612
2025-10-27 18:00:00+00:00,48927.812,49067.7369,48231.6848,48322.981
2025-10-27 19:00:00+00:00,48326.0194,49038.7299,48152.0913,48976.7767
2025-10-27 20:00:00+00:00,48984.0056,49207.7198,48819.1216,49178.4027
2025-10-27 21:00:00+00:00,49186.7504,49585.3817,49050.7547,49076.67
2025-10-27 22:00:00+00:00,49076.5162,49300.2625,48233.0945,48339.7847
2025-10-27 23:00:00+00:00,48348.6963,48853.6889,48248.108,48624.0036
2025-10-28 00:00:00+00:00,48609.4775,48619.1845,47666.5178,47666.5178
2025-10-28 01:00:00+00:00,47667.3077,48154.6665,47650.6316,47840.1843
2025-10-28 02:00:00+00:00,47851.8186,48094.1364,47583.9685,47809.4854
2025-10-28 03:00:00+00:00,47817.2564,47862.5987,47286.8527,47483.4468
2025-10-28 04:00:00+00:00,47469.6096,47483.3962,47110.55,47224.6508
2025-10-28 05:00:00+00:00,47217.693,47537.8183,47081.152,47113.7671
2025-10-28 06:00:00+00:00,47119.0289,47857.3472,47119.0289,47581.4335
2025-10-28 07:00:00+00:00,47592.4473,48278.6702,47512.8745,48031.8163
2025-10-28 08:00:00+00:00,48026.4093,48362.9166,47650.4252,47684.6059
2025-10-28 09:00:00+00:00,47690.9248,48581.1818,47674.8012,48527.481
2025-10-28 10:00:00+00:00,48534.1698,48724.6807,48397.6407,48472.0095
2025-10-28 11:00:00+00:00,48469.6741,49270.0232,48418.7205,49059.0268
2025-10-28 12:00:00+00:00,49048.7691,49500.0021,48870.8087,49295.4042
2025-10-28 13:00:00+00:00,49280.624,49603.3854,49053.3503,49511.084
2025-10-28 14:00:00+00:00,49504.8894,49854.4871,49141.4642,49195.2052
2025-10-28 15:00:00+00:00,49186.3687,49417.8646,48953.7612,49194.9443
2025-10-28 16:00:00+00:00,49185.1658,49381.8978,48985.7208,49319.8005
2025-10-28 17:00:00+00:00,49331.9879,49382.4343,48945.1839,49245.0939
2025-10-28 18:00:00+00:00,49245.7069,49513.6053,49155.5271,49391.7124
2025-10-28 19:00:00+00:00,49395.7564,49451.8907,48477.4316,48570.4254
2025-10-28 20:00:00+00:00,48575.881,49096.5134,48530.5182,49059.3098
2025-10-28 21:00:00+00:00,49063.0201,49439.8701,49052.0586,49266.8558
2025-10-28 22:00:00+00:00,49260.6067,49615.5886,49185.096,49445.1124
2025-10-28 23:00:00+00:00,49450.8772,50009.2959,49279.8474,49770.4928
2025-10-29 00:00:00+00:00,49772.1539,49888.6367,49476.3703,49713.0
2025-10-29 01:00:00+00:00,49713.8133,50157.118,49691.9002,49960.4085
2025-10-29 02:00:00+00:00,49967.9856,50150.9138,49627.9351,49633.8626
2025-10-29 03:00:00+00:00,49629.8876,49718.8469,48679.0869,49472.6118
2025-10-29 04:00:00+00:00,49465.9158,49521.3188,48967.9648,49145.1763
2025-10-29 05:00:00+00:00,49125.6777,49500.5993,49087.5784,49407.8074
2025-10-29 06:00:00+00:00,49400.2813,49614.7106,49129.2356,49489.7897
2025-10-29 07:00:00+00:00,49497.0258,49602.521,49074.9803,49192.9924
2025-10-29 08:00:00+00:00,49185.1586,49234.268,48714.6219,49028.5374
2025-10-29 09:00:00+00:00,49041.7217,49180.7758,48599.6699,48717.7003
2025-10-29 10:00:00+00:00,48741.2849,49161.6524,48662.2055,49057.0059
2025-10-29 11:00:00+00:00,49065.1754,49384.1177,48961.9266,49336.0809
2025-10-29 12:00:00+00:00,49345.5607,49445.3598,48569.6502,48619.0625
2025-10-29 13:00:00+00:00,48616.8849,48872.174,48199.4774,48380.1883
2025-10-29 14:00:00+00:00,48390.1813,48861.8055,48305.5496,48693.2353
2025-10-29 15:00:00+00:00,48684.5523,48838.1676,48431.4645,48659.2281
2025-10-29 16:00:00+00:00,48660.8671,49008.5871,48606.1712,48885.8113
2025-10-29 17:00:00+00:00,48890.9446,49083.1643,48535.2601,48779.855
2025-10-29 18:00:00+00:00,48788.9895,48858.2725,48321.8263,48497.3815
2025-10-29 19:00:00+00:00,48490.9554,48713.7906,48299.5075,48332.3095
2025-10-29 20:00:00+00:00,48332.6075,48845.8217,48174.5148,48536.1153
2025-10-29 21:00:00+00:00,48538.6685,48577.0786,48048.6777,48150.1161
2025-10-29 22:00:00+00:00,48131.7534,48186.4027,47447.6761,47937.4703
2025-10-29 23:00:00+00:00,47932.5648,48135.9204,47618.889,47739.5068
2025-10-30 00:00:00+00:00,47745.86,47986.6538,47434.3173,47792.7919
2025-10-30 01:00:00+00:00,47781.461,48736.5036,47553.3704,48611.8961
2025-10-30 02:00:00+00:00,48608.5708,49242.2564,48575.2313,49024.8003
2025-10-30 03:00:00+00:00,49028.0161,49405.5552,48942.0329,49360.5667
2025-10-30 04:00:00+00:00,49363.9781,50012.9236,49145.3256,49941.9601
2025-10-30 05:00:00+00:00,49931.2562,50220.6083,49695.0838,50085.4127
2025-10-30 06:00:00+00:00,50088.6646,50175.8008,49641.6435,49800.2917
2025-10-30 07:00:00+00:00,49801.3644,49813.6184,49514.4612,49597.9655
2025-10-30 08:00:00+00:00,49590.6356,49821.481,49012.7504,49027.8735
2025-10-30 09:00:00+00:00,49028.9835,49244.1423,48450.0645,48642.2721
2025-10-30 10:00:00+00:00,48671.7362,48820.8765,47938.7146,48129.8753
2025-10-30 11:00:00+00:00,48124.7284,48304.7798,47714.5414,48030.1003
2025-10-30 12:00:00+00:00,48011.8993,48012.7051,47668.2939,47724.3544
2025-10-30 13:00:00+00:00,47721.5292,48017.3881,47463.5578,47956.0505
2025-10-30 14:00:00+00:00,47959.5949,48223.8977,47805.4454,48208.4725
2025-10-30 15:00:00+00:00,48193.6065,48630.48,47796.8828,48492.5828
2025-10-30 16:00:00+00:00,48510.438,48997.353,48244.6611,48984.4601
2025-10-30 17:00:00+00:00,48980.3321,49097.3177,48259.5401,48304.2493
2025-10-30 18:00:00+00:00,48295.6528,48330.4582,47729.3738,48011.1651
2025-10-30 19:00:00+00:00,48010.5087,48389.7504,47782.9236,48273.1136
2025-10-30 20:00:00+00:00,48278.1488,48389.6054,47956.2051,48033.8903
2025-10-30 21:00:00+00:00,48037.3998,48177.1988,47583.4822,47626.4178
2025-10-30 22:00:00+00:00,47633.9411,47799.05,47006.6841,47027.9418
2025-10-30 23:00:00+00:00,47004.3323,47460.0297,46971.5488,47396.3397
2025-10-31 00:00:00+00:00,47397.4737,47444.0786,46875.1286,47189.787
2025-10-31 01:00:00+00:00,47195.6129,47815.6507,46897.9099,47650.3471
2025-10-31 02:00:00+00:00,47637.3695,48256.9168,47602.5654,47930.9902
2025-10-31 03:00:00+00:00,47932.0391,48529.0129,47673.3482,48259.633
2025-10-31 04:00:00+00:00,48241.1788,48883.1278,48002.0254,48877.8213
2025-10-31 05:00:00+00:00,48866.4503,49002.8479,48578.3789,48594.2838
2025-10-31 06:00:00+00:00,48577.6051,48711.9412,48127.5987,48136.6195
2025-10-31 07:00:00+00:00,48130.9734,49059.5241,48130.9734,49002.2924
2025-10-31 08:00:00+00:00,49002.9287,49398.6619,48621.6611,49330.973
2025-10-31 09:00:00+00:00,49330.1228,49477.8754,48951.0533,49119.1474
2025-10-31 10:00:00+00:00,49131.5731,49647.8459,48930.0659,49608.1126
2025-10-31 11:00:00+00:00,49604.6586,50093.5219,49423.6221,49931.4674
2025-10-31 12:00:00+00:00,49913.5058,49951.0651,49548.6833,49860.8051
2025-10-31 13:00:00+00:00,49838.6261,49863.163,48775.3562,48911.178
2025-10-31 14:00:00+00:00,48925.6732,49042.8645,48498.3595,48768.479
2025-10-31 15:00:00+00:00,48769.0805,49499.9778,48596.8624,49459.8882
2025-10-31 16:00:00+00:00,49458.3987,49809.9031,49308.7094,49324.5321
2025-10-31 17:00:00+00:00,49332.7539,49504.9809,49032.3589,49280.6508
2025-10-31 18:00:00+00:00,49270.8226,49557.3099,49108.6401,49323.1524
2025-10-31 19:00:00+00:00,49334.8105,49520.5939,48706.8932,48888.3979
2025-10-31 20:00:00+00:00,48893.1434,49293.089,48695.3042,48990.5528
2025-10-31 21:00:00+00:00,48990.1463,49457.8158,48909.3635,49379.8043
2025-10-31 22:00:00+00:00,49376.7046,49500.3059,49032.0689,49293.6347
2025-10-31 23:00:00+00:00,49305.8431,49344.4826,48883.6766,48927.0602
2025-11-01 00:00:00+00:00,48929.6806,49406.3549,48899.959,49195.7277
2025-11-01 01:00:00+00:00,49208.5526,49217.0,48754.9748,48842.9586
2025-11-01 02:00:00+00:00,48859.5964,49226.6854,48608.337,48638.5888
2025-11-01 03:00:00+00:00,48640.8827,48826.9452,48229.9591,48758.4271
2025-11-01 04:00:00+00:00,48742.3199,48742.3199,48370.5112,48590.3882
2025-11-01 05:00:00+00:00,48599.4959,48888.4146,48414.988,48565.1133
2025-11-01 06:00:00+00:00,48560.3704,48713.8047,48282.1697,48299.4562
2025-11-01 07:00:00+00:00,48287.9121,48996.6878,48243.1813,48985.1317
2025-11-01 08:00:00+00:00,48983.6485,49033.4073,48607.346,48759.6758
2025-11-01 09:00:00+00:00,48752.7177,49337.9175,48752.7177,49099.1275
2025-11-01 10:00:00+00:00,49080.8487,49143.0296,48401.7266,48434.3992
2025-11-01 11:00:00+00:00,48426.2398,48612.3942,48247.0768,48319.3947
2025-11-01 12:00:00+00:00,48313.721,48587.2308,47917.3848,47986.1429
2025-11-01 13:00:00+00:00,47986.1575,48100.344,47465.4576,47629.3323
2025-11-01 14:00:00+00:00,47637.8593,47786.771,46837.9369,46920.4074
2025-11-01 15:00:00+00:00,46909.466,47413.4096,46877.0748,47329.0143
2025-11-01 16:00:00+00:00,47326.1925,47416.2059,46503.575,46549.3898
2025-11-01 17:00:00+00:00,46557.1578,46603.8767,46077.6669,46518.0242
2025-11-01 18:00:00+00:00,46525.3453,46802.8383,46130.0432,46215.0578
2025-11-01 19:00:00+00:00,46228.3698,46615.1235,46168.5653,46402.0343
2025-11-01 20:00:00+00:00,46400.7043,46549.7286,46138.2486,46441.488
2025-11-01 21:00:00+00:00,46432.7435,47098.7098,46286.1088,46999.0355
2025-11-01 22:00:00+00:00,47000.2393,47255.7948,46729.1335,46842.7845
2025-11-01 23:00:00+00:00,46850.0282,47240.6031,46600.9433,47044.6679
2025-11-02 00:00:00+00:00,47049.1503,47660.3808,46798.4652,47452.6883
2025-11-02 01:00:00+00:00,47451.6666,47547.7837,47122.3804,47199.0711
2025-11-02 02:00:00+00:00,47205.066,47234.5536,46755.446,46933.3067
2025-11-02 03:00:00+00:00,46941.9454,47744.5072,46941.9454,47524.9093
2025-11-02 04:00:00+00:00,47535.6628,47661.5296,47180.5444,47520.854
2025-11-02 05:00:00+00:00,47525.287,48414.1577,47525.287,48260.9935
2025-11-02 06:00:00+00:00,48278.5052,48278.5052,47594.8914,47736.4267
2025-11-02 07:00:00+00:00,47746.7189,47913.8785,47588.9207,47790.4998
2025-11-02 08:00:00+00:00,47793.0243,48073.4138,47665.7013,47873.7145
2025-11-02 09:00:00+00:00,47884.4926,48695.4679,47667.3713,48202.3494
2025-11-02 10:00:00+00:00,48199.1937,48531.3326,48093.1241,48436.6777
2025-11-02 11:00:00+00:00,48430.2348,49252.172,48401.4076,49154.6413
2025-11-02 12:00:00+00:00,49153.0412,49490.1,49150.2263,49253.5181
2025-11-02 13:00:00+00:00,49225.9741,49347.0904,48800.6382,49025.523
2025-11-02 14:00:00+00:00,49008.3405,49232.8276,48616.6053,48680.3629
2025-11-02 15:00:00+00:00,48673.293,48760.9904,48014.101,48083.2788
2025-11-02 16:00:00+00:00,48084.4869,48795.9456,48037.8359,48742.84
2025-11-02 17:00:00+00:00,48737.3458,48898.5326,48288.5592,48389.209
2025-11-02 18:00:00+00:00,48398.8039,48790.6624,48378.9834,48438.4827
2025-11-02 19:00:00+00:00,48439.3234,48609.5885,47896.7747,47994.5787
2025-11-02 20:00:00+00:00,47993.2731,48260.6809,47748.5304,48251.2472
2025-11-02 21:00:00+00:00,48249.3298,48302.251,47835.1091,48178.209
2025-11-02 22:00:00+00:00,48181.5436,48189.0107,47598.2399,47682.8704
2025-11-02 23:00:00+00:00,47682.6292,48111.8036,47657.6389,47973.3686
2025-11-03 00:00:00+00:00,47972.6738,48159.0758,47380.9164,47401.9559
2025-11-03 01:00:00+00:00,47402.9791,47876.5464,47246.8772,47671.2641
2025-11-03 02:00:00+00:00,47661.9705,47678.6114,47166.1866,47194.7849
2025-11-03 03:00:00+00:00,47214.6263,47469.911,46879.3262,47028.6783
2025-11-03 04:00:00+00:00,47015.5891,47287.0892,46857.3631,46863.3359
2025-11-03 05:00:00+00:00,46861.5005,47213.2621,46750.2184,46809.5062
2025-11-03 06:00:00+00:00,46813.5659,46982.822,46254.5104,46504.486
2025-11-03 07:00:00+00:00,46529.7676,46792.9236,46362.116,46444.8865
2025-11-03 08:00:00+00:00,46451.6977,46697.8806,45954.7461,45978.5497
2025-11-03 09:00:00+00:00,45985.0702,46190.2162,45630.4654,45664.924
2025-11-03 10:00:00+00:00,45659.5879,45763.5341,45056.7506,45194.1514
2025-11-03 11:00:00+00:00,45191.0542,46401.3667,45098.1093,46299.3648
2025-11-03 12:00:00+00:00,46287.4187,46748.6664,46094.3225,46111.2747
2025-11-03 13:00:00+00:00,46109.7837,46339.6605,46014.3902,46137.5713
2025-11-03 14:00:00+00:00,46134.9393,46221.4764,45359.6558,45396.3088
2025-11-03 15:00:00+00:00,45392.8491,45449.0749,44376.1289,44400.9039
2025-11-03 16:00:00+00:00,44394.1314,44499.8375,43816.9574,43856.1191
2025-11-03 17:00:00+00:00,43836.2252,43845.8813,43454.6704,43645.3152
2025-11-03 18:00:00+00:00,43652.3373,43657.3179,43027.4275,43027.4275
2025-11-03 19:00:00+00:00,43036.8401,43078.5828,42795.7447,42892.2591
2025-11-03 20:00:00+00:00,42873.0052,43755.017,42873.0052,43471.6397
2025-11-03 21:00:00+00:00,43480.3193,43783.621,43342.7138,43675.3215
2025-11-03 22:00:00+00:00,43671.4835,43789.4114,43252.8669,43479.6546
2025-11-03 23:00:00+00:00,43501.8239,43605.085,43016.0869,43105.2767
2025-11-04 00:00:00+00:00,43103.5414,43514.9193,42932.5331,43096.2948
2025-11-04 01:00:00+00:00,43097.0014,43219.9567,42334.5381,42500.8366
2025-11-04 02:00:00+00:00,42497.0257,42748.2401,42292.269,42601.245
2025-11-04 03:00:00+00:00,42609.3546,42650.7484,41945.5439,41945.5439
2025-11-04 04:00:00+00:00,41935.3604,42073.164,41387.9364,41429.0513
2025-11-04 05:00:00+00:00,41428.6732,41960.8835,41338.0766,41905.0489
2025-11-04 06:00:00+00:00,41918.9019,42400.2972,41750.0479,42192.7919
2025-11-04 07:00:00+00:00,42194.4943,42342.5805,41990.6709,42128.371
2025-11-04 08:00:00+00:00,42110.7471,42170.9429,41727.7698,41893.6518
2025-11-04 09:00:00+00:00,41900.8117,42547.3534,41835.8065,42429.0582
2025-11-04 10:00:00+00:00,42431.5515,42645.3504,42134.886,42195.5029
2025-11-04 11:00:00+00:00,42207.8456,42962.2115,42123.2417,42792.9406
2025-11-04 12:00:00+00:00,42798.1754,42947.6743,42563.315,42781.0483
2025-11-04 13:00:00+00:00,42773.2377,43032.9283,42662.3537,42872.8898
2025-11-04 14:00:00+00:00,42883.3877,42900.8404,42147.6146,42218.5478
2025-11-04 15:00:00+00:00,42218.7785,42518.0552,41807.7383,42058.2672
2025-11-04 16:00:00+00:00,42056.6844,42253.9277,41848.2137,42253.9277
2025-11-04 17:00:00+00:00,42256.426,42597.4397,42134.9831,42549.0469
2025-11-04 18:00:00+00:00,42550.0956,42886.1844,42536.6892,42774.1963
2025-11-04 19:00:00+00:00,42776.178,43423.2556,42775.8575,43367.6966
2025-11-04 20:00:00+00:00,43363.4791,44046.1865,43338.2531,44041.4742
2025-11-04 21:00:00+00:00,44041.9598,44845.6961,44007.3066,44639.0842
2025-11-04 22:00:00+00:00,44631.0447,44636.0294,44211.3287,44434.0213
2025-11-04 23:00:00+00:00,44433.5229,44596.6798,44270.1432,44464.3282
2025-11-05 00:00:00+00:00,44476.1762,44695.4682,44398.0834,44586.5679
2025-11-05 01:00:00+00:00,44590.5408,44888.6775,44443.1713,44677.5415
2025-11-05 02:00:00+00:00,44678.0386,45040.567,44591.9788,44693.863
2025-11-05 03:00:00+00:00,44690.6007,44783.4685,44217.6646,44268.8968
2025-11-05 04:00:00+00:00,44283.6834,44940.2295,44142.3272,44424.2519
2025-11-05 05:00:00+00:00,44433.0425,44597.4831,44215.4932,44364.9098
2025-11-05 06:00:00+00:00,44360.4612,44493.8308,43831.4921,43941.6629
2025-11-05 07:00:00+00:00,43949.9829,44021.8932,43379.1254,43500.2583
2025-11-05 08:00:00+00:00,43513.2849,43851.112,43411.3692,43519.715
2025-11-05 09:00:00+00:00,43517.2838,43980.884,43503.8946,43617.3057
2025-11-05 10:00:00+00:00,43630.2942,43702.3565,43114.7425,43456.9604
2025-11-05 11:00:00+00:00,43449.1467,43964.4416,43363.0318,43641.5651
2025-11-05 12:00:00+00:00,43631.6386,44087.708,43422.3862,43912.0475
2025-11-05 13:00:00+00:00,43891.2155,43938.3001,43367.0531,43636.8254
2025-11-05 14:00:00+00:00,43635.633,43755.6085,43401.2274,43706.9388
2025-11-05 15:00:00+00:00,43700.7669,43872.5583,43382.2492,43752.3488
2025-11-05 16:00:00+00:00,43755.2089,44492.5968,43748.2653,44260.4066
2025-11-05 17:00:00+00:00,44264.7983,44294.8971,43532.7959,43698.5641
2025-11-05 18:00:00+00:00,43699.0632,43782.2834,43141.0128,43161.283
2025-11-05 19:00:00+00:00,43155.1161,43307.2207,42934.0205,43040.9204
2025-11-05 20:00:00+00:00,43034.0403,43448.9376,42952.7225,43427.032
2025-11-05 21:00:00+00:00,43423.623,43791.5198,43341.1204,43737.6795
2025-11-05 22:00:00+00:00,43741.0066,44150.8221,43603.5533,44010.1608
2025-11-05 23:00:00+00:00,44008.0799,44104.3067,43632.951,43992.7497
2025-11-06 00:00:00+00:00,43995.6226,44180.6204,43862.6729,43972.3156
2025-11-06 01:00:00+00:00,43977.3335,44599.4914,43918.1194,44590.2071
2025-11-06 02:00:00+00:00,44582.961,44810.5563,44264.3202,44809.7898
2025-11-06 03:00:00+00:00,44811.2256,45710.591,44800.094,45629.9438
2025-11-06 04:00:00+00:00,45631.3262,45782.6843,45550.0822,45686.2193
2025-11-06 05:00:00+00:00,45682.1041,45997.0318,45529.9616,45737.0892
2025-11-06 06:00:00+00:00,45739.9693,46149.4226,45660.2331,45855.7432
2025-11-06 07:00:00+00:00,45868.8423,46200.0433,45819.0878,46076.2575
2025-11-06 08:00:00+00:00,46086.5525,46208.6778,45716.733,45726.4349
2025-11-06 09:00:00+00:00,45723.209,45908.0382,45595.8662,45751.0465
2025-11-06 10:00:00+00:00,45762.1313,45762.1313,44831.8247,44855.8327
2025-11-06 11:00:00+00:00,44858.0264,45142.7343,44815.296,45108.113
2025-11-06 12:00:00+00:00,45102.6026,45832.631,44907.7269,45708.7437
2025-11-06 13:00:00+00:00,45711.5889,45800.2258,45329.4661,45772.3166
2025-11-06 14:00:00+00:00,45766.8384,46252.0107,45618.8087,46233.6481
2025-11-06 15:00:00+00:00,46222.9596,46640.0069,46143.3541,46450.824
2025-11-06 16:00:00+00:00,46454.267,46689.1022,45804.9282,45933.8995
2025-11-06 17:00:00+00:00,45962.1058,46356.4978,45908.3737,46186.8998
2025-11-06 18:00:00+00:00,46200.7561,46292.748,45946.8113,46030.1684
2025-11-06 19:00:00+00:00,46023.4381,46321.9556,45851.8069,45864.8191
2025-11-06 20:00:00+00:00,45864.8237,46038.9289,45175.0933,45288.5658
2025-11-06 21:00:00+00:00,45295.7776,45377.4441,44997.2825,45016.1837
2025-11-06 22:00:00+00:00,45027.6477,45132.211,44633.6109,44633.6109
2025-11-06 23:00:00+00:00,44638.1346,45447.6862,44585.0472,45399.9937
2025-11-07 00:00:00+00:00,45403.0976,45714.3855,45339.6422,45464.6336
2025-11-07 01:00:00+00:00,45447.0966,45624.4536,44937.2807,45211.6462
2025-11-07 02:00:00+00:00,45216.5663,45502.6916,45041.0986,45170.3963
2025-11-07 03:00:00+00:00,45172.5255,45556.0724,44903.5724,45315.4981
2025-11-07 04:00:00+00:00,45313.6946,45570.8819,45176.7161,45287.9374
2025-11-07 05:00:00+00:00,45294.2862,45410.2038,44966.8381,44991.4233
2025-11-07 06:00:00+00:00,44997.038,45052.5043,44479.1246,44875.1087
2025-11-07 07:00:00+00:00,44882.9032,45361.4111,44746.609,45273.7819
2025-11-07 08:00:00+00:00,45281.1492,45437.9417,44980.2642,44985.8325
2025-11-07 09:00:00+00:00,44984.0624,45581.3603,44948.0595,45072.4874
2025-11-07 10:00:00+00:00,45076.2929,45339.8997,44629.6893,45138.8111
2025-11-07 11:00:00+00:00,45150.1604,45520.0542,44713.2731,44767.9575
2025-11-07 12:00:00+00:00,44773.7127,45118.5878,44193.192,44256.0166
2025-11-07 13:00:00+00:00,44250.119,44284.8122,43900.0947,44110.2583
2025-11-07 14:00:00+00:00,44114.7466,44117.5783,43408.997,43456.7056
2025-11-07 15:00:00+00:00,43455.1165,43977.5615,43453.6948,43904.7348
2025-11-07 16:00:00+00:00,43910.8633,44142.0873,43819.5543,43962.3438
2025-11-07 17:00:00+00:00,43947.3349,44161.2542,43808.1539,44065.0535
2025-11-07 18:00:00+00:00,44080.068,44246.1622,43898.6964,44227.595
2025-11-07 19:00:00+00:00,44205.9918,44232.9626,43730.0627,44114.0201
2025-11-07 20:00:00+00:00,44115.0419,44314.4572,43917.1363,43998.2431
2025-11-07 21:00:00+00:00,44006.6535,44121.6904,43678.2883,43982.3994
2025-11-07 22:00:00+00:00,43996.5949,44299.0253,43863.1102,44197.5223
2025-11-07 23:00:00+00:00,44191.7373,44262.347,43621.7508,43740.3498
2025-11-08 00:00:00+00:00,43731.9644,43773.9895,42872.179,42901.9868
2025-11-08 01:00:00+00:00,42892.2026,43344.2279,42854.2487,43112.0428
2025-11-08 02:00:00+00:00,43121.6162,43311.9412,42949.7859,43299.5784
2025-11-08 03:00:00+00:00,43305.0502,43475.5422,43140.7673,43344.3018
2025-11-08 04:00:00+00:00,43343.8027,43343.8027,42814.038,42840.0737
2025-11-08 05:00:00+00:00,42835.5716,43108.5142,42639.1928,43049.2134
2025-11-08 06:00:00+00:00,43042.2438,43127.5111,42430.6461,42647.8153
2025-11-08 07:00:00+00:00,42653.1507,42747.8384,41993.3899,42364.6396
2025-11-08 08:00:00+00:00,42351.6639,42351.6639,41674.4823,41691.238
2025-11-08 09:00:00+00:00,41698.0296,41851.4867,41578.0106,41618.643
2025-11-08 10:00:00+00:00,41622.362,41897.0934,41555.893,41804.861
2025-11-08 11:00:00+00:00,41803.8616,41854.3042,41357.7398,41610.8884
2025-11-08 12:00:00+00:00,41611.9442,42176.7389,41596.2287,42171.0466
2025-11-08 13:00:00+00:00,42170.8665,42679.7687,42161.6582,42386.9659
2025-11-08 14:00:00+00:00,42402.3198,42524.7333,41963.1259,42002.3449
2025-11-08 15:00:00+00:00,41995.1777,42256.271,41675.8302,41751.8164
2025-11-08 16:00:00+00:00,41749.8648,41995.7202,41647.3165,41935.963
2025-11-08 17:00:00+00:00,41939.6775,42083.0938,41628.3084,41886.5955
2025-11-08 18:00:00+00:00,41904.126,42161.4976,41617.6094,42077.4713
2025-11-08 19:00:00+00:00,42085.456,42357.6955,41993.5641,42229.5752
2025-11-08 20:00:00+00:00,42223.2373,42255.0761,41890.3634,41967.471
2025-11-08 21:00:00+00:00,41956.7356,42434.0307,41811.3437,42284.3611
2025-11-08 22:00:00+00:00,42290.5848,42490.8456,41879.1034,42275.1221
2025-11-08 23:00:00+00:00,42268.8703,42283.8273,41786.5704,41918.8652
2025-11-09 00:00:00+00:00,41920.1666,42517.9535,41894.813,42496.2217
2025-11-09 01:00:00+00:00,42500.1538,42864.8351,42308.0292,42841.3835
2025-11-09 02:00:00+00:00,42831.5919,43010.7127,42581.1172,42609.3351
2025-11-09 03:00:00+00:00,42610.9406,42887.3553,42565.6933,42670.0564
2025-11-09 04:00:00+00:00,42655.6253,42735.7577,42374.0104,42560.3165
2025-11-09 05:00:00+00:00,42559.0398,42655.724,42281.9853,42475.2426
2025-11-09 06:00:00+00:00,42485.0783,43283.3301,42460.6353,43215.8382
2025-11-09 07:00:00+00:00,43226.911,43609.1439,42897.8626,43470.1464
2025-11-09 08:00:00+00:00,43476.1022,43716.6378,43296.836,43561.6357
2025-11-09 09:00:00+00:00,43552.8754,43733.2145,43182.3049,43366.2689
2025-11-09 10:00:00+00:00,43362.0578,43613.0331,43215.9294,43285.2756
2025-11-09 11:00:00+00:00,43291.1386,43291.1386,42663.7781,42724.3067
2025-11-09 12:00:00+00:00,42712.2427,42838.7523,42418.9064,42670.1488
2025-11-09 13:00:00+00:00,42679.4586,43051.0926,42656.1729,42676.1469
2025-11-09 14:00:00+00:00,42684.3986,42974.3458,42525.203,42535.3454
2025-11-09 15:00:00+00:00,42547.7567,42819.1881,42423.7076,42781.2693
2025-11-09 16:00:00+00:00,42778.9172,42924.3995,42563.3363,42742.8417
2025-11-09 17:00:00+00:00,42732.7641,43133.0369,42408.25,42428.2727
2025-11-09 18:00:00+00:00,42425.378,42784.7372,42313.0054,42708.6695
2025-11-09 19:00:00+00:00,42701.8613,42780.3521,42099.1781,42190.9674
2025-11-09 20:00:00+00:00,42199.9513,42639.1775,42107.6694,42441.7146
2025-11-09 21:00:00+00:00,42441.3185,42782.7084,42303.2758,42782.7084
2025-11-09 22:00:00+00:00,42792.3728,43023.3986,42617.1488,42754.5263
2025-11-09 23:00:00+00:00,42770.3507,43184.7495,42682.1607,42938.0511
2025-11-10 00:00:00+00:00,42954.9134,43244.7019,42727.1903,43230.08
2025-11-10 01:00:00+00:00,43223.4314,43478.6768,42825.0081,43456.1602
2025-11-10 02:00:00+00:00,43465.2192,43478.5089,42688.5606,42776.1944
2025-11-10 03:00:00+00:00,42775.1652,42917.1024,42190.7024,42361.3588
2025-11-10 04:00:00+00:00,42352.3868,42397.2625,41922.7539,42057.4792
2025-11-10 05:00:00+00:00,42072.8019,42242.541,41844.9296,41870.345
2025-11-10 06:00:00+00:00,41853.2973,42141.9793,41676.0086,42139.5636
2025-11-10 07:00:00+00:00,42136.3093,42166.3832,41599.7915,41758.2803
2025-11-10 08:00:00+00:00,41759.9753,41933.0923,41552.2052,41651.8266
2025-11-10 09:00:00+00:00,41664.9086,41910.0395,41443.6809,41677.4629
2025-11-10 10:00:00+00:00,41677.4947,41920.8248,41588.1167,41797.3782
2025-11-10 11:00:00+00:00,41814.4908,41877.627,41498.4478,41557.8805
2025-11-10 12:00:00+00:00,41550.545,41572.4851,41150.1906,41305.8059
2025-11-10 13:00:00+00:00,41305.4307,41385.2493,40933.2015,41277.5696
2025-11-10 14:00:00+00:00,41262.8358,41511.7044,41085.4088,41373.3072
2025-11-10 15:00:00+00:00,41378.5883,41742.5501,41247.4093,41349.4164
2025-11-10 16:00:00+00:00,41343.3554,41425.8864,41061.472,41345.6018
2025-11-10 17:00:00+00:00,41343.6161,41733.5719,41285.455,41699.0828
2025-11-10 18:00:00+00:00,41689.7271,42609.0412,41689.7271,42583.122
2025-11-10 19:00:00+00:00,42577.622,43047.9595,42363.7233,42867.012
2025-11-10 20:00:00+00:00,42867.6944,43339.9517,42787.5088,43322.3191
2025-11-10 21:00:00+00:00,43315.0681,43402.2611,42734.4404,42862.0445
2025-11-10 22:00:00+00:00,42871.2631,43101.0666,42657.1486,43008.6886
2025-11-10 23:00:00+00:00,43016.7758,43112.5809,42615.0937,43099.1741
2025-11-11 00:00:00+00:00,43105.7804,43339.3162,42517.821,42533.9307
2025-11-11 01:00:00+00:00,42546.7687,42811.0317,42384.4659,42595.7022
2025-11-11 02:00:00+00:00,42612.7761,42926.7979,42567.602,42913.7417
2025-11-11 03:00:00+00:00,42918.907,43317.0619,42866.0831,43161.2305
2025-11-11 04:00:00+00:00,43163.5369,43301.5521,42950.2271,42994.9576
2025-11-11 05:00:00+00:00,42997.8862,43661.0223,42925.8253,43654.7386
2025-11-11 06:00:00+00:00,43649.2713,44343.4253,43451.9251,44255.9772
2025-11-11 07:00:00+00:00,44245.6629,44258.0169,43829.0874,43937.7419
2025-11-11 08:00:00+00:00,43944.3917,44324.5749,43748.9688,43910.8282
2025-11-11 09:00:00+00:00,43905.1898,44094.4952,43732.9062,43861.6694
2025-11-11 10:00:00+00:00,43868.002,43985.4972,43388.181,43406.3775
2025-11-11 11:00:00+00:00,43421.8266,43585.7492,43163.8623,43418.0711
2025-11-11 12:00:00+00:00,43410.44,43631.5131,43114.3858,43541.4035
2025-11-11 13:00:00+00:00,43539.7605,43918.8443,43149.5257,43918.8324
2025-11-11 14:00:00+00:00,43925.5063,44157.7245,43777.2729,44075.905
2025-11-11 15:00:00+00:00,44068.1749,44497.3599,44026.0806,44483.8938
2025-11-11 16:00:00+00:00,44463.1599,45046.555,44384.9158,44803.5473
2025-11-11 17:00:00+00:00,44798.0774,44893.52,44193.4858,44393.2644
2025-11-11 18:00:00+00:00,44386.9187,44708.7223,44278.4264,44612.5327
2025-11-11 19:00:00+00:00,44599.8364,45257.3845,44546.6275,45043.5815
2025-11-11 20:00:00+00:00,45037.4307,45128.118,44570.4727,44706.6755
2025-11-11 21:00:00+00:00,44708.3633,45286.0073,44702.0396,45076.2523
2025-11-11 22:00:00+00:00,45078.6766,45273.3314,44884.5347,45115.6942
2025-11-11 23:00:00+00:00,45117.4623,45654.6033,45109.6654,45450.5814
2025-11-12 00:00:00+00:00,45455.9232,45507.835,45106.1739,45436.3639
2025-11-12 01:00:00+00:00,45438.9188,45885.8083,45266.9042,45885.8083
2025-11-12 02:00:00+00:00,45874.8818,45966.6558,45446.3315,45735.6397
2025-11-12 03:00:00+00:00,45729.1654,46350.252,45725.0269,46210.6352
2025-11-12 04:00:00+00:00,46203.3276,46281.5873,45880.1367,45884.7603
2025-11-12 05:00:00+00:00,45893.4278,46169.1954,45581.934,46154.1927
2025-11-12 06:00:00+00:00,46160.1884,46518.6428,45929.2648,46115.8231
2025-11-12 07:00:00+00:00,46115.6069,46134.9696,45675.9335,45754.6962
2025-11-12 08:00:00+00:00,45768.5968,46117.8834,45359.3099,45526.2917
2025-11-12 09:00:00+00:00,45522.3714,45671.1015,45176.5981,45274.7499
2025-11-12 10:00:00+00:00,45272.0618,45746.4104,45181.9674,45478.6641
2025-11-12 11:00:00+00:00,45485.7389,45595.8968,44996.3504,45116.7671
2025-11-12 12:00:00+00:00,45115.0625,45223.1471,44728.8136,44930.5836
2025-11-12 13:00:00+00:00,44937.3463,45176.5901,44747.2968,44871.5298
2025-11-12 14:00:00+00:00,44859.5272,45064.9521,44465.2951,44497.1451
2025-11-12 15:00:00+00:00,44507.6877,44684.19,44229.0887,44373.036
2025-11-12 16:00:00+00:00,44382.2272,44559.4223,44046.4801,44091.4133
2025-11-12 17:00:00+00:00,44092.8874,44358.9374,44079.4399,44158.3732
2025-11-12 18:00:00+00:00,44147.2972,44150.0138,43406.2133,43529.1017
2025-11-12 19:00:00+00:00,43525.5771,43953.4585,43488.4197,43677.6237
2025-11-12 20:00:00+00:00,43676.872,43846.6783,43404.3904,43464.2332
2025-11-12 21:00:00+00:00,43467.271,43833.8347,43252.5661,43796.3968
2025-11-12 22:00:00+00:00,43803.0107,43829.9107,43390.0441,43701.3151
2025-11-12 23:00:00+00:00,43691.2017,43917.8123,43502.2985,43869.154
2025-11-13 00:00:00+00:00,43857.3868,43895.6274,43274.697,43604.649
2025-11-13 01:00:00+00:00,43614.8671,44033.2321,43372.533,43781.9685
2025-11-13 02:00:00+00:00,43788.8267,43990.3852,43548.1815,43580.6397
2025-11-13 03:00:00+00:00,43568.8408,43715.4166,43295.5443,43416.6486
2025-11-13 04:00:00+00:00,43423.1081,44027.0296,43422.484,44001.5329
2025-11-13 05:00:00+00:00,43994.8036,44728.4178,43842.9832,44728.4178
2025-11-13 06:00:00+00:00,44725.2827,45045.8908,44712.4277,44859.9157
2025-11-13 07:00:00+00:00,44856.0416,45158.5508,44582.0865,44607.5815
2025-11-13 08:00:00+00:00,44605.4989,44695.4868,44011.5831,44015.5551
2025-11-13 09:00:00+00:00,44015.9608,44092.9707,43766.6793,43785.0367
2025-11-13 10:00:00+00:00,43780.7604,43877.1049,43473.8135,43742.6833
2025-11-13 11:00:00+00:00,43757.0739,44285.7961,43643.9421,43814.1282
2025-11-13 12:00:00+00:00,43801.5924,44184.12,43747.931,44107.9055
2025-11-13 13:00:00+00:00,44090.0761,44565.8236,44086.0878,44536.0991
2025-11-13 14:00:00+00:00,44551.1,44710.9716,44210.3145,44586.6864
2025-11-13 15:00:00+00:00,44591.6181,44996.4989,44390.759,44390.759
2025-11-13 16:00:00+00:00,44413.3696,44573.526,44108.1044,44455.8345
2025-11-13 17:00:00+00:00,44453.1439,44824.8502,44328.5972,44396.2257
2025-11-13 18:00:00+00:00,44387.5346,45078.7148,44371.2706,44617.1358
2025-11-13 19:00:00+00:00,44601.1207,44925.2724,44356.9175,44855.529
2025-11-13 20:00:00+00:00,44858.9884,45875.1955,44747.158,45813.5032
2025-11-13 21:00:00+00:00,45817.4868,46110.9861,45570.094,45645.5671
2025-11-13 22:00:00+00:00,45645.2251,45880.9841,45000.645,45059.5903
2025-11-13 23:00:00+00:00,45066.4654,45198.2146,44766.4791,44997.8836
2025-11-14 00:00:00+00:00,44997.8633,45312.5256,44865.2637,45041.9115
2025-11-14 01:00:00+00:00,45038.3212,45150.0265,44688.4597,45013.3154
2025-11-14 02:00:00+00:00,45008.5752,45250.0849,44850.2873,45184.0813
2025-11-14 03:00:00+00:00,45184.6963,45204.6062,44819.2409,45029.1998
2025-11-14 04:00:00+00:00,45035.6665,45058.6786,44598.4137,44796.008
2025-11-14 05:00:00+00:00,44806.0834,44831.8661,44289.3613,44472.1131
2025-11-14 06:00:00+00:00,44466.9936,44721.818,44311.1826,44671.0522
2025-11-14 07:00:00+00:00,44675.6984,44794.2968,44372.9675,44740.7182
2025-11-14 08:00:00+00:00,44742.8028,45168.5366,44570.1552,44989.2037
2025-11-14 09:00:00+00:00,44995.4719,45183.4382,44492.8419,44662.394
2025-11-14 10:00:00+00:00,44658.9981,44811.0875,44224.6065,44554.6738
2025-11-14 11:00:00+00:00,44565.838,45654.2778,44564.5914,45122.3368
2025-11-14 12:00:00+00:00,45111.0943,45626.3547,44961.5072,45254.3717
2025-11-14 13:00:00+00:00,45249.5836,45558.4281,44697.6952,44816.348
2025-11-14 14:00:00+00:00,44824.4835,44989.0961,44075.4359,44134.9526
2025-11-14 15:00:00+00:00,44127.0256,44478.97,44053.3268,44225.5107
2025-11-14 16:00:00+00:00,44228.8224,44314.8419,43936.0241,44109.6836
2025-11-14 17:00:00+00:00,44100.4145,44133.8486,43459.8151,43794.5093
2025-11-14 18:00:00+00:00,43802.1637,43803.0087,43294.6958,43369.9994
2025-11-14 19:00:00+00:00,43372.9228,43599.0977,43095.9032,43377.2086
2025-11-14 20:00:00+00:00,43385.3043,43670.215,43017.0834,43578.3338
2025-11-14 21:00:00+00:00,43572.8991,43800.7249,43399.8893,43778.8338
2025-11-14 22:00:00+00:00,43784.1172,44109.241,43510.7616,43872.1043
2025-11-14 23:00:00+00:00,43880.9243,43927.5716,42888.707,42982.0326
2025-11-15 00:00:00+00:00,42980.9442,43516.0526,42948.9967,43347.6995
2025-11-15 01:00:00+00:00,43350.2559,43551.3651,43050.0277,43506.129
2025-11-15 02:00:00+00:00,43516.6865,43750.4371,43327.9084,43425.6286
2025-11-15 03:00:00+00:00,43419.1622,44001.8825,43399.7981,43949.6994
2025-11-15 04:00:00+00:00,43945.7114,44530.3112,43938.4775,44060.4256
2025-11-15 05:00:00+00:00,44049.1389,44438.2798,44003.1315,44331.5839
2025-11-15 06:00:00+00:00,44342.2214,45215.3316,44329.9099,45164.5222
2025-11-15 07:00:00+00:00,45179.9911,45598.8831,45122.3609,45457.3425
2025-11-15 08:00:00+00:00,45453.7463,45514.5839,44523.3641,44820.9582
2025-11-15 09:00:00+00:00,44815.6906,45630.593,44805.9489,45568.2348
2025-11-15 10:00:00+00:00,45569.2295,45736.8977,45281.3953,45525.9825
2025-11-15 11:00:00+00:00,45525.8632,45599.4184,45201.2151,45471.1419
2025-11-15 12:00:00+00:00,45463.8303,45518.0695,44955.5417,45362.0686
2025-11-15 13:00:00+00:00,45356.83,45979.1709,45142.5599,45946.8689
2025-11-15 14:00:00+00:00,45945.1362,46575.1335,45809.9297,46280.5701
2025-11-15 15:00:00+00:00,46282.44,46374.3462,45852.2786,46103.4857
2025-11-15 16:00:00+00:00,46103.691,46364.2023,45868.4454,46053.0166
2025-11-15 17:00:00+00:00,46059.3148,46429.1593,45939.7819,46312.1895
2025-11-15 18:00:00+00:00,46304.7489,46709.8197,45945.6637,46690.4528
2025-11-15 19:00:00+00:00,46695.5755,46769.0949,46234.1883,46544.5053
2025-11-15 20:00:00+00:00,46543.6057,46703.1822,46225.0934,46347.0361
2025-11-15 21:00:00+00:00,46344.1594,46980.2745,46246.2221,46980.2745
2025-11-15 22:00:00+00:00,46986.4868,47614.8366,46877.5081,47591.1432
2025-11-15 23:00:00+00:00,47591.6048,48119.0913,47534.5293,48039.6918
2025-11-16 00:00:00+00:00,48060.5573,48310.2643,47600.0734,47809.0398
2025-11-16 01:00:00+00:00,47805.3301,47980.398,47497.109,47513.717
2025-11-16 02:00:00+00:00,47519.641,47598.7415,47155.5091,47330.5908
2025-11-16 03:00:00+00:00,47320.8219,47593.1114,47146.3711,47476.4022
2025-11-16 04:00:00+00:00,47485.558,48381.7961,47370.4515,48148.3488
2025-11-16 05:00:00+00:00,48157.8125,48463.5314,48057.4613,48300.836
2025-11-16 06:00:00+00:00,48279.8183,48498.5317,48065.2545,48421.4216
2025-11-16 07:00:00+00:00,48404.11,48885.278,48205.6026,48607.0816
2025-11-16 08:00:00+00:00,48592.8067,48724.5453,47742.0805,47783.7525
2025-11-16 09:00:00+00:00,47802.2225,48020.6386,47480.2936,47559.3836
2025-11-16 10:00:00+00:00,47553.2155,47729.5762,46833.9078,46833.9078
2025-11-16 11:00:00+00:00,46840.5869,47102.6703,46565.7922,46570.7537
2025-11-16 12:00:00+00:00,46587.4811,46981.8494,46408.1332,46572.2496
2025-11-16 13:00:00+00:00,46563.8169,47069.5898,46412.2065,46947.8319
2025-11-16 14:00:00+00:00,46966.6953,47305.2929,46642.021,46676.6914
2025-11-16 15:00:00+00:00,46670.8101,46784.195,46354.2571,46389.6652
2025-11-16 16:00:00+00:00,46387.6301,46608.4479,45897.9919,46215.2832
2025-11-16 17:00:00+00:00,46220.961,46574.8697,46188.4398,46236.6169
2025-11-16 18:00:00+00:00,46234.7197,46609.1488,46082.3963,46531.013
2025-11-16 19:00:00+00:00,46537.167,46573.978,46208.693,46514.2807
2025-11-16 20:00:00+00:00,46516.519,46743.96,46081.5949,46447.8951
2025-11-16 21:00:00+00:00,46444.4381,46770.9972,46332.1509,46472.4634
2025-11-16 22:00:00+00:00,46467.2129,46889.9255,46324.7299,46882.2166
2025-11-16 23:00:00+00:00,46892.123,47043.0556,46607.6384,46833.9686
2025-11-17 00:00:00+00:00,46863.2944,47570.0033,46794.7494,46969.8517
2025-11-17 01:00:00+00:00,46973.9161,47010.3254,46519.799,46732.6199
2025-11-17 02:00:00+00:00,46728.7752,46914.6456,45744.016,45817.6408
2025-11-17 03:00:00+00:00,45822.9979,45955.9959,45572.0208,45587.8894
2025-11-17 04:00:00+00:00,45576.4734,45636.8517,45017.7985,45039.0923
2025-11-17 05:00:00+00:00,45037.3342,45166.9286,44598.0963,44906.6544
2025-11-17 06:00:00+00:00,44903.4149,44970.6505,43982.1383,44074.132
2025-11-17 07:00:00+00:00,44077.9329,44477.5334,43933.814,44376.8038
2025-11-17 08:00:00+00:00,44375.4476,44406.5074,43993.334,44265.1894
2025-11-17 09:00:00+00:00,44273.1704,44532.2782,44245.7658,44316.8442
2025-11-17 10:00:00+00:00,44323.5005,44323.5005,43919.2709,44197.0586
2025-11-17 11:00:00+00:00,44195.695,44363.5257,43833.3606,44173.0078
2025-11-17 12:00:00+00:00,44188.2451,44370.9812,43882.9001,44120.1782
2025-11-17 13:00:00+00:00,44125.2734,44273.539,43823.526,44082.325
2025-11-17 14:00:00+00:00,44070.2537,44427.6093,44070.2537,44346.6216
2025-11-17 15:00:00+00:00,44344.9715,44469.7079,43982.7326,44369.5228
2025-11-17 16:00:00+00:00,44385.9129,44512.7108,43865.1387,43893.353
2025-11-17 17:00:00+00:00,43887.4789,44024.8009,43219.9444,43241.8237
2025-11-17 18:00:00+00:00,43232.0084,43452.9326,42949.6558,43128.7221
2025-11-17 19:00:00+00:00,43128.1325,43238.5336,42604.6703,42659.7585
2025-11-17 20:00:00+00:00,42659.2777,42673.17,42301.4084,42402.5615
2025-11-17 21:00:00+00:00,42402.8243,42468.0065,42181.1855,42350.1514
2025-11-17 22:00:00+00:00,42349.698,42417.1596,41974.5569,42150.154
2025-11-17 23:00:00+00:00,42150.2685,42150.2685,41648.7497,41706.4761
2025-11-18 00:00:00+00:00,41707.6126,42021.6622,41637.5656,42005.0601
2025-11-18 01:00:00+00:00,42002.5545,42066.4011,41475.0529,41569.1949
2025-11-18 02:00:00+00:00,41561.745,42248.3464,41446.082,42191.4234
2025-11-18 03:00:00+00:00,42195.2498,42685.3148,42195.2498,42477.3529
2025-11-18 04:00:00+00:00,42462.3598,42468.935,41685.6355,41701.0692
2025-11-18 05:00:00+00:00,41698.6591,41786.2388,41225.8079,41249.318
2025-11-18 06:00:00+00:00,41241.2917,41490.0743,40807.1987,40920.7955
2025-11-18 07:00:00+00:00,40913.4513,40925.5953,40221.5365,40345.5376
2025-11-18 08:00:00+00:00,40352.2918,40828.1846,40352.2918,40662.8737
2025-11-18 09:00:00+00:00,40664.3687,40725.2053,40334.4025,40346.8611
2025-11-18 10:00:00+00:00,40336.7423,40457.5779,39804.0142,39905.2871
2025-11-18 11:00:00+00:00,39918.3873,40144.1743,39800.7129,40027.4381
2025-11-18 12:00:00+00:00,40020.7347,40234.1281,39871.1842,39892.4821
2025-11-18 13:00:00+00:00,39899.475,39962.3322,39703.925,39915.6129
2025-11-18 14:00:00+00:00,39909.3766,40405.0449,39891.247,39963.8545
2025-11-18 15:00:00+00:00,39965.7738,40321.5211,39821.5285,40220.9936
2025-11-18 16:00:00+00:00,40236.1346,40281.9464,39871.4054,40168.679
2025-11-18 17:00:00+00:00,40164.3352,40224.2051,39865.5618,40008.7667
2025-11-18 18:00:00+00:00,40010.6627,40058.0314,39448.4444,39578.6808
2025-11-18 19:00:00+00:00,39572.2472,39779.7101,38951.7933,38979.1295
2025-11-18 20:00:00+00:00,38983.9847,39042.8744,38599.1967,38884.4842
2025-11-18 21:00:00+00:00,38880.8715,39068.2584,38711.9607,38911.2563
2025-11-18 22:00:00+00:00,38925.3214,38925.3214,38437.3841,38687.0802
2025-11-18 23:00:00+00:00,38673.7103,39153.2796,38643.5619,39136.9405
2025-11-19 00:00:00+00:00,39137.352,39529.2238,39129.4526,39440.892
2025-11-19 01:00:00+00:00,39436.9155,39736.626,39425.4396,39687.736
2025-11-19 02:00:00+00:00,39694.3621,39753.7567,39337.4584,39399.5628
2025-11-19 03:00:00+00:00,39406.8149,39516.1851,39217.7915,39373.5243
2025-11-19 04:00:00+00:00,39364.496,39451.6442,39032.3032,39227.4318
2025-11-19 05:00:00+00:00,39231.281,39267.5969,38735.0336,38892.0887
2025-11-19 06:00:00+00:00,38892.9836,39103.5687,38668.4389,39103.5687
2025-11-19 07:00:00+00:00,39093.4059,39224.7599,38897.4951,39125.6122
2025-11-19 08:00:00+00:00,39125.4324,39543.5492,39013.9704,39338.7139
2025-11-19 09:00:00+00:00,39340.7711,39674.2005,39173.5443,39274.8529
2025-11-19 10:00:00+00:00,39276.9441,39755.5965,39254.4882,39673.6498
2025-11-19 11:00:00+00:00,39655.0914,39805.0937,39347.492,39637.3299
2025-11-19 12:00:00+00:00,39643.218,39654.9566,39039.704,39427.665
2025-11-19 13:00:00+00:00,39439.0362,40073.2774,39415.4814,39925.846
2025-11-19 14:00:00+00:00,39935.2865,40088.7774,39609.7071,39627.4322
2025-11-19 15:00:00+00:00,39631.6569,39720.7761,39259.0531,39365.7111
2025-11-19 16:00:00+00:00,39372.3211,39548.7336,39248.4605,39334.5825
2025-11-19 17:00:00+00:00,39336.3396,39546.9775,39107.5369,39201.9411
2025-11-19 18:00:00+00:00,39201.8889,39404.763,39078.225,39355.1128
2025-11-19 19:00:00+00:00,39358.1195,40219.7446,39289.1408,40085.4393
2025-11-19 20:00:00+00:00,40072.0505,40543.8062,39546.3548,39639.3538
2025-11-19 21:00:00+00:00,39639.8025,39645.9114,39039.286,39349.2977
2025-11-19 22:00:00+00:00,39352.3937,39584.3268,39226.7638,39389.7704
2025-11-19 23:00:00+00:00,39381.8886,39524.6802,39228.9032,39293.9148
2025-11-20 00:00:00+00:00,39295.5561,39725.9841,39151.9636,39676.234
2025-11-20 01:00:00+00:00,39693.8687,39846.4506,39578.4048,39775.5977
2025-11-20 02:00:00+00:00,39772.4668,39930.1193,39616.6146,39758.3489
2025-11-20 03:00:00+00:00,39748.1644,40614.3385,39730.953,40546.1923
2025-11-20 04:00:00+00:00,40542.6617,40751.2779,40445.6206,40729.7017
2025-11-20 05:00:00+00:00,40725.3213,40874.3874,40454.5503,40672.6478
2025-11-20 06:00:00+00:00,40668.1834,40686.0344,40173.085,40211.6201
2025-11-20 07:00:00+00:00,40198.9356,40247.8885,39479.3858,39662.8551
2025-11-20 08:00:00+00:00,39673.25,40032.2706,39643.1243,40030.2497
2025-11-20 09:00:00+00:00,40035.2294,40174.4635,39856.9521,39909.0622
2025-11-20 10:00:00+00:00,39898.491,40009.3746,39505.4336,39751.2442
2025-11-20 11:00:00+00:00,39750.3824,40083.5162,39591.5751,39783.5235
2025-11-20 12:00:00+00:00,39775.9895,39960.6999,39453.1603,39846.6881
2025-11-20 13:00:00+00:00,39834.7256,40006.25,39515.8316,39635.7514
2025-11-20 14:00:00+00:00,39635.753,39752.159,39246.2108,39307.6055
2025-11-20 15:00:00+00:00,39318.192,39904.2431,39229.6808,39875.5756
2025-11-20 16:00:00+00:00,39873.2372,40287.8687,39810.1675,40137.3379
2025-11-20 17:00:00+00:00,40148.0788,40400.8819,40087.6868,40141.7485
2025-11-20 18:00:00+00:00,40136.6826,40222.0574,39831.2759,39850.5173
2025-11-20 19:00:00+00:00,39859.9609,39995.0793,39478.6036,39718.1199
2025-11-20 20:00:00+00:00,39733.6796,39952.7138,39560.3879,39891.4489
2025-11-20 21:00:00+00:00,39880.7722,40209.6493,39707.4638,40027.1707
2025-11-20 22:00:00+00:00,40024.5102,40710.5744,40017.5893,40700.0526
2025-11-20 23:00:00+00:00,40690.7098,40867.6361,40165.6455,40357.1002
2025-11-21 00:00:00+00:00,40362.8285,40660.477,40318.3498,40419.2884
2025-11-21 01:00:00+00:00,40420.5307,40839.4769,40266.9894,40786.6812
2025-11-21 02:00:00+00:00,40781.0085,41080.5377,40578.2963,40955.7732
2025-11-21 03:00:00+00:00,40958.9235,41016.3941,40624.0573,40805.1863
2025-11-21 04:00:00+00:00,40813.2851,40813.2851,40220.9589,40508.916
2025-11-21 05:00:00+00:00,40499.3075,41056.4884,40345.4543,40766.3069
2025-11-21 06:00:00+00:00,40771.0113,40976.9898,40214.6459,40332.7166
2025-11-21 07:00:00+00:00,40344.0077,40929.1219,40225.4194,40868.0086
2025-11-21 08:00:00+00:00,40876.7017,41056.808,40400.1552,40581.1145
2025-11-21 09:00:00+00:00,40582.7294,40712.3818,40361.74,40449.8858
2025-11-21 10:00:00+00:00,40449.9147,40653.2684,40011.6578,40011.6578
2025-11-21 11:00:00+00:00,40012.764,40156.5483,39776.4176,40052.1846
2025-11-21 12:00:00+00:00,40054.3635,40477.9726,40054.3635,40124.5158
2025-11-21 13:00:00+00:00,40126.9586,40213.6992,39316.4366,39437.3134
2025-11-21 14:00:00+00:00,39447.9174,39471.125,39097.1505,39360.3878
2025-11-21 15:00:00+00:00,39352.3025,39524.913,38898.8633,38952.0966
2025-11-21 16:00:00+00:00,38957.7549,39127.8088,38850.9159,38947.9686
2025-11-21 17:00:00+00:00,38952.8462,39057.6436,38737.7824,38989.6752
2025-11-21 18:00:00+00:00,39003.474,39231.5186,38805.0437,38837.3081
2025-11-21 19:00:00+00:00,38842.4283,39042.9427,38643.2189,39000.7859
2025-11-21 20:00:00+00:00,38996.7714,39122.1984,38542.6324,38590.0973
2025-11-21 21:00:00+00:00,38591.3602,38615.455,37871.3569,37918.6225
2025-11-21 22:00:00+00:00,37922.6452,38308.8426,37799.883,38135.3443
2025-11-21 23:00:00+00:00,38134.3791,38425.9227,38047.0691,38106.1142
2025-11-22 00:00:00+00:00,38109.8571,38267.1604,37909.9506,38190.3494
2025-11-22 01:00:00+00:00,38188.292,38504.2037,37926.0545,38485.3382
2025-11-22 02:00:00+00:00,38477.7947,38685.8656,38262.048,38510.9505
2025-11-22 03:00:00+00:00,38507.1729,38562.4712,37932.3053,37969.0559
2025-11-22 04:00:00+00:00,37970.6255,38070.9884,37788.2388,37898.074
2025-11-22 05:00:00+00:00,37894.9434,38456.6637,37651.8291,38399.5892
2025-11-22 06:00:00+00:00,38407.1802,38603.1523,38226.8787,38348.8399
2025-11-22 07:00:00+00:00,38350.2446,38548.0422,38221.1284,38433.524
2025-11-22 08:00:00+00:00,38442.4556,38685.3558,38298.1149,38301.0599
2025-11-22 09:00:00+00:00,38291.9456,38455.6878,38117.7751,38178.1401
2025-11-22 10:00:00+00:00,38176.364,38364.0503,37883.4312,37938.8338
2025-11-22 11:00:00+00:00,37933.2257,38363.0301,37758.8254,38235.4484
2025-11-22 12:00:00+00:00,38235.6312,38325.6621,38026.7345,38029.5575
2025-11-22 13:00:00+00:00,38027.1601,38108.4731,37805.9722,37986.7043
2025-11-22 14:00:00+00:00,37989.2616,38265.3882,37751.279,38265.3882
2025-11-22 15:00:00+00:00,38272.7505,38548.8741,37979.6839,38461.6647
2025-11-22 16:00:00+00:00,38466.6238,38554.8604,37877.7731,38108.9506
2025-11-22 17:00:00+00:00,38115.3806,38669.0387,38076.9063,38351.8599
2025-11-22 18:00:00+00:00,38341.7436,38438.1702,38143.598,38391.6191
2025-11-22 19:00:00+00:00,38382.2041,38491.4916,37964.1507,38209.8324
2025-11-22 20:00:00+00:00,38212.2069,38331.218,38008.7149,38157.0511
2025-11-22 21:00:00+00:00,38159.0237,38220.7566,37740.4931,37745.9517
2025-11-22 22:00:00+00:00,37746.0639,37770.1901,37373.2475,37458.0813
2025-11-22 23:00:00+00:00,37450.0934,37707.1214,37327.9292,37446.2374
2025-11-23 00:00:00+00:00,37435.0269,37539.6777,37197.2078,37482.8426
2025-11-23 01:00:00+00:00,37479.8046,37894.6717,37338.8539,37879.4021
2025-11-23 02:00:00+00:00,37869.3714,38437.9125,37840.8972,38169.2242
2025-11-23 03:00:00+00:00,38163.3872,38392.7529,37951.0009,37986.8879
2025-11-23 04:00:00+00:00,37985.5576,38142.4627,37505.6174,37756.373
2025-11-23 05:00:00+00:00,37757.9386,37814.9593,37227.8704,37306.4126
2025-11-23 06:00:00+00:00,37318.1374,37511.253,36986.9704,37080.0647
2025-11-23 07:00:00+00:00,37082.7829,37101.5945,36664.4624,36667.3011
2025-11-23 08:00:00+00:00,36653.3692,36697.2225,35942.1505,35974.5153
2025-11-23 09:00:00+00:00,35959.88,36150.9582,35702.7219,35892.8698
2025-11-23 10:00:00+00:00,35899.898,36249.1634,35805.2373,36213.3359
2025-11-23 11:00:00+00:00,36207.8868,36501.6504,36188.4253,36369.6012
2025-11-23 12:00:00+00:00,36377.1594,36734.7342,36228.7414,36576.2971
2025-11-23 13:00:00+00:00,36584.1762,37457.9386,36461.3117,37359.1251
2025-11-23 14:00:00+00:00,37351.0019,37462.3335,37064.1361,37307.6957
2025-11-23 15:00:00+00:00,37298.1933,37650.5425,37284.2683,37339.9658
2025-11-23 16:00:00+00:00,37326.2568,37493.0992,37133.8632,37213.7809
2025-11-23 17:00:00+00:00,37221.172,37495.1406,37097.3061,37396.7451
2025-11-23 18:00:00+00:00,37401.1816,37527.6835,37130.417,37368.2561
2025-11-23 19:00:00+00:00,37376.6703,37409.926,36627.2132,36885.3458
2025-11-23 20:00:00+00:00,36881.8933,37417.8363,36851.8524,36980.797
2025-11-23 21:00:00+00:00,36978.6181,37162.4292,36597.467,37101.8356
2025-11-23 22:00:00+00:00,37101.9431,37154.2505,36729.5441,36757.9942
2025-11-23 23:00:00+00:00,36757.5365,37318.5029,36729.8566,37295.0469
2025-11-24 00:00:00+00:00,37307.3703,37456.938,37128.8286,37172.9654
2025-11-24 01:00:00+00:00,37174.3616,37269.0078,36876.6053,37183.4961
2025-11-24 02:00:00+00:00,37180.3648,37694.6844,37101.6871,37621.9348
2025-11-24 03:00:00+00:00,37628.5975,37890.2313,37438.7577,37724.2747
2025-11-24 04:00:00+00:00,37709.4732,37719.3079,37367.0817,37452.6722
2025-11-24 05:00:00+00:00,37453.6378,37779.5395,37442.6988,37675.868
2025-11-24 06:00:00+00:00,37682.4027,37834.4271,37334.3507,37362.0969
2025-11-24 07:00:00+00:00,37363.9292,37494.7835,36865.9181,36907.77
2025-11-24 08:00:00+00:00,36913.0242,36932.9672,36587.2277,36654.5915
2025-11-24 09:00:00+00:00,36651.6771,36964.6461,36540.5509,36873.8239
2025-11-24 10:00:00+00:00,36858.9979,37325.9684,36729.4049,37067.67
2025-11-24 11:00:00+00:00,37045.0408,37296.5151,36887.3647,36991.2846
2025-11-24 12:00:00+00:00,36993.1171,37400.4351,36975.2122,37273.6656
2025-11-24 13:00:00+00:00,37282.3285,37569.897,37052.6383,37569.897
2025-11-24 14:00:00+00:00,37567.1456,37672.0727,37250.1579,37532.5838
2025-11-24 15:00:00+00:00,37515.3388,37927.4162,37515.3388,37578.6113
2025-11-24 16:00:00+00:00,37581.6852,37602.2025,37054.3072,37054.3072
2025-11-24 17:00:00+00:00,37055.4324,37509.9011,36993.6842,37482.3196
2025-11-24 18:00:00+00:00,37492.2279,37522.4202,37119.6195,37457.4375
2025-11-24 19:00:00+00:00,37449.3439,37470.8451,36979.7689,37048.6836
2025-11-24 20:00:00+00:00,37056.993,37203.9342,36832.7924,36873.814
2025-11-24 21:00:00+00:00,36871.4838,36956.6515,36732.846,36914.0249
2025-11-24 22:00:00+00:00,36910.9368,37214.4076,36607.0279,37207.4755
2025-11-24 23:00:00+00:00,37214.7108,37369.7811,36907.641,36919.9576
2025-11-25 00:00:00+00:00,36924.099,37039.7215,36649.3066,36854.319
2025-11-25 01:00:00+00:00,36855.5708,37088.6146,36655.7471,36777.5914
2025-11-25 02:00:00+00:00,36786.6705,36817.2202,36494.1783,36746.6212
2025-11-25 03:00:00+00:00,36745.8729,36778.1125,36377.1913,36389.2963
2025-11-25 04:00:00+00:00,36390.4633,36811.3855,36330.9221,36604.6853
2025-11-25 05:00:00+00:00,36595.4783,36596.2687,35991.0826,36083.4694
2025-11-25 06:00:00+00:00,36081.2113,36305.7015,35921.1673,36133.5481
2025-11-25 07:00:00+00:00,36131.4589,37158.9911,36126.0645,37158.9911
2025-11-25 08:00:00+00:00,37150.446,37641.1255,37009.6977,37599.1838
2025-11-25 09:00:00+00:00,37589.8113,37873.9963,37560.6199,37778.5175
2025-11-25 10:00:00+00:00,37776.5984,37776.5984,37355.7276,37558.2415
2025-11-25 11:00:00+00:00,37557.6678,37609.6708,37368.5916,37433.7799
2025-11-25 12:00:00+00:00,37429.9879,37679.3787,37343.9725,37601.6838
2025-11-25 13:00:00+00:00,37596.1437,37699.7842,37421.6783,37518.2101
2025-11-25 14:00:00+00:00,37512.9302,37967.5608,37425.7183,37800.2027
2025-11-25 15:00:00+00:00,37799.3152,37833.2271,37159.9706,37422.8362
2025-11-25 16:00:00+00:00,37434.1369,37527.1524,37165.9236,37227.622
2025-11-25 17:00:00+00:00,37232.0253,37330.5046,36957.907,37069.9369
2025-11-25 18:00:00+00:00,37056.9725,37103.4414,36453.8555,36624.8246
2025-11-25 19:00:00+00:00,36627.6097,36885.6339,36451.9257,36504.0087
2025-11-25 20:00:00+00:00,36503.7721,37202.6366,36485.3957,37185.115
2025-11-25 21:00:00+00:00,37195.7152,37369.2157,37018.526,37096.4927
2025-11-25 22:00:00+00:00,37090.4015,37246.0984,36697.1768,36714.2414
2025-11-25 23:00:00+00:00,36694.4889,37038.1423,36581.4674,37002.7202
2025-11-26 00:00:00+00:00,37009.2941,37035.514,36577.4827,36828.3963
2025-11-26 01:00:00+00:00,36830.598,36978.8248,36564.3017,36724.7933
2025-11-26 02:00:00+00:00,36728.7577,36828.4315,36248.2523,36263.652
2025-11-26 03:00:00+00:00,36280.654,36293.9126,35812.8487,36025.6025
2025-11-26 04:00:00+00:00,36026.1199,36262.2406,35948.8529,36098.9502
2025-11-26 05:00:00+00:00,36097.5935,36247.6956,35794.5103,35821.1996
2025-11-26 06:00:00+00:00,35836.425,36045.458,35770.212,35779.0444
2025-11-26 07:00:00+00:00,35770.046,35985.2336,35571.9541,35606.9208
2025-11-26 08:00:00+00:00,35617.4092,36036.9007,35554.1719,36036.9007
2025-11-26 09:00:00+00:00,36039.5169,36337.3811,35828.2414,35885.4401
2025-11-26 10:00:00+00:00,35873.8154,36103.9518,35700.639,35772.4014
2025-11-26 11:00:00+00:00,35763.0116,35950.1391,35630.8984,35666.7055
2025-11-26 12:00:00+00:00,35665.0597,35852.8312,35562.1826,35588.0079
2025-11-26 13:00:00+00:00,35601.3358,35953.7216,35537.4489,35856.7239
2025-11-26 14:00:00+00:00,35842.3855,36114.7942,35796.8453,36041.9602
2025-11-26 15:00:00+00:00,36032.6443,36156.9154,35825.0122,35894.2534
2025-11-26 16:00:00+00:00,35904.1651,36080.7466,35676.1936,35773.1159
2025-11-26 17:00:00+00:00,35767.3377,36061.0375,35681.9344,35690.2873
2025-11-26 18:00:00+00:00,35685.8616,36131.1773,35567.7176,36098.2616
2025-11-26 19:00:00+00:00,36102.5004,36481.6792,36047.8152,36225.3763
2025-11-26 20:00:00+00:00,36227.4618,36644.3091,36212.1491,36312.097
2025-11-26 21:00:00+00:00,36324.0383,36791.9132,36086.2559,36736.8669
2025-11-26 22:00:00+00:00,36730.93,37241.2008,36692.0451,36974.7741
2025-11-26 23:00:00+00:00,36974.4114,37316.9367,36807.8541,37298.8642
2025-11-27 00:00:00+00:00,37293.6466,37449.8666,37094.2172,37211.2196
2025-11-27 01:00:00+00:00,37204.849,37218.0226,36571.063,36921.3369
2025-11-27 02:00:00+00:00,36918.1069,37355.8857,36871.6746,37304.8186
2025-11-27 03:00:00+00:00,37307.2573,37686.6886,37101.5937,37548.4321
2025-11-27 04:00:00+00:00,37560.052,37607.089,37238.5755,37329.4309
2025-11-27 05:00:00+00:00,37322.6268,37440.2978,37060.1834,37363.2706
2025-11-27 06:00:00+00:00,37351.0374,37406.3881,36832.0443,36915.0594
2025-11-27 07:00:00+00:00,36913.6699,37180.2477,36799.7834,37066.0977
2025-11-27 08:00:00+00:00,37058.3606,37663.4653,36971.6259,37600.991
2025-11-27 09:00:00+00:00,37605.4294,37696.7984,37265.2399,37403.95
2025-11-27 10:00:00+00:00,37408.6436,37743.3167,37341.8098,37411.499
2025-11-27 11:00:00+00:00,37407.4538,37665.4939,37287.809,37468.5404
2025-11-27 12:00:00+00:00,37469.7217,37719.5057,37301.7763,37524.4778
2025-11-27 13:00:00+00:00,37525.7246,37906.2104,37470.4443,37770.3986
2025-11-27 14:00:00+00:00,37776.9957,37931.2764,37458.2265,37881.869
2025-11-27 15:00:00+00:00,37881.1175,37911.0816,37371.5527,37428.9975
2025-11-27 16:00:00+00:00,37434.9,37564.1668,37184.0836,37370.0849
2025-11-27 17:00:00+00:00,37376.8419,37411.7406,36916.3395,37207.9775
2025-11-27 18:00:00+00:00,37196.7446,37653.4982,37179.8939,37551.0103
2025-11-27 19:00:00+00:00,37554.2359,37797.6942,37407.2458,37790.0668
2025-11-27 20:00:00+00:00,37803.1325,38373.6141,37793.0016,38163.3371
2025-11-27 21:00:00+00:00,38171.9009,39170.2954,38159.4957,38986.707
2025-11-27 22:00:00+00:00,38980.4687,39356.012,38933.698,39055.0725
2025-11-27 23:00:00+00:00,39054.1251,39834.1956,39019.9441,39734.8692
2025-11-28 00:00:00+00:00,39734.4317,39974.4504,39514.4842,39534.2718
2025-11-28 01:00:00+00:00,39538.3853,39803.9486,39392.2569,39408.9032
2025-11-28 02:00:00+00:00,39407.6702,39622.6169,39319.3674,39522.912
2025-11-28 03:00:00+00:00,39523.1469,39825.7677,39342.9193,39722.4904
2025-11-28 04:00:00+00:00,39721.851,40313.0326,39709.8137,40300.8304
2025-11-28 05:00:00+00:00,40306.2549,40495.7843,40058.0546,40082.5055
2025-11-28 06:00:00+00:00,40083.4888,40244.8112,39847.6083,40218.9031
2025-11-28 07:00:00+00:00,40201.6359,40409.486,40104.9313,40398.0312
2025-11-28 08:00:00+00:00,40377.0522,40399.8629,39768.5495,39943.8919
2025-11-28 09:00:00+00:00,39932.5049,40309.0469,39856.0972,40122.5554
2025-11-28 10:00:00+00:00,40128.8302,40149.3943,39463.9213,39483.9028
2025-11-28 11:00:00+00:00,39483.1243,39624.0782,39282.1805,39481.7834
2025-11-28 12:00:00+00:00,39469.2163,39472.1446,38950.9064,38989.0755
2025-11-28 13:00:00+00:00,38992.3015,39422.4646,38992.3015,39379.8261
2025-11-28 14:00:00+00:00,39368.1548,39591.232,39313.336,39514.2868
2025-11-28 15:00:00+00:00,39525.9861,39657.4092,39099.8562,39428.9381
2025-11-28 16:00:00+00:00,39435.3917,39588.4461,39140.6763,39325.8832
2025-11-28 17:00:00+00:00,39317.237,39607.5448,39293.6947,39560.4452
2025-11-28 18:00:00+00:00,39577.8145,39597.5613,39235.9754,39310.8826
2025-11-28 19:00:00+00:00,39306.8989,39786.6928,39295.9413,39735.4675
2025-11-28 20:00:00+00:00,39751.9359,40019.7021,39517.57,40019.7021
2025-11-28 21:00:00+00:00,40009.166,40356.9925,39913.9377,40343.6412
2025-11-28 22:00:00+00:00,40360.2603,40591.835,40219.6042,40447.8381
2025-11-28 23:00:00+00:00,40444.144,40665.0335,40227.4997,40457.2445
2025-11-29 00:00:00+00:00,40441.9817,40491.1556,40114.5822,40384.8225
2025-11-29 01:00:00+00:00,40390.2308,40390.2308,39789.4227,40130.0434
2025-11-29 02:00:00+00:00,40137.0428,40409.7072,39982.9633,40369.4625
2025-11-29 03:00:00+00:00,40338.9635,40416.1901,39932.1455,40258.58
2025-11-29 04:00:00+00:00,40273.279,40357.5173,39977.2295,40278.3598
2025-11-29 05:00:00+00:00,40283.6607,40584.3826,40186.205,40552.5754
2025-11-29 06:00:00+00:00,40542.2305,40913.8037,40518.3207,40744.7185
2025-11-29 07:00:00+00:00,40747.9038,40857.3136,40605.0363,40646.1507
2025-11-29 08:00:00+00:00,40651.0768,41058.8458,40651.0768,40779.5688
2025-11-29 09:00:00+00:00,40772.1132,40791.7878,40308.915,40496.2386
2025-11-29 10:00:00+00:00,40490.3247,41034.9479,40429.3478,40536.9281
2025-11-29 11:00:00+00:00,40536.7864,40909.093,40432.6618,40818.9573
2025-11-29 12:00:00+00:00,40823.7128,41103.468,40644.9895,41017.3164
2025-11-29 13:00:00+00:00,41017.8423,41151.3206,40509.4245,40662.6427
2025-11-29 14:00:00+00:00,40653.4616,41172.435,40618.4801,41161.1485
2025-11-29 15:00:00+00:00,41166.8497,41297.3485,40850.9773,40877.5875
2025-11-29 16:00:00+00:00,40886.5372,41268.2256,40810.4195,41189.8126
2025-11-29 17:00:00+00:00,41208.4429,41503.1266,41163.2242,41449.8472
2025-11-29 18:00:00+00:00,41450.494,41649.5551,41313.9707,41366.2852
2025-11-29 19:00:00+00:00,41358.4816,41466.111,41123.7514,41215.1752
2025-11-29 20:00:00+00:00,41199.0722,41425.459,41106.0365,41387.4631
2025-11-29 21:00:00+00:00,41386.4417,41771.9318,41129.4087,41688.848
2025-11-29 22:00:00+00:00,41689.8201,42193.6335,41667.3689,42065.009
2025-11-29 23:00:00+00:00,42055.0069,42168.6155,41737.4878,41952.6231
2025-11-30 00:00:00+00:00,41958.1072,42129.8379,41428.8525,41746.4558
2025-11-30 01:00:00+00:00,41749.3075,42180.0864,41543.0001,42010.8566
2025-11-30 02:00:00+00:00,42005.302,42605.4346,41963.1022,42594.0331
2025-11-30 03:00:00+00:00,42603.5423,42768.8657,42389.2839,42444.2141
2025-11-30 04:00:00+00:00,42443.1748,42639.8116,42130.0437,42575.5941
2025-11-30 05:00:00+00:00,42583.4311,43001.3827,42430.9222,42874.2587
2025-11-30 06:00:00+00:00,42871.8027,43329.8159,42790.7673,43262.4665
2025-11-30 07:00:00+00:00,43266.7087,43432.0537,42988.9639,43226.8562
2025-11-30 08:00:00+00:00,43234.0658,43817.238,43202.334,43596.8396
2025-11-30 09:00:00+00:00,43590.7948,43983.7152,43360.0654,43921.2179
2025-11-30 10:00:00+00:00,43915.1156,44769.3877,43869.7841,44702.5499
2025-11-30 11:00:00+00:00,44683.4198,44690.2875,43891.3886,43985.4691
2025-11-30 12:00:00+00:00,43992.1055,44064.2085,43237.7921,43381.6204
2025-11-30 13:00:00+00:00,43390.452,43558.4758,43077.6412,43546.0183
2025-11-30 14:00:00+00:00,43540.1386,43687.112,43239.0566,43490.8437
2025-11-30 15:00:00+00:00,43484.6101,43562.0863,43094.8051,43345.6539
2025-11-30 16:00:00+00:00,43356.8583,43465.9383,42990.408,43106.6213
2025-11-30 17:00:00+00:00,43110.8197,43762.893,43107.6736,43739.6072
2025-11-30 18:00:00+00:00,43740.9259,43804.8039,42810.743,42868.6089
2025-11-30 19:00:00+00:00,42875.4708,43291.8566,42709.1267,42720.6067
2025-11-30 20:00:00+00:00,42694.8476,43032.4734,42585.4171,42623.8646
2025-11-30 21:00:00+00:00,42629.2036,42672.5457,41909.5397,42035.5663
2025-11-30 22:00:00+00:00,42040.7294,42166.2232,41858.4287,41995.377
2025-11-30 23:00:00+00:00,42000.7775,42240.9052,41734.0244,42195.9992
2025-12-01 00:00:00+00:00,42201.8291,42755.361,42137.4475,42686.9273
2025-12-01 01:00:00+00:00,42695.4751,42838.5529,42351.5767,42358.4675
2025-12-01 02:00:00+00:00,42360.504,42405.4268,42059.1645,42316.9976
2025-12-01 03:00:00+00:00,42322.6874,42607.8601,42186.2854,42580.7187
2025-12-01 04:00:00+00:00,42589.3822,43005.3327,42372.6738,42998.3042
2025-12-01 05:00:00+00:00,42994.0819,43687.8131,42955.2908,43591.9777
2025-12-01 06:00:00+00:00,43591.4537,43607.2647,43087.8594,43484.0647
2025-12-01 07:00:00+00:00,43488.2373,43902.0658,43304.204,43892.5771
2025-12-01 08:00:00+00:00,43897.4225,44127.3891,43676.4812,43775.285
2025-12-01 09:00:00+00:00,43750.8106,43852.5126,43414.4295,43792.9479
2025-12-01 10:00:00+00:00,43800.6853,44645.868,43737.7616,44458.9999
2025-12-01 11:00:00+00:00,44454.5303,44454.5303,43970.2343,44276.87
2025-12-01 12:00:00+00:00,44280.3831,44433.4998,44154.4662,44304.2374
2025-12-01 13:00:00+00:00,44299.077,44599.9285,44171.4691,44577.3139
2025-12-01 14:00:00+00:00,44590.7481,44809.8401,44231.0674,44701.0479
2025-12-01 15:00:00+00:00,44708.16,44880.8914,44309.1286,44511.9422
2025-12-01 16:00:00+00:00,44522.8469,44922.1352,44501.4666,44610.6591
2025-12-01 17:00:00+00:00,44604.4681,44646.6968,44242.5094,44307.0054
2025-12-01 18:00:00+00:00,44305.8451,44695.0094,44246.5175,44595.0209
2025-12-01 19:00:00+00:00,44583.1984,44895.7624,44528.1334,44741.5191
2025-12-01 20:00:00+00:00,44754.0973,45348.2086,44645.9094,45277.3646
2025-12-01 21:00:00+00:00,45289.915,45398.8799,45003.6305,45008.7192
2025-12-01 22:00:00+00:00,45021.1498,45391.0961,44878.9515,45312.4158
2025-12-01 23:00:00+00:00,45317.2881,45760.1673,45228.9087,45756.4993
2025-12-02 00:00:00+00:00,45768.8835,45928.4459,45317.5492,45656.6322
2025-12-02 01:00:00+00:00,45651.0645,45685.7307,45183.6624,45286.0029
2025-12-02 02:00:00+00:00,45298.7841,45584.866,45062.8358,45387.7653
2025-12-02 03:00:00+00:00,45394.4065,45484.1956,45093.7506,45401.0758
2025-12-02 04:00:00+00:00,45393.8889,45588.7033,45045.2361,45517.6269
2025-12-02 05:00:00+00:00,45513.1399,46200.9551,45393.9377,46077.5636
2025-12-02 06:00:00+00:00,46077.2074,46541.4277,46056.8065,46080.8441
2025-12-02 07:00:00+00:00,46078.5687,46562.0475,45902.3558,45962.4812
2025-12-02 08:00:00+00:00,45952.6341,46037.5385,45407.7057,45602.8231
2025-12-02 09:00:00+00:00,45597.0252,45776.823,45219.1404,45238.4383
2025-12-02 10:00:00+00:00,45247.6322,45444.4743,44477.5211,44609.5002
2025-12-02 11:00:00+00:00,44612.1507,45402.8139,44466.5391,45230.8632
2025-12-02 12:00:00+00:00,45223.9203,45322.9807,44414.1401,44438.0877
2025-12-02 13:00:00+00:00,44433.1861,45231.0871,44296.3143,45179.0211
2025-12-02 14:00:00+00:00,45177.2733,46089.8011,45175.9061,46006.3879
2025-12-02 15:00:00+00:00,46011.7692,46158.7972,45735.8552,45872.6799
2025-12-02 16:00:00+00:00,45863.0144,46000.2721,45564.764,45819.4923
2025-12-02 17:00:00+00:00,45815.3212,45870.1558,44984.2874,45109.2266
2025-12-02 18:00:00+00:00,45102.5012,45357.7012,44694.5026,44939.116
2025-12-02 19:00:00+00:00,44932.1395,44954.1775,44462.1993,44770.8631
2025-12-02 20:00:00+00:00,44773.1238,44927.0544,44409.7688,44844.3944
2025-12-02 21:00:00+00:00,44838.5007,44984.728,44541.6482,44691.1265
2025-12-02 22:00:00+00:00,44690.4621,45294.5111,44475.0944,45283.7774
2025-12-02 23:00:00+00:00,45283.6807,45362.0519,44781.3716,44890.5196
2025-12-03 00:00:00+00:00,44897.4761,45237.7416,44897.4761,45178.1601
2025-12-03 01:00:00+00:00,45186.0047,45291.1111,44732.5008,44772.9981
2025-12-03 02:00:00+00:00,44787.2261,44988.0009,44328.5445,44341.7357
2025-12-03 03:00:00+00:00,44345.907,44804.0602,44205.8618,44636.3974
2025-12-03 04:00:00+00:00,44623.5922,44893.1411,44252.8973,44252.8973
2025-12-03 05:00:00+00:00,44264.2998,44471.9613,44019.5199,44456.2939
2025-12-03 06:00:00+00:00,44448.4337,44887.0099,44421.3046,44834.726
2025-12-03 07:00:00+00:00,44839.8801,45027.8351,44325.6285,44337.0978
2025-12-03 08:00:00+00:00,44337.2634,44414.9877,43989.6103,44380.2168
2025-12-03 09:00:00+00:00,44383.4587,44567.8399,44268.3229,44500.5318
2025-12-03 10:00:00+00:00,44501.2061,44770.9722,44292.873,44610.1607
2025-12-03 11:00:00+00:00,44608.85,44704.95,44167.5186,44457.6474
2025-12-03 12:00:00+00:00,44455.0775,44671.9577,44283.862,44591.4697
2025-12-03 13:00:00+00:00,44600.667,44856.2363,43974.9625,44147.6451
2025-12-03 14:00:00+00:00,44147.7592,44225.57,43785.115,43977.016
2025-12-03 15:00:00+00:00,43957.377,44256.5424,43810.4656,43878.2423
2025-12-03 16:00:00+00:00,43871.8044,43876.761,43392.1067,43397.7712
2025-12-03 17:00:00+00:00,43408.1588,43640.6491,42655.4657,42737.1647
2025-12-03 18:00:00+00:00,42726.8767,43150.5012,42669.2031,42790.7326
2025-12-03 19:00:00+00:00,42784.0877,43096.9608,42757.0611,42881.6312
2025-12-03 20:00:00+00:00,42879.2949,43062.4755,42667.1266,42977.7773
2025-12-03 21:00:00+00:00,42978.3294,43562.3209,42960.8222,43551.6993
2025-12-03 22:00:00+00:00,43550.1624,44130.4653,43541.9263,43973.4749
2025-12-03 23:00:00+00:00,43983.5747,43990.9956,43642.1358,43700.6282
2025-12-04 00:00:00+00:00,43693.5476,43891.7272,43426.8562,43655.8888
2025-12-04 01:00:00+00:00,43666.6011,43937.822,43228.5526,43681.6262
2025-12-04 02:00:00+00:00,43695.6268,44177.3386,43460.3685,43543.4395
2025-12-04 03:00:00+00:00,43541.5033,44038.0677,43497.36,43791.5046
2025-12-04 04:00:00+00:00,43791.2272,43888.809,43174.5411,43225.4153
2025-12-04 05:00:00+00:00,43240.1949,43249.2061,42710.9175,42903.1035
2025-12-04 06:00:00+00:00,42910.8625,43067.543,42544.4156,42818.9881
2025-12-04 07:00:00+00:00,42825.3618,43377.6293,42760.4045,43186.945
2025-12-04 08:00:00+00:00,43178.0305,43446.8204,42703.3237,42845.5264
2025-12-04 09:00:00+00:00,42828.912,43322.1858,42702.5962,43320.7042
2025-12-04 10:00:00+00:00,43322.3652,43884.4406,43308.1218,43602.4337
2025-12-04 11:00:00+00:00,43609.3486,43615.1495,42778.9608,42916.7875
2025-12-04 12:00:00+00:00,42917.4364,43369.064,42842.9033,43318.76
2025-12-04 13:00:00+00:00,43323.3701,43649.7217,43127.1676,43164.5911
2025-12-04 14:00:00+00:00,43185.544,43771.005,43004.1824,43771.005
2025-12-04 15:00:00+00:00,43772.3671,44256.6613,43543.2579,44227.9154
2025-12-04 16:00:00+00:00,44224.6391,44583.3368,43997.2673,44102.1384
2025-12-04 17:00:00+00:00,44101.5847,44202.5211,43603.0464,43907.7892
2025-12-04 18:00:00+00:00,43914.2414,44355.6335,43903.8006,44252.6978
2025-12-04 19:00:00+00:00,44251.3297,44570.8485,44076.6471,44086.8206
2025-12-04 20:00:00+00:00,44085.3237,44643.3302,43866.1934,44478.8543
2025-12-04 21:00:00+00:00,44475.8254,44789.6652,44264.3,44548.1004
2025-12-04 22:00:00+00:00,44541.365,45656.4622,44482.1141,45537.1309
2025-12-04 23:00:00+00:00,45535.4173,45605.7205,44363.6277,44370.3593
2025-12-05 00:00:00+00:00,44378.4544,44751.3772,44368.5664,44748.9689
2025-12-05 01:00:00+00:00,44744.581,45046.0113,44645.6698,45030.0381
2025-12-05 02:00:00+00:00,45027.9055,45064.2004,44702.2735,44891.5934
2025-12-05 03:00:00+00:00,44884.1561,44911.0152,43746.2029,43746.2029
2025-12-05 04:00:00+00:00,43754.3453,44311.171,43690.7563,44254.7359
2025-12-05 05:00:00+00:00,44254.8899,44634.334,44122.2859,44426.8751
2025-12-05 06:00:00+00:00,44436.8326,44649.4136,44299.6208,44623.6653
2025-12-05 07:00:00+00:00,44622.9994,44657.5973,43852.3556,43901.282
2025-12-05 08:00:00+00:00,43906.6917,44210.3217,43813.5776,43813.5776
2025-12-05 09:00:00+00:00,43818.73,43938.8535,43564.1512,43753.176
2025-12-05 10:00:00+00:00,43746.296,44125.187,43589.5495,43702.3503
2025-12-05 11:00:00+00:00,43691.8336,43849.8693,43380.0387,43733.2396
2025-12-05 12:00:00+00:00,43744.4257,44657.7704,43742.262,44446.5834
2025-12-05 13:00:00+00:00,44440.9314,44769.2187,44355.3142,44761.1996
2025-12-05 14:00:00+00:00,44755.7748,45053.6739,44226.3896,44466.0768
2025-12-05 15:00:00+00:00,44459.0133,44993.3117,44439.019,44743.5101
2025-12-05 16:00:00+00:00,44752.8725,45281.2777,44603.1069,44937.6338
2025-12-05 17:00:00+00:00,44925.8693,45196.8415,44815.9221,45153.8312
2025-12-05 18:00:00+00:00,45155.318,45589.1219,45096.1601,45388.6435
2025-12-05 19:00:00+00:00,45386.3673,45448.1272,44642.4974,44716.5777
2025-12-05 20:00:00+00:00,44725.4666,44784.5047,44446.7232,44531.0353
2025-12-05 21:00:00+00:00,44539.7334,44618.1222,44105.9668,44189.8992
2025-12-05 22:00:00+00:00,44194.2334,45243.7867,44179.6368,45231.5203
2025-12-05 23:00:00+00:00,45226.3307,45303.1679,44510.9057,44545.931
2025-12-06 00:00:00+00:00,44533.8529,44821.3423,44243.8813,44579.5459
2025-12-06 01:00:00+00:00,44587.3232,45118.0015,44561.8692,45118.0015
2025-12-06 02:00:00+00:00,45113.6994,45152.7833,44821.4037,44834.4175
2025-12-06 03:00:00+00:00,44843.3318,44941.1146,44485.0935,44522.1312
2025-12-06 04:00:00+00:00,44505.7,45004.7535,44451.1654,44718.5984
2025-12-06 05:00:00+00:00,44711.3657,44764.1811,44107.3572,44149.1777
2025-12-06 06:00:00+00:00,44147.2153,44374.6794,43789.1347,43789.1347
2025-12-06 07:00:00+00:00,43785.0988,43945.9687,43435.2186,43481.8734
2025-12-06 08:00:00+00:00,43478.288,43865.3964,43337.7467,43560.6254
2025-12-06 09:00:00+00:00,43561.863,44154.8239,43469.1445,43826.9008
2025-12-06 10:00:00+00:00,43844.7217,44033.474,43620.8869,43933.3363
2025-12-06 11:00:00+00:00,43917.1237,44083.8811,43705.7057,43854.5595
2025-12-06 12:00:00+00:00,43855.8867,44563.9862,43845.4484,44533.472
2025-12-06 13:00:00+00:00,44530.516,44921.3214,44514.3417,44878.5039
2025-12-06 14:00:00+00:00,44888.3894,44967.982,44241.3238,44488.603
2025-12-06 15:00:00+00:00,44478.4563,44529.9597,43919.4746,44024.9627
2025-12-06 16:00:00+00:00,44021.8458,44137.0109,43514.425,43658.9616
2025-12-06 17:00:00+00:00,43649.5698,44013.6119,43556.9195,43816.0916
2025-12-06 18:00:00+00:00,43807.8336,43819.4633,43420.7914,43732.8097
2025-12-06 19:00:00+00:00,43745.3596,44321.4897,43725.177,44078.3706
2025-12-06 20:00:00+00:00,44082.6384,44403.7504,44006.9605,44378.6626
2025-12-06 21:00:00+00:00,44385.5329,44394.281,43828.6785,44098.3003
2025-12-06 22:00:00+00:00,44087.0175,44096.22,43587.6533,43922.6153
2025-12-06 23:00:00+00:00,43931.2953,44561.5745,43736.0022,44530.0088
2025-12-07 00:00:00+00:00,44529.417,45435.0925,44413.2758,45347.9209
2025-12-07 01:00:00+00:00,45342.8866,45468.2098,45051.7687,45320.7573
2025-12-07 02:00:00+00:00,45318.7506,45917.4685,45156.8804,45876.9029
2025-12-07 03:00:00+00:00,45877.1523,45877.1523,45088.0403,45510.4493
2025-12-07 04:00:00+00:00,45508.1007,46316.1188,45508.1007,46051.1926
2025-12-07 05:00:00+00:00,46046.0361,46277.601,45749.7758,46127.2786
2025-12-07 06:00:00+00:00,46128.9033,46422.5718,45916.6034,46363.4362
2025-12-07 07:00:00+00:00,46355.5762,46501.9738,45318.3634,45404.1326
2025-12-07 08:00:00+00:00,45387.9259,46065.2848,45288.5481,45958.2447
2025-12-07 09:00:00+00:00,45967.5402,45969.7522,45430.1368,45540.0708
2025-12-07 10:00:00+00:00,45532.8572,45567.9258,44706.9071,44856.9275
2025-12-07 11:00:00+00:00,44852.811,45032.3975,44449.0084,44528.7252
2025-12-07 12:00:00+00:00,44541.5495,44591.5035,43924.6986,44044.7178
2025-12-07 13:00:00+00:00,44036.3554,44418.7052,43764.5673,44375.0532
2025-12-07 14:00:00+00:00,44382.4236,44488.2054,43893.7084,43921.7894
2025-12-07 15:00:00+00:00,43901.9003,44420.4051,43813.1036,44312.8361
2025-12-07 16:00:00+00:00,44315.4341,44454.4946,44031.2896,44248.2454
2025-12-07 17:00:00+00:00,44241.9378,44262.9207,43716.7288,43869.3899
2025-12-07 18:00:00+00:00,43866.8882,44489.8998,43753.7841,44431.7507
2025-12-07 19:00:00+00:00,44426.589,44591.5477,44283.2618,44548.6939
2025-12-07 20:00:00+00:00,44547.6857,44576.43,43643.2025,43669.2304
2025-12-07 21:00:00+00:00,43672.6312,43684.4127,43322.0653,43616.9501
2025-12-07 22:00:00+00:00,43619.9165,44020.4551,43524.1242,43596.7344
2025-12-07 23:00:00+00:00,43594.4682,43845.0661,43458.8549,43745.6724
2025-12-08 00:00:00+00:00,43722.2459,43906.0028,43424.1298,43674.4442
2025-12-08 01:00:00+00:00,43674.3903,43759.0551,43349.0497,43394.1392
2025-12-08 02:00:00+00:00,43384.0868,43760.0155,43248.0377,43690.3525
2025-12-08 03:00:00+00:00,43688.7935,43854.1117,43289.9555,43541.569
2025-12-08 04:00:00+00:00,43544.9216,43802.4163,43144.6706,43144.6706
2025-12-08 05:00:00+00:00,43147.292,43397.4766,42987.2916,43384.8367
2025-12-08 06:00:00+00:00,43386.1771,43622.1295,43247.2293,43464.4555
2025-12-08 07:00:00+00:00,43472.5782,43911.3458,43432.1896,43606.0884
2025-12-08 08:00:00+00:00,43609.7643,43689.273,43343.4261,43531.3732
2025-12-08 09:00:00+00:00,43524.5942,43821.6999,43379.563,43510.4684
2025-12-08 10:00:00+00:00,43514.2284,43870.643,43416.4372,43678.6883
2025-12-08 11:00:00+00:00,43685.7163,44135.7892,43472.2274,44127.2374
2025-12-08 12:00:00+00:00,44129.6175,44134.2848,43685.3863,43894.9272
2025-12-08 13:00:00+00:00,43884.2141,44158.2449,43573.0314,43730.3318
2025-12-08 14:00:00+00:00,43720.714,43860.242,43394.5961,43747.9175
2025-12-08 15:00:00+00:00,43746.7137,44212.4506,43468.0519,43708.8059
2025-12-08 16:00:00+00:00,43709.5008,43811.809,42939.9597,43372.9009
2025-12-08 17:00:00+00:00,43389.3338,43437.6812,42978.8996,43255.0399
2025-12-08 18:00:00+00:00,43245.1132,43337.6281,42830.9133,43002.4525
2025-12-08 19:00:00+00:00,43018.4351,43359.5955,42872.8453,42874.1172
2025-12-08 20:00:00+00:00,42873.2971,43344.466,42779.3736,43169.228
2025-12-08 21:00:00+00:00,43154.5756,43172.3648,42226.5261,42278.9174
2025-12-08 22:00:00+00:00,42276.8511,42556.7684,42034.5442,42345.8771
2025-12-08 23:00:00+00:00,42336.1325,43104.4693,42336.1325,42974.1616
2025-12-09 00:00:00+00:00,42969.4833,43146.7855,42762.1474,42962.5858
2025-12-09 01:00:00+00:00,42955.2185,43225.756,42826.8535,43033.5774
2025-12-09 02:00:00+00:00,43025.6561,43528.8946,42870.0832,43469.1031
2025-12-09 03:00:00+00:00,43474.4583,43915.7728,43362.9295,43496.976
2025-12-09 04:00:00+00:00,43495.1998,44063.3956,43475.8384,43991.7722
2025-12-09 05:00:00+00:00,43982.0203,43988.1578,43407.754,43558.5376
2025-12-09 06:00:00+00:00,43545.1133,43623.6468,43022.6162,43235.4395
2025-12-09 07:00:00+00:00,43228.6885,43634.146,43155.5212,43617.2787
2025-12-09 08:00:00+00:00,43630.8364,43975.7126,43416.6163,43580.9483
2025-12-09 09:00:00+00:00,43586.2084,43762.8556,43079.2144,43151.4487
2025-12-09 10:00:00+00:00,43153.8353,43153.8353,42629.3544,42918.6858
2025-12-09 11:00:00+00:00,42919.9035,42999.5862,42393.5882,42448.3811
2025-12-09 12:00:00+00:00,42445.6793,42704.4348,42293.4106,42389.432
2025-12-09 13:00:00+00:00,42380.5748,42609.5405,42178.3004,42472.0784
2025-12-09 14:00:00+00:00,42459.1642,42524.0406,42066.9522,42261.9894
2025-12-09 15:00:00+00:00,42253.1685,42831.0451,42101.6387,42427.4593
2025-12-09 16:00:00+00:00,42437.0526,42673.9774,42312.6794,42508.2585
2025-12-09 17:00:00+00:00,42506.056,42588.6348,42010.7827,42057.2956
2025-12-09 18:00:00+00:00,42059.6644,42594.51,42055.6293,42408.3018
2025-12-09 19:00:00+00:00,42424.51,42729.6238,42395.5581,42485.1336
2025-12-09 20:00:00+00:00,42485.7074,43056.2441,42335.9774,42661.8451
2025-12-09 21:00:00+00:00,42653.1722,42778.8957,42134.482,42376.2549
2025-12-09 22:00:00+00:00,42368.6293,42796.5834,42147.0549,42732.3304
2025-12-09 23:00:00+00:00,42734.244,43160.3208,42694.8879,43151.54
2025-12-10 00:00:00+00:00,43144.3188,43299.7806,42716.4443,43184.7618
2025-12-10 01:00:00+00:00,43188.9255,43238.1813,42831.6765,43092.8765
2025-12-10 02:00:00+00:00,43075.3252,43881.3549,43072.9692,43837.0101
2025-12-10 03:00:00+00:00,43835.3121,44094.859,43734.69,43868.8901
2025-12-10 04:00:00+00:00,43872.6365,44574.8029,43833.6207,44367.4823
2025-12-10 05:00:00+00:00,44353.6915,44683.5238,44161.7214,44565.6988
2025-12-10 06:00:00+00:00,44558.3812,44672.8171,44199.9922,44672.3869
2025-12-10 07:00:00+00:00,44679.2278,44989.4631,44603.2984,44667.6806
2025-12-10 08:00:00+00:00,44650.116,45287.9906,44650.116,44807.714
2025-12-10 09:00:00+00:00,44811.3129,45349.3401,44785.7318,45183.3662
2025-12-10 10:00:00+00:00,45197.357,45291.4411,44690.9551,44861.3305
2025-12-10 11:00:00+00:00,44878.0857,44891.6412,44398.1662,44430.5359
2025-12-10 12:00:00+00:00,44433.2643,44813.69,44148.4238,44675.0251
2025-12-10 13:00:00+00:00,44663.4254,44756.8525,44035.6455,44475.1065
2025-12-10 14:00:00+00:00,44478.2353,44628.1875,44338.5368,44541.2245
2025-12-10 15:00:00+00:00,44535.337,44556.7602,44042.6291,44134.7337
2025-12-10 16:00:00+00:00,44121.5409,44188.5953,43635.2781,43944.7961
2025-12-10 17:00:00+00:00,43941.5539,44009.7907,43402.0193,43614.2133
2025-12-10 18:00:00+00:00,43620.9999,43977.9153,43491.8762,43834.2216
2025-12-10 19:00:00+00:00,43834.6323,44712.8502,43568.0313,44603.5764
2025-12-10 20:00:00+00:00,44584.261,44690.3035,44158.4908,44181.5854
2025-12-10 21:00:00+00:00,44182.1378,44370.1248,43604.6114,44115.6398
2025-12-10 22:00:00+00:00,44113.879,44178.0147,43620.5523,43729.3286
2025-12-10 23:00:00+00:00,43727.9236,44126.3032,43656.8226,43905.5221
2025-12-11 00:00:00+00:00,43917.1891,44043.9241,43622.8699,43706.1778
2025-12-11 01:00:00+00:00,43711.462,44059.4465,43622.0141,43841.0788
2025-12-11 02:00:00+00:00,43839.6099,44590.6451,43769.8775,44277.4113
2025-12-11 03:00:00+00:00,44265.5402,44513.6376,44170.7361,44347.2982
2025-12-11 04:00:00+00:00,44339.6575,44339.7181,43828.598,43933.3436
2025-12-11 05:00:00+00:00,43930.692,44108.616,43595.7792,43761.8228
2025-12-11 06:00:00+00:00,43773.708,43981.5974,43542.0484,43805.1344
2025-12-11 07:00:00+00:00,43814.1878,44029.1792,43574.4081,43930.899
2025-12-11 08:00:00+00:00,43941.5734,44122.8869,43734.7278,43930.8107
2025-12-11 09:00:00+00:00,43932.1556,44098.3362,43742.2151,44053.0339
2025-12-11 10:00:00+00:00,44059.286,44372.5842,43814.707,43827.8802
2025-12-11 11:00:00+00:00,43839.3612,43887.8085,42965.7063,43043.6352
2025-12-11 12:00:00+00:00,43049.4843,43548.897,42771.7671,43531.9854
2025-12-11 13:00:00+00:00,43520.1597,43833.2122,43437.157,43672.1568
2025-12-11 14:00:00+00:00,43679.83,43679.83,42830.7988,42945.748
2025-12-11 15:00:00+00:00,42936.1627,43341.0335,42825.3122,42854.9028
2025-12-11 16:00:00+00:00,42852.6197,43625.0758,42837.6431,43474.9946
2025-12-11 17:00:00+00:00,43480.823,43534.8494,42849.63,42944.908
2025-12-11 18:00:00+00:00,42951.1066,43058.3665,42732.3502,42818.497
2025-12-11 19:00:00+00:00,42825.008,43090.2595,42269.3261,42399.7741
2025-12-11 20:00:00+00:00,42398.783,42469.3942,42076.6868,42332.0786
2025-12-11 21:00:00+00:00,42330.5713,42690.8572,42175.1633,42605.095
2025-12-11 22:00:00+00:00,42610.9738,42637.5581,42205.0635,42305.3139
2025-12-11 23:00:00+00:00,42311.4644,42445.5361,42091.8292,42169.9275
2025-12-12 00:00:00+00:00,42158.7508,42225.166,41657.12,41902.7244
2025-12-12 01:00:00+00:00,41909.9362,41971.6516,41525.1063,41637.6488
2025-12-12 02:00:00+00:00,41639.6308,42019.2894,41463.4314,41861.237
2025-12-12 03:00:00+00:00,41859.1402,41887.9341,41274.0725,41281.711
2025-12-12 04:00:00+00:00,41284.4057,41826.0133,41267.9805,41792.1348
2025-12-12 05:00:00+00:00,41790.7334,41918.5628,41510.9891,41670.7961
2025-12-12 06:00:00+00:00,41670.072,42061.6492,41616.1753,42000.761
2025-12-12 07:00:00+00:00,42005.6597,42392.5996,41909.5346,42095.3789
2025-12-12 08:00:00+00:00,42106.7107,42698.8005,41999.5616,42633.6546
2025-12-12 09:00:00+00:00,42636.7933,42870.5771,42474.531,42788.9419
2025-12-12 10:00:00+00:00,42813.5979,43172.4619,42756.4566,43143.1295
2025-12-12 11:00:00+00:00,43136.9696,43273.6964,42705.4183,42811.9639
2025-12-12 12:00:00+00:00,42822.6512,42910.6746,42577.249,42658.784
2025-12-12 13:00:00+00:00,42659.2656,43090.684,42557.4026,42836.2898
2025-12-12 14:00:00+00:00,42839.8293,43440.4225,42838.0615,43400.2906
2025-12-12 15:00:00+00:00,43396.3405,43586.3526,42860.3265,42874.2081
2025-12-12 16:00:00+00:00,42876.5467,42876.5467,42578.9811,42791.3761
2025-12-12 17:00:00+00:00,42798.0476,43432.4912,42723.238,43301.6144
2025-12-12 18:00:00+00:00,43300.3071,43394.9341,42900.705,42900.705
2025-12-12 19:00:00+00:00,42909.9084,43246.9974,42843.1425,43020.6362
2025-12-12 20:00:00+00:00,43025.9684,43597.6053,42989.3653,43140.0471
2025-12-12 21:00:00+00:00,43121.5402,43776.5814,42920.6482,43737.2478
2025-12-12 22:00:00+00:00,43724.4215,43925.1488,43494.7581,43538.222
2025-12-12 23:00:00+00:00,43535.665,43637.7501,43259.3544,43453.1918
2025-12-13 00:00:00+00:00,43453.3736,43667.8068,43288.389,43552.0428
2025-12-13 01:00:00+00:00,43553.3808,43851.5859,43526.632,43665.7151
2025-12-13 02:00:00+00:00,43677.4126,44221.9937,43637.7973,44156.2944
2025-12-13 03:00:00+00:00,44137.9022,44508.9494,43855.2028,44440.6587
2025-12-13 04:00:00+00:00,44447.6664,44924.6391,44298.2052,44575.7782
2025-12-13 05:00:00+00:00,44569.9044,45061.0175,44467.5243,44860.9486
2025-12-13 06:00:00+00:00,44851.6164,45362.4239,44776.7168,44959.1889
2025-12-13 07:00:00+00:00,44954.309,45125.9175,44532.7431,44637.9252
2025-12-13 08:00:00+00:00,44635.2846,44911.5091,44455.7426,44697.3019
2025-12-13 09:00:00+00:00,44695.3631,45445.9994,44590.8255,45325.8899
2025-12-13 10:00:00+00:00,45324.357,45564.0627,45080.3974,45252.341
2025-12-13 11:00:00+00:00,45256.8295,45365.8332,44978.8376,45075.3791
2025-12-13 12:00:00+00:00,45062.6507,45710.4679,45028.2278,45452.2534
2025-12-13 13:00:00+00:00,45440.8101,45672.4244,44815.1076,44815.1076
2025-12-13 14:00:00+00:00,44817.2331,45092.4596,44622.7035,44711.2167
2025-12-13 15:00:00+00:00,44719.5596,44931.1956,44404.5328,44784.4508
2025-12-13 16:00:00+00:00,44780.4163,45273.1673,44736.7131,45023.7587
2025-12-13 17:00:00+00:00,45021.1755,45123.5037,44448.5012,44773.3538
2025-12-13 18:00:00+00:00,44767.7846,45542.7678,44761.3602,45255.7349
2025-12-13 19:00:00+00:00,45250.4753,45525.0997,45198.0316,45455.9019
2025-12-13 20:00:00+00:00,45456.3216,46061.69,45441.2103,46052.7893
2025-12-13 21:00:00+00:00,46038.701,46813.9248,45954.1311,46500.6948
2025-12-13 22:00:00+00:00,46501.556,46790.5993,46378.5781,46770.3696
2025-12-13 23:00:00+00:00,46777.3203,46857.8238,45775.9223,45968.5783
2025-12-14 00:00:00+00:00,45970.9629,46112.3533,45716.7534,45764.7744
2025-12-14 01:00:00+00:00,45778.0899,46101.3191,45595.8651,45745.542
2025-12-14 02:00:00+00:00,45729.3225,45813.8704,45295.7683,45446.6131
2025-12-14 03:00:00+00:00,45458.6639,45717.3952,45381.3207,45712.3595
2025-12-14 04:00:00+00:00,45721.9084,45876.5819,45352.8616,45809.5992
2025-12-14 05:00:00+00:00,45804.281,45850.0149,45202.9556,45378.506
2025-12-14 06:00:00+00:00,45383.0852,45735.5696,45355.3233,45516.2928
2025-12-14 07:00:00+00:00,45509.9373,45804.0637,45347.6583,45562.7981
2025-12-14 08:00:00+00:00,45569.2017,46761.9134,45569.2017,46524.0871
2025-12-14 09:00:00+00:00,46522.1304,46791.1079,46351.6986,46439.2929
2025-12-14 10:00:00+00:00,46430.254,46950.5764,46402.7323,46790.8849
2025-12-14 11:00:00+00:00,46796.2583,46853.955,46384.9433,46492.083
2025-12-14 12:00:00+00:00,46494.2657,46874.8774,46449.728,46789.8355
2025-12-14 13:00:00+00:00,46785.5069,47252.9794,46597.7186,47084.8367
2025-12-14 14:00:00+00:00,47098.88,47924.2413,46998.9523,47873.5826
2025-12-14 15:00:00+00:00,47871.9744,48047.6263,47676.4935,47864.4884
2025-12-14 16:00:00+00:00,47868.9459,47993.1994,47630.4894,47816.0354
2025-12-14 17:00:00+00:00,47831.1052,47955.3537,47036.587,47081.4162
2025-12-14 18:00:00+00:00,47075.1034,47278.2104,46946.0477,47137.7969
2025-12-14 19:00:00+00:00,47147.5736,47496.8948,47035.0256,47322.5001
2025-12-14 20:00:00+00:00,47320.4152,47504.8407,46845.4043,47017.3431
2025-12-14 21:00:00+00:00,47035.3016,47063.2183,46195.8232,46228.2528
2025-12-14 22:00:00+00:00,46227.4679,46494.1033,46044.5457,46389.7895
2025-12-14 23:00:00+00:00,46395.2004,46846.6617,46345.1021,46731.2854
2025-12-15 00:00:00+00:00,46719.5509,46963.6144,46454.1092,46932.2637
2025-12-15 01:00:00+00:00,46938.1982,47395.6181,46894.8792,47362.6846
2025-12-15 02:00:00+00:00,47348.7014,47492.5952,46562.7188,46794.0508
2025-12-15 03:00:00+00:00,46783.1921,46850.3099,46249.2618,46506.3805
2025-12-15 04:00:00+00:00,46500.3969,46682.2934,46232.3576,46472.9978
2025-12-15 05:00:00+00:00,46460.2115,46698.5433,46235.494,46585.1186
2025-12-15 06:00:00+00:00,46574.0846,46697.0925,46164.5074,46164.5074
2025-12-15 07:00:00+00:00,46160.3881,46357.5758,45959.5664,46088.3431
2025-12-15 08:00:00+00:00,46088.3359,46438.1492,45923.8084,46325.0076
2025-12-15 09:00:00+00:00,46310.6942,46709.6606,46134.3472,46417.9985
2025-12-15 10:00:00+00:00,46419.3798,47141.1399,46368.6443,46989.4706
2025-12-15 11:00:00+00:00,47001.9807,47128.3167,46573.4246,47078.4027
2025-12-15 12:00:00+00:00,47079.681,47095.6956,46725.0266,46857.8196
2025-12-15 13:00:00+00:00,46853.8988,47481.033,46759.1259,47217.6705
2025-12-15 14:00:00+00:00,47228.9686,47415.5319,46696.0322,46696.0322
2025-12-15 15:00:00+00:00,46702.3404,46971.7644,46534.8486,46722.9342
2025-12-15 16:00:00+00:00,46728.1163,46807.5377,46326.3082,46461.981
2025-12-15 17:00:00+00:00,46455.4393,46608.9561,46266.7861,46424.1339
2025-12-15 18:00:00+00:00,46428.3798,46968.928,46264.6444,46792.6825
2025-12-15 19:00:00+00:00,46786.9926,46827.7107,46077.1409,46324.4012
2025-12-15 20:00:00+00:00,46325.1703,46752.9645,46208.6427,46653.8051
2025-12-15 21:00:00+00:00,46654.0646,47016.5717,46436.4251,46994.6271
2025-12-15 22:00:00+00:00,46986.9186,47232.1809,46541.08,46708.9161
2025-12-15 23:00:00+00:00,46717.2746,47080.7014,46599.1493,46881.0524
2025-12-16 00:00:00+00:00,46884.4352,47044.0485,46574.8369,46962.1994
2025-12-16 01:00:00+00:00,46964.7901,47627.3542,46931.6409,47476.606
2025-12-16 02:00:00+00:00,47490.1409,48154.3857,47240.4641,48098.7051
2025-12-16 03:00:00+00:00,48113.6411,48518.2408,47364.2718,47467.3266
2025-12-16 04:00:00+00:00,47471.3701,47563.4937,47061.8519,47230.734
2025-12-16 05:00:00+00:00,47219.6781,47988.0314,47212.2054,47807.8487
2025-12-16 06:00:00+00:00,47819.1,48375.8651,47740.4023,48161.6472
2025-12-16 07:00:00+00:00,48165.0333,48543.674,48056.599,48249.8116
2025-12-16 08:00:00+00:00,48251.4934,48266.6347,47758.4257,47943.8666
2025-12-16 09:00:00+00:00,47953.3922,48494.5966,47291.2365,47329.5437
2025-12-16 10:00:00+00:00,47314.1253,47878.3345,47247.9078,47344.5278
2025-12-16 11:00:00+00:00,47343.7909,47445.5264,46895.4694,46908.1045
2025-12-16 12:00:00+00:00,46893.0128,46970.2824,46459.2025,46637.3452
2025-12-16 13:00:00+00:00,46643.0417,46972.874,46566.5854,46617.5899
2025-12-16 14:00:00+00:00,46629.6162,46939.1488,46344.2878,46918.1478
2025-12-16 15:00:00+00:00,46921.4275,47518.9596,46921.4275,47115.0499
2025-12-16 16:00:00+00:00,47106.9392,47121.0054,46411.9128,46647.6268
2025-12-16 17:00:00+00:00,46654.3899,46940.7941,46552.4196,46780.0176
2025-12-16 18:00:00+00:00,46773.8902,47020.826,46610.4174,46876.9624
2025-12-16 19:00:00+00:00,46867.443,47283.6407,46700.6225,47052.3739
2025-12-16 20:00:00+00:00,47048.615,47389.1253,46893.5889,47317.2329
2025-12-16 21:00:00+00:00,47332.1995,47475.7045,47149.8659,47356.4599
2025-12-16 22:00:00+00:00,47354.6001,47653.8397,47288.9578,47399.6159
2025-12-16 23:00:00+00:00,47398.4293,47748.8603,47371.2775,47678.3941
2025-12-17 00:00:00+00:00,47655.7044,47703.2009,47285.232,47382.1046
2025-12-17 01:00:00+00:00,47397.0249,47458.244,46511.9444,46640.4171
2025-12-17 02:00:00+00:00,46624.7831,46707.0077,46419.4167,46568.6619
2025-12-17 03:00:00+00:00,46576.3734,46694.1311,46297.6175,46337.5386
2025-12-17 04:00:00+00:00,46322.3923,46322.3923,45908.026,45969.7615
2025-12-17 05:00:00+00:00,45950.5422,45958.2681,45383.8236,45686.298
2025-12-17 06:00:00+00:00,45677.4474,45828.0436,45429.656,45684.437
2025-12-17 07:00:00+00:00,45670.1714,46618.0604,45613.0023,46438.1344
2025-12-17 08:00:00+00:00,46434.7463,47084.8044,46278.7036,47006.8989
2025-12-17 09:00:00+00:00,47005.1212,47070.714,46812.4955,46911.1324
2025-12-17 10:00:00+00:00,46905.9695,47448.9545,46836.446,47324.0495
2025-12-17 11:00:00+00:00,47315.4453,47567.3797,46925.9991,46967.3458
2025-12-17 12:00:00+00:00,46960.1073,47216.49,46549.5588,46688.0505
2025-12-17 13:00:00+00:00,46676.7674,47130.7379,46660.0818,46660.3693
2025-12-17 14:00:00+00:00,46666.5687,47331.111,46510.961,47147.5066
2025-12-17 15:00:00+00:00,47157.5961,47636.9927,47063.8809,47359.5431
2025-12-17 16:00:00+00:00,47347.1275,47931.7139,47336.866,47877.3113
2025-12-17 17:00:00+00:00,47876.0655,48665.3849,47674.2539,48643.3699
2025-12-17 18:00:00+00:00,48641.4195,49158.6473,48549.3967,48576.3308
2025-12-17 19:00:00+00:00,48583.6374,48704.7939,48192.2669,48225.7972
2025-12-17 20:00:00+00:00,48213.9037,48644.4214,48019.0432,48626.7403
2025-12-17 21:00:00+00:00,48621.4252,48870.7698,47755.7919,47811.2727
2025-12-17 22:00:00+00:00,47822.6801,48256.6824,47729.1377,48128.6454
2025-12-17 23:00:00+00:00,48122.9801,48482.4974,47958.144,48321.4212
2025-12-18 00:00:00+00:00,48306.0462,48533.8602,48109.6288,48400.8676
2025-12-18 01:00:00+00:00,48402.5528,48534.2821,48014.2609,48117.4995
2025-12-18 02:00:00+00:00,48116.3344,48218.606,47745.5766,47809.0011
2025-12-18 03:00:00+00:00,47812.5342,47819.8085,47146.7654,47182.284
2025-12-18 04:00:00+00:00,47182.0416,47211.885,46197.3638,46231.9054
2025-12-18 05:00:00+00:00,46231.6523,46260.5654,45749.1821,46017.7952
2025-12-18 06:00:00+00:00,46016.8236,46456.381,45738.6404,46435.1107
2025-12-18 07:00:00+00:00,46439.3983,46829.8484,46237.2708,46397.1982
2025-12-18 08:00:00+00:00,46381.1353,46398.4813,45685.5727,45735.3116
2025-12-18 09:00:00+00:00,45726.8838,46003.2355,45535.7857,45617.3179
2025-12-18 10:00:00+00:00,45615.2103,45713.6416,45154.9603,45288.1385
2025-12-18 11:00:00+00:00,45304.4163,46052.2184,45210.6955,46025.9643
2025-12-18 12:00:00+00:00,46035.387,46691.0976,46035.387,46496.4052
2025-12-18 13:00:00+00:00,46499.8526,46736.0176,46281.3621,46437.7514
2025-12-18 14:00:00+00:00,46433.487,46927.9295,46362.6851,46525.5844
2025-12-18 15:00:00+00:00,46544.6528,46831.0715,46280.6623,46716.6075
2025-12-18 16:00:00+00:00,46710.4209,46910.6198,46306.8378,46784.7429
2025-12-18 17:00:00+00:00,46794.1906,47238.8044,46662.318,46759.6124
2025-12-18 18:00:00+00:00,46770.0382,46929.5985,46363.0087,46697.5482
2025-12-18 19:00:00+00:00,46699.3727,46985.7147,46498.488,46778.4936
2025-12-18 20:00:00+00:00,46769.9721,47077.1996,46506.0628,47006.7507
2025-12-18 21:00:00+00:00,47008.8419,47611.8872,46910.4737,47375.7128
2025-12-18 22:00:00+00:00,47395.4846,47726.4646,47242.8387,47528.6551
2025-12-18 23:00:00+00:00,47526.9495,47936.9512,47398.2725,47571.2317
2025-12-19 00:00:00+00:00,47578.716,47696.0004,47003.9606,47213.5927
2025-12-19 01:00:00+00:00,47211.9265,47502.0048,46943.062,47202.9416
2025-12-19 02:00:00+00:00,47219.2834,47326.9293,46641.6673,46916.1544
2025-12-19 03:00:00+00:00,46920.8315,47659.9566,46833.2879,47378.4826
2025-12-19 04:00:00+00:00,47385.63,47714.3035,47194.162,47269.3328
2025-12-19 05:00:00+00:00,47268.7655,47287.7455,46815.3621,46918.5864
2025-12-19 06:00:00+00:00,46918.9273,47572.2596,46849.8835,47447.2822
2025-12-19 07:00:00+00:00,47432.7178,47690.1203,47158.938,47306.9119
2025-12-19 08:00:00+00:00,47314.199,47509.4205,47004.0198,47082.5368
2025-12-19 09:00:00+00:00,47072.0386,47365.1497,46934.4633,47246.2259
2025-12-19 10:00:00+00:00,47234.8076,47239.1296,46610.2212,46624.2539
2025-12-19 11:00:00+00:00,46626.768,47322.7541,46493.2073,47269.3081
2025-12-19 12:00:00+00:00,47269.0934,47410.34,46909.4338,46911.1594
2025-12-19 13:00:00+00:00,46921.6081,47100.9517,46693.022,46967.7846
2025-12-19 14:00:00+00:00,46966.5429,47071.1405,46731.2978,46847.5418
2025-12-19 15:00:00+00:00,46845.3689,46856.6754,46428.4938,46784.2019
2025-12-19 16:00:00+00:00,46778.8156,47174.642,46713.7301,46756.3158
2025-12-19 17:00:00+00:00,46755.1309,46801.4707,46157.0814,46319.7775
2025-12-19 18:00:00+00:00,46321.5392,46976.5373,46204.8373,46516.935
2025-12-19 19:00:00+00:00,46524.8166,46923.5553,46441.329,46509.8519
2025-12-19 20:00:00+00:00,46521.0091,46531.4058,45974.2901,46320.6852
2025-12-19 21:00:00+00:00,46328.8031,46334.4433,45320.3219,45334.8895
2025-12-19 22:00:00+00:00,45327.0068,45482.9064,45027.3628,45110.5748
2025-12-19 23:00:00+00:00,45115.5469,45491.7198,45037.6156,45366.5309
2025-12-20 00:00:00+00:00,45381.9743,45570.8527,45225.1533,45463.1353
2025-12-20 01:00:00+00:00,45467.2221,45841.9148,45382.9317,45467.3192
2025-12-20 02:00:00+00:00,45466.022,45944.8211,45328.6352,45854.7646
2025-12-20 03:00:00+00:00,45867.7599,46092.5603,45265.7736,45400.6767
2025-12-20 04:00:00+00:00,45393.3475,45721.6445,45347.6027,45639.4088
2025-12-20 05:00:00+00:00,45632.4984,46057.4017,45593.4347,45956.438
2025-12-20 06:00:00+00:00,45969.0604,46050.4899,45111.9471,45199.0738
2025-12-20 07:00:00+00:00,45199.0474,45398.725,44994.6643,45162.9003
2025-12-20 08:00:00+00:00,45160.028,45627.2205,45034.9321,45627.2205
2025-12-20 09:00:00+00:00,45640.4946,45819.6855,45423.792,45726.9932
2025-12-20 10:00:00+00:00,45737.4858,45747.5765,45201.597,45220.1452
2025-12-20 11:00:00+00:00,45217.217,45970.5106,45217.217,45712.7316
2025-12-20 12:00:00+00:00,45703.0412,45727.9182,45081.7376,45203.1354
2025-12-20 13:00:00+00:00,45199.5538,45275.6856,44484.6146,44555.9659
2025-12-20 14:00:00+00:00,44559.7118,45137.1733,44359.8846,45069.0069
2025-12-20 15:00:00+00:00,45061.6903,45204.7934,44872.1971,44872.1971
2025-12-20 16:00:00+00:00,44865.2437,45235.4261,44601.1637,44681.8192
2025-12-20 17:00:00+00:00,44677.8423,44759.1294,44434.6315,44570.6436
2025-12-20 18:00:00+00:00,44592.9392,44895.3071,44543.3234,44558.4898
2025-12-20 19:00:00+00:00,44557.2193,44845.6167,44547.9731,44710.1205
2025-12-20 20:00:00+00:00,44708.5591,45098.4393,44546.8581,44966.3149
2025-12-20 21:00:00+00:00,44974.9301,45194.3309,44803.962,45034.0944
2025-12-20 22:00:00+00:00,45040.5979,45443.579,44961.9754,45280.9662
2025-12-20 23:00:00+00:00,45283.2714,45629.5167,45116.4686,45283.7811
2025-12-21 00:00:00+00:00,45270.5236,45460.0443,45095.393,45419.9689
2025-12-21 01:00:00+00:00,45435.6814,45454.7468,44676.1721,44906.3373
2025-12-21 02:00:00+00:00,44919.0272,45136.5994,44649.0534,44709.7612
2025-12-21 03:00:00+00:00,44712.1855,45190.2783,44585.1679,45047.3299
2025-12-21 04:00:00+00:00,45051.3158,45277.1979,44710.8385,45048.7758
2025-12-21 05:00:00+00:00,45057.7652,45237.4575,44068.4074,44217.8706
2025-12-21 06:00:00+00:00,44202.5175,44393.0276,44070.88,44282.0363
2025-12-21 07:00:00+00:00,44267.8574,44861.6082,44152.885,44758.5314
2025-12-21 08:00:00+00:00,44752.1341,45686.9281,44695.8876,45674.6269
2025-12-21 09:00:00+00:00,45668.7577,45926.0766,45391.8841,45480.4987
2025-12-21 10:00:00+00:00,45485.9203,45580.933,44720.8964,45048.9531
2025-12-21 11:00:00+00:00,45038.5995,45175.2509,44614.5068,44683.3099
2025-12-21 12:00:00+00:00,44680.0127,44690.3066,43928.3887,44078.2393
2025-12-21 13:00:00+00:00,44079.2391,44138.213,43444.2566,43498.9704
2025-12-21 14:00:00+00:00,43499.8242,43950.5525,43435.7903,43905.4792
2025-12-21 15:00:00+00:00,43904.2153,44198.497,43717.4628,43717.4628
2025-12-21 16:00:00+00:00,43723.1777,43731.3837,43147.5514,43298.7165
2025-12-21 17:00:00+00:00,43298.924,43772.744,43183.451,43543.7753
2025-12-21 18:00:00+00:00,43534.8778,43590.0876,43274.8951,43429.3991
2025-12-21 19:00:00+00:00,43439.7702,44202.1404,43409.3691,44161.1737
2025-12-21 20:00:00+00:00,44174.4076,44810.8343,44170.4545,44645.0005
2025-12-21 21:00:00+00:00,44643.2678,45476.7967,44600.1165,45100.9436
2025-12-21 22:00:00+00:00,45103.7222,45375.1033,44833.4397,44837.7172
2025-12-21 23:00:00+00:00,44832.0874,45074.0722,44322.9474,44418.5411
2025-12-22 00:00:00+00:00,44423.9948,44612.7707,44247.9225,44399.733
2025-12-22 01:00:00+00:00,44389.1686,44643.524,44118.3571,44185.2111
2025-12-22 02:00:00+00:00,44186.0775,44248.881,43809.8876,43954.4106
2025-12-22 03:00:00+00:00,43948.3656,44109.2447,43776.3752,43798.0397
2025-12-22 04:00:00+00:00,43801.9211,43806.9479,43082.5976,43334.5425
2025-12-22 05:00:00+00:00,43343.4355,43403.4927,43011.4372,43061.771
2025-12-22 06:00:00+00:00,43067.02,43136.3444,42499.3045,42584.8669
2025-12-22 07:00:00+00:00,42580.1339,42783.9504,42284.8283,42307.9916
2025-12-22 08:00:00+00:00,42295.8537,42612.8812,41831.039,41838.1811
2025-12-22 09:00:00+00:00,41837.6224,42242.3075,41779.7117,42201.2836
2025-12-22 10:00:00+00:00,42196.099,42626.4237,42027.5265,42530.4911
2025-12-22 11:00:00+00:00,42531.4086,42769.3033,42265.0878,42458.9196
2025-12-22 12:00:00+00:00,42482.7916,42647.2827,41927.3458,41936.1547
2025-12-22 13:00:00+00:00,41925.1037,41934.8679,41108.6811,41118.7252
2025-12-22 14:00:00+00:00,41117.7086,41250.8916,40881.0114,40973.9202
2025-12-22 15:00:00+00:00,40972.4042,41448.7746,40969.1956,41182.1339
2025-12-22 16:00:00+00:00,41189.69,41529.405,41120.5426,41478.9326
2025-12-22 17:00:00+00:00,41468.5955,41556.4138,41118.1993,41406.298
2025-12-22 18:00:00+00:00,41392.5349,41654.204,41179.3481,41577.9281
2025-12-22 19:00:00+00:00,41568.5032,41675.4482,41232.272,41393.8781
2025-12-22 20:00:00+00:00,41404.3875,41654.2237,41163.2909,41459.946
2025-12-22 21:00:00+00:00,41456.4855,41620.9927,41097.3111,41108.2586
2025-12-22 22:00:00+00:00,41095.5297,41630.1701,41048.0424,41502.0615
2025-12-22 23:00:00+00:00,41506.4518,41528.4326,40985.8438,41023.8498
2025-12-23 00:00:00+00:00,41043.8926,41342.8204,40988.4955,41235.5204
2025-12-23 01:00:00+00:00,41242.6316,41253.8866,40748.1868,40877.99
2025-12-23 02:00:00+00:00,40885.2225,41394.6951,40748.1116,41209.8604
2025-12-23 03:00:00+00:00,41202.5285,41407.1431,40983.8552,41267.6433
2025-12-23 04:00:00+00:00,41269.8481,41533.1311,40894.2204,40911.0519
2025-12-23 05:00:00+00:00,40918.8191,41464.4115,40879.7266,41303.0777
2025-12-23 06:00:00+00:00,41299.2125,41508.5762,40879.0498,41133.2962
2025-12-23 07:00:00+00:00,41143.4765,41735.6768,41139.8684,41720.1036
2025-12-23 08:00:00+00:00,41727.6745,42233.0099,41662.4538,41924.9345
2025-12-23 09:00:00+00:00,41910.3841,42052.4253,41701.2007,41991.5112
2025-12-23 10:00:00+00:00,41993.7649,42156.7696,41642.8231,41708.3252
2025-12-23 11:00:00+00:00,41699.9626,42120.0865,41599.5358,42062.2129
2025-12-23 12:00:00+00:00,42064.3146,42682.851,41905.328,42524.4034
2025-12-23 13:00:00+00:00,42516.5432,42694.5328,42231.3572,42608.3871
2025-12-23 14:00:00+00:00,42605.6355,43106.2159,42556.6743,43064.0238
2025-12-23 15:00:00+00:00,43058.8344,43378.1826,42931.6109,43091.2567
2025-12-23 16:00:00+00:00,43094.1175,43228.8761,42695.2601,42727.6137
2025-12-23 17:00:00+00:00,42724.6589,42949.421,42562.0217,42601.1276
2025-12-23 18:00:00+00:00,42607.3802,43099.4345,42566.7859,43094.6014
2025-12-23 19:00:00+00:00,43085.5424,43442.7683,42904.1913,43442.7683
2025-12-23 20:00:00+00:00,43447.7172,43488.2375,43133.831,43439.8003
2025-12-23 21:00:00+00:00,43432.1004,43484.9902,42928.7654,43090.0896
2025-12-23 22:00:00+00:00,43092.5834,43183.1498,42805.8085,42843.2125
2025-12-23 23:00:00+00:00,42848.3325,42922.2268,42500.3156,42589.0882
2025-12-24 00:00:00+00:00,42589.75,42794.0818,42395.6978,42537.5244
2025-12-24 01:00:00+00:00,42536.5579,42751.0009,42166.542,42224.1933
2025-12-24 02:00:00+00:00,42216.5361,42216.5361,41664.5073,41808.1887
2025-12-24 03:00:00+00:00,41819.0074,42056.0809,41683.1501,41782.5492
2025-12-24 04:00:00+00:00,41782.379,42152.3501,41440.3391,41827.9807
2025-12-24 05:00:00+00:00,41831.4012,41971.6675,41523.3228,41849.2981
2025-12-24 06:00:00+00:00,41851.5084,41867.6111,41451.3729,41556.0419
2025-12-24 07:00:00+00:00,41548.0162,41649.5169,41389.0733,41498.3908
2025-12-24 08:00:00+00:00,41502.0722,41831.7741,41395.8115,41679.5289
2025-12-24 09:00:00+00:00,41673.1967,41950.4754,41487.9021,41562.1048
2025-12-24 10:00:00+00:00,41567.0447,41899.2355,41519.5488,41766.9555
2025-12-24 11:00:00+00:00,41761.1765,41802.4733,41478.8748,41486.6168
2025-12-24 12:00:00+00:00,41485.1976,41643.7015,41121.5358,41340.1938
2025-12-24 13:00:00+00:00,41351.5664,41425.2219,40833.2198,40885.0057
2025-12-24 14:00:00+00:00,40879.0524,41257.5483,40777.181,41098.0234
2025-12-24 15:00:00+00:00,41114.9676,41277.8518,40666.3677,40915.7994
2025-12-24 16:00:00+00:00,40912.0,41022.7545,40499.4333,40966.5633
2025-12-24 17:00:00+00:00,40975.3262,41289.5104,40713.3752,41120.6747
2025-12-24 18:00:00+00:00,41128.2012,41357.9333,40816.5025,40853.7504
2025-12-24 19:00:00+00:00,40843.2232,41073.3775,40710.4266,40783.9021
2025-12-24 20:00:00+00:00,40785.6166,40979.0505,40540.3673,40750.1844
2025-12-24 21:00:00+00:00,40748.3386,40981.8812,40460.7688,40922.8111
2025-12-24 22:00:00+00:00,40917.0711,41132.595,40618.2926,40923.1271
2025-12-24 23:00:00+00:00,40930.1628,41484.3674,40815.7745,41178.4872
2025-12-25 00:00:00+00:00,41174.9694,42043.9505,41147.4693,41931.6855
2025-12-25 01:00:00+00:00,41928.1923,42602.2163,41823.3343,42528.6965
2025-12-25 02:00:00+00:00,42537.9016,42559.1748,41979.877,42082.7627
2025-12-25 03:00:00+00:00,42088.5419,42611.2059,41969.2471,42558.6373
2025-12-25 04:00:00+00:00,42560.6725,42729.6735,41956.8135,41971.9998
2025-12-25 05:00:00+00:00,41981.8896,42145.5204,41574.0061,42123.3558
2025-12-25 06:00:00+00:00,42128.001,42251.9757,41530.5386,41554.573
2025-12-25 07:00:00+00:00,41538.5549,41589.7344,40666.9713,40717.7175
2025-12-25 08:00:00+00:00,40712.162,40785.9246,40214.8733,40544.4162
2025-12-25 09:00:00+00:00,40543.5383,41264.5349,40516.0554,41173.9211
2025-12-25 10:00:00+00:00,41175.1875,41372.6076,40951.5176,41300.699
2025-12-25 11:00:00+00:00,41308.3455,41316.0713,40899.7111,41124.9082
2025-12-25 12:00:00+00:00,41129.3546,41211.6476,40965.4811,41029.8916
2025-12-25 13:00:00+00:00,41028.2428,41646.9944,40997.0398,41350.0213
2025-12-25 14:00:00+00:00,41347.7267,41761.3243,41220.0099,41657.5167
2025-12-25 15:00:00+00:00,41651.8345,41868.3654,41531.7121,41531.7121
2025-12-25 16:00:00+00:00,41519.2002,41987.0275,41516.9657,41776.3437
2025-12-25 17:00:00+00:00,41782.2703,41897.6258,41209.4731,41209.7365
2025-12-25 18:00:00+00:00,41204.8808,41803.7264,41151.1142,41516.2076
2025-12-25 19:00:00+00:00,41519.2554,41719.4686,41306.4144,41562.1457
2025-12-25 20:00:00+00:00,41560.9689,41708.9607,41245.2309,41498.7463
2025-12-25 21:00:00+00:00,41501.192,41802.6962,41308.7344,41329.4142
2025-12-25 22:00:00+00:00,41331.6404,42187.9428,41271.9826,42129.1363
2025-12-25 23:00:00+00:00,42118.2606,42335.7992,41882.1978,41895.747
2025-12-26 00:00:00+00:00,41892.116,41922.6178,41565.3474,41888.9945
2025-12-26 01:00:00+00:00,41896.4824,42287.0971,41872.6889,42272.4191
2025-12-26 02:00:00+00:00,42268.7486,42395.365,41963.764,42327.3614
2025-12-26 03:00:00+00:00,42320.6271,42696.0787,42085.9711,42582.8137
2025-12-26 04:00:00+00:00,42583.5927,42741.8981,42342.1685,42482.2284
2025-12-26 05:00:00+00:00,42478.8988,42870.9632,42468.526,42650.8431
2025-12-26 06:00:00+00:00,42650.1618,43411.8843,42626.2306,43241.8465
2025-12-26 07:00:00+00:00,43249.9323,43726.9352,43161.3522,43553.2766
2025-12-26 08:00:00+00:00,43556.5901,43623.3781,43338.2548,43479.2169
2025-12-26 09:00:00+00:00,43477.2851,43528.5105,42870.5557,42895.468
2025-12-26 10:00:00+00:00,42901.0859,43350.0904,42809.2677,42952.8307
2025-12-26 11:00:00+00:00,42947.9864,43275.1537,42733.7663,42918.8053
2025-12-26 12:00:00+00:00,42914.7833,43269.8305,42826.3266,42912.4984
2025-12-26 13:00:00+00:00,42913.3863,43300.3005,42912.213,43114.8852
2025-12-26 14:00:00+00:00,43120.3104,43502.0427,43016.5922,43498.5764
2025-12-26 15:00:00+00:00,43501.8435,44124.8234,43250.2051,44123.1528
2025-12-26 16:00:00+00:00,44131.2011,44401.5992,43784.7164,43803.5697
2025-12-26 17:00:00+00:00,43812.5198,43883.9802,43407.4407,43595.5986
2025-12-26 18:00:00+00:00,43582.2822,43613.647,43118.5164,43553.5009
2025-12-26 19:00:00+00:00,43549.8753,43721.9102,43282.7189,43633.8703
2025-12-26 20:00:00+00:00,43635.9943,43754.8128,43344.9086,43558.9766
2025-12-26 21:00:00+00:00,43570.6009,43968.5754,43425.1961,43902.4765
2025-12-26 22:00:00+00:00,43910.4576,44030.9896,43727.0665,43921.4822
2025-12-26 23:00:00+00:00,43932.9717,44032.5313,43523.2324,43841.0617
2025-12-27 00:00:00+00:00,43832.0533,44329.8153,43756.6893,44192.6291
2025-12-27 01:00:00+00:00,44186.4837,45310.9479,44010.4697,45272.1653
2025-12-27 02:00:00+00:00,45266.2153,45869.0786,45191.3119,45863.8206
2025-12-27 03:00:00+00:00,45864.4501,45887.984,45389.0986,45568.0248
2025-12-27 04:00:00+00:00,45551.5106,46272.6376,45455.5736,46038.8501
2025-12-27 05:00:00+00:00,46033.6055,46286.9052,45852.484,46065.7354
2025-12-27 06:00:00+00:00,46060.8835,46668.5263,45604.774,45604.774
2025-12-27 07:00:00+00:00,45604.6672,45651.7632,44585.5248,44766.4274
2025-12-27 08:00:00+00:00,44776.3483,44963.6639,44534.2408,44719.7034
2025-12-27 09:00:00+00:00,44713.9558,44873.5696,44082.3925,44159.1106
2025-12-27 10:00:00+00:00,44157.49,44460.7986,43848.32,44070.1007
2025-12-27 11:00:00+00:00,44071.7994,44387.4831,43669.1205,44229.9534
2025-12-27 12:00:00+00:00,44217.582,44587.4706,44037.0026,44499.9512
2025-12-27 13:00:00+00:00,44511.0423,45046.8229,44451.2085,44696.7283
2025-12-27 14:00:00+00:00,44688.6795,45046.7807,44462.1395,45046.7807
2025-12-27 15:00:00+00:00,45042.6753,45653.4348,44952.2959,45441.485
2025-12-27 16:00:00+00:00,45452.6738,46000.3422,45328.5084,45805.0703
2025-12-27 17:00:00+00:00,45793.5436,46165.2921,45675.9338,45945.3856
2025-12-27 18:00:00+00:00,45940.7227,46129.6356,45509.343,45917.5928
2025-12-27 19:00:00+00:00,45905.8728,45947.4808,45390.6338,45478.5914
2025-12-27 20:00:00+00:00,45466.5083,46077.0275,45400.7685,45864.1437
2025-12-27 21:00:00+00:00,45848.1568,46696.0273,45650.1371,46603.9493
2025-12-27 22:00:00+00:00,46615.1813,46816.3005,46508.3742,46800.1719
2025-12-27 23:00:00+00:00,46796.6157,47069.7757,46665.7587,47029.6039
2025-12-28 00:00:00+00:00,47038.9524,47186.7835,46404.2131,46562.6461
2025-12-28 01:00:00+00:00,46571.2256,46675.6937,46175.0667,46428.8669
2025-12-28 02:00:00+00:00,46429.3201,46492.0916,46187.6759,46243.4322
2025-12-28 03:00:00+00:00,46246.6054,46534.9233,46205.9522,46430.4124
2025-12-28 04:00:00+00:00,46422.6991,46548.4257,46177.1587,46308.7598
2025-12-28 05:00:00+00:00,46308.7795,46707.5459,46210.9745,46605.1914
2025-12-28 06:00:00+00:00,46595.7091,46741.9836,46420.3989,46614.18
2025-12-28 07:00:00+00:00,46622.7607,46753.5913,46226.0653,46346.4735
2025-12-28 08:00:00+00:00,46348.1484,46348.1484,45883.5904,46038.9449
2025-12-28 09:00:00+00:00,46026.6035,46600.0736,46006.0111,46424.7584
2025-12-28 10:00:00+00:00,46451.883,46799.169,46136.8622,46646.6952
2025-12-28 11:00:00+00:00,46647.039,46928.0934,46197.7022,46751.8396
2025-12-28 12:00:00+00:00,46753.6546,47171.3642,46705.0825,46988.042
2025-12-28 13:00:00+00:00,46982.07,47542.3277,46867.3832,47430.876
2025-12-28 14:00:00+00:00,47433.0341,47721.3307,47200.9262,47552.6512
2025-12-28 15:00:00+00:00,47556.5633,47906.5697,47146.5879,47187.7298
2025-12-28 16:00:00+00:00,47182.5513,47398.0084,46872.1551,47141.6953
2025-12-28 17:00:00+00:00,47144.5899,47449.752,47124.5694,47229.6055
2025-12-28 18:00:00+00:00,47231.2931,47522.0206,46954.048,46971.5403
2025-12-28 19:00:00+00:00,46975.4211,47112.4371,46624.521,46827.6302
2025-12-28 20:00:00+00:00,46832.8511,47217.9492,46716.6028,46726.3107
2025-12-28 21:00:00+00:00,46728.923,47053.9018,46403.5839,46824.7725
2025-12-28 22:00:00+00:00,46820.0994,46828.3789,46206.9124,46686.8875
2025-12-28 23:00:00+00:00,46671.3568,46829.8982,46249.434,46541.1337
2025-12-29 00:00:00+00:00,46550.3583,46777.5999,46157.2045,46756.9355
2025-12-29 01:00:00+00:00,46748.7785,46812.5227,45687.3565,45745.3544
2025-12-29 02:00:00+00:00,45753.6866,45776.2202,45178.443,45253.4179
2025-12-29 03:00:00+00:00,45251.4894,45541.0115,45098.531,45320.8572
2025-12-29 04:00:00+00:00,45321.9446,45366.3858,44623.9552,44623.9552
2025-12-29 05:00:00+00:00,44632.0088,44804.1415,44151.5952,44262.6764
2025-12-29 06:00:00+00:00,44261.9231,44373.3575,43940.8105,44048.953
2025-12-29 07:00:00+00:00,44054.5616,44152.3248,43748.3522,44103.3565
2025-12-29 08:00:00+00:00,44112.6314,44478.3713,44063.2045,44322.0274
2025-12-29 09:00:00+00:00,44317.7296,44450.8113,44032.3007,44137.8973
2025-12-29 10:00:00+00:00,44130.3347,44139.9675,43311.9046,43342.741
2025-12-29 11:00:00+00:00,43330.37,43465.2464,42937.53,43006.9606
2025-12-29 12:00:00+00:00,43002.3864,43221.7623,42549.6005,42652.2432
2025-12-29 13:00:00+00:00,42635.7382,42881.4964,42376.7729,42814.0101
2025-12-29 14:00:00+00:00,42813.6895,43424.9989,42747.9452,42759.9196
2025-12-29 15:00:00+00:00,42765.7556,43377.3565,42647.1037,43304.6011
2025-12-29 16:00:00+00:00,43293.1967,43718.5512,43225.1626,43437.1429
2025-12-29 17:00:00+00:00,43425.0072,43514.1123,42800.1171,42910.5194
2025-12-29 18:00:00+00:00,42912.5178,43008.1021,42622.8846,42794.3384
2025-12-29 19:00:00+00:00,42783.0677,43377.4071,42783.0677,43132.1089
2025-12-29 20:00:00+00:00,43137.5459,43187.9886,42654.9412,42661.4396
2025-12-29 21:00:00+00:00,42657.8791,42868.0355,42488.6324,42491.2658
2025-12-29 22:00:00+00:00,42508.5354,43147.1225,42440.7441,43106.852
2025-12-29 23:00:00+00:00,43110.9736,43731.0684,43086.7348,43549.9932
2025-12-30 00:00:00+00:00,43558.4568,43666.9725,43315.1249,43528.4467
2025-12-30 01:00:00+00:00,43528.2622,43583.1079,42824.1464,42836.6959
2025-12-30 02:00:00+00:00,42844.3925,43043.7948,42527.8124,42647.2959
2025-12-30 03:00:00+00:00,42647.8233,42867.285,42442.4999,42724.1341
2025-12-30 04:00:00+00:00,42725.6286,43059.2698,42625.8688,43052.4376
2025-12-30 05:00:00+00:00,43057.6368,43256.2776,42959.6035,43175.7751
2025-12-30 06:00:00+00:00,43172.3434,43430.4891,42829.3662,42863.1708
2025-12-30 07:00:00+00:00,42850.3668,43585.5987,42779.3086,43445.4024
2025-12-30 08:00:00+00:00,43427.9929,43851.8978,43352.1295,43528.1256
2025-12-30 09:00:00+00:00,43521.5553,43786.2201,43313.1889,43389.5529
2025-12-30 10:00:00+00:00,43395.8748,43447.5179,42873.2999,42969.3534
2025-12-30 11:00:00+00:00,42947.4914,43670.6251,42887.1176,43666.3234
2025-12-30 12:00:00+00:00,43666.2035,44060.1867,43461.0864,43908.069
2025-12-30 13:00:00+00:00,43904.3506,44310.5406,43763.5167,44173.9668
2025-12-30 14:00:00+00:00,44175.0854,44243.1069,43835.7824,44121.0163
2025-12-30 15:00:00+00:00,44116.7045,44710.8232,44116.7045,44688.4558
2025-12-30 16:00:00+00:00,44692.5142,45158.5675,44589.5768,45088.3107
2025-12-30 17:00:00+00:00,45092.5932,45347.0926,44938.1947,45336.2112
2025-12-30 18:00:00+00:00,45345.3758,45910.9719,45269.8431,45801.2554
2025-12-30 19:00:00+00:00,45814.4887,46040.9059,45701.574,45778.2117
2025-12-30 20:00:00+00:00,45778.0592,45850.5412,45504.7171,45732.3172
2025-12-30 21:00:00+00:00,45737.3926,45993.5015,45534.093,45782.4975
2025-12-30 22:00:00+00:00,45786.3531,46019.9586,45517.6318,45728.1959
2025-12-30 23:00:00+00:00,45720.0653,46159.9605,45551.5603,45971.0767
2025-12-31 00:00:00+00:00,45952.2041,46279.6027,45678.8152,45762.8948
2025-12-31 01:00:00+00:00,45757.0306,46209.7485,45651.8146,45893.4388
2025-12-31 02:00:00+00:00,45889.0825,45894.4487,45269.1788,45437.1017
2025-12-31 03:00:00+00:00,45450.9387,45595.4368,45270.5258,45302.4966
2025-12-31 04:00:00+00:00,45308.9949,45516.0861,44852.649,45006.3067
2025-12-31 05:00:00+00:00,44995.236,45558.3269,44941.1482,45463.0961
2025-12-31 06:00:00+00:00,45468.242,45522.5078,44368.4659,44393.5082
2025-12-31 07:00:00+00:00,44382.2289,44486.3535,44129.6488,44217.9292
2025-12-31 08:00:00+00:00,44218.3555,44439.9546,44121.5118,44418.661
2025-12-31 09:00:00+00:00,44422.696,44579.2005,44033.0942,44033.0942
2025-12-31 10:00:00+00:00,44048.2894,44188.4448,43522.0079,43843.8275
2025-12-31 11:00:00+00:00,43832.9986,44452.2343,43792.3914,44041.0955
2025-12-31 12:00:00+00:00,44039.7388,44136.788,43545.7166,43636.2972
2025-12-31 13:00:00+00:00,43637.373,43648.9129,43043.7161,43083.7223
2025-12-31 14:00:00+00:00,43078.2681,43193.9861,42747.657,42747.657
2025-12-31 15:00:00+00:00,42758.9214,43009.0073,42656.6366,42880.5495
2025-12-31 16:00:00+00:00,42886.2156,43182.4266,42577.277,42701.4629
2025-12-31 17:00:00+00:00,42698.9352,42806.068,42456.5631,42754.6437
2025-12-31 18:00:00+00:00,42744.4264,43041.8513,42553.6684,42701.8179
2025-12-31 19:00:00+00:00,42691.2734,42943.1404,42604.6572,42648.762
2025-12-31 20:00:00+00:00,42636.7028,43209.4245,42604.7706,42728.6108
2025-12-31 21:00:00+00:00,42725.7159,43001.7393,42484.8287,42614.7006
2025-12-31 22:00:00+00:00,42631.1867,42649.0296,42118.3762,42278.8203
2025-12-31 23:00:00+00:00,42277.0443,42626.6264,42130.9224,42600.1904
2026-01-01 00:00:00+00:00,42599.5561,42651.0585,42152.208,42337.5591
2026-01-01 01:00:00+00:00,42343.0805,42733.1484,42197.836,42448.3465
2026-01-01 02:00:00+00:00,42439.3581,42671.2746,42255.1176,42255.1176
2026-01-01 03:00:00+00:00,42249.0275,42418.4473,42048.4629,42188.5012
2026-01-01 04:00:00+00:00,42195.2648,42559.0017,42068.173,42378.0162
2026-01-01 05:00:00+00:00,42369.5471,42544.2484,42283.8037,42461.9488
2026-01-01 06:00:00+00:00,42457.2104,42760.1516,42285.8978,42350.6132
2026-01-01 07:00:00+00:00,42351.3622,42639.5166,42314.4129,42612.0838
2026-01-01 08:00:00+00:00,42608.1714,42940.4464,42193.5129,42382.3158
2026-01-01 09:00:00+00:00,42376.9748,42848.4303,42355.3924,42495.8377
2026-01-01 10:00:00+00:00,42502.6284,42517.334,41850.7732,41924.131
2026-01-01 11:00:00+00:00,41933.8438,42053.1634,41622.3755,41689.924
2026-01-01 12:00:00+00:00,41680.3163,41883.3099,41582.3983,41705.4987
2026-01-01 13:00:00+00:00,41702.8343,41769.5327,41342.9558,41519.4581
2026-01-01 14:00:00+00:00,41517.3234,41710.2953,41327.5546,41404.3666
2026-01-01 15:00:00+00:00,41409.9149,41524.1137,40966.7864,41034.3006
2026-01-01 16:00:00+00:00,41026.3981,41837.617,41002.3901,41705.5854
2026-01-01 17:00:00+00:00,41686.2846,42010.194,41416.2768,41602.0783
2026-01-01 18:00:00+00:00,41610.0364,41781.3888,41549.249,41736.9184
2026-01-01 19:00:00+00:00,41728.7671,42184.0907,41723.0162,41929.8779
2026-01-01 20:00:00+00:00,41925.6623,42486.7589,41767.7433,42294.4728
2026-01-01 21:00:00+00:00,42297.3117,42361.1192,41963.4722,42126.5762
2026-01-01 22:00:00+00:00,42128.634,42808.3943,42128.634,42607.8519
2026-01-01 23:00:00+00:00,42605.4853,42683.9182,42133.8254,42144.4591
2026-01-02 00:00:00+00:00,42160.6494,42268.2389,41871.8719,42073.4193
2026-01-02 01:00:00+00:00,42068.3375,42300.4729,41879.3578,42027.9547
2026-01-02 02:00:00+00:00,42024.2751,42044.0831,41598.5888,41850.6847
2026-01-02 03:00:00+00:00,41849.9571,42208.53,41753.3511,41963.0863
2026-01-02 04:00:00+00:00,41958.2987,42206.6532,41835.0138,42166.4745
2026-01-02 05:00:00+00:00,42172.0885,42474.9522,42131.9859,42464.749
2026-01-02 06:00:00+00:00,42466.4087,42768.2507,42360.2552,42455.9434
2026-01-02 07:00:00+00:00,42470.9417,42722.1116,42311.8775,42341.2215
2026-01-02 08:00:00+00:00,42333.9416,42392.6336,41659.1461,41845.0396
2026-01-02 09:00:00+00:00,41854.1639,42118.5376,41746.1159,41772.4582
2026-01-02 10:00:00+00:00,41776.7251,42278.8884,41573.8793,42203.9564
2026-01-02 11:00:00+00:00,42206.3461,42482.0653,42033.6564,42053.5858
2026-01-02 12:00:00+00:00,42039.8465,42169.3704,41854.4301,42060.4121
2026-01-02 13:00:00+00:00,42044.8468,42367.3608,41989.6379,42207.4697
2026-01-02 14:00:00+00:00,42204.4839,42562.7064,42019.8541,42549.5731
2026-01-02 15:00:00+00:00,42552.7166,43013.1028,42544.5349,42850.6606
2026-01-02 16:00:00+00:00,42857.4785,43294.5118,42809.9077,43255.4845
2026-01-02 17:00:00+00:00,43250.1588,44117.3868,43242.8621,44077.0006
2026-01-02 18:00:00+00:00,44082.5587,44744.8464,44070.4833,44587.7542
2026-01-02 19:00:00+00:00,44594.317,45003.2043,44396.9036,44495.3276
2026-01-02 20:00:00+00:00,44501.5746,44501.5746,44051.1714,44154.1633
2026-01-02 21:00:00+00:00,44166.2636,44178.2886,43845.6672,44141.588
2026-01-02 22:00:00+00:00,44143.55,44269.3372,43938.1467,44063.3534
2026-01-02 23:00:00+00:00,44076.3918,44260.8708,43450.8792,43832.4058
2026-01-03 00:00:00+00:00,43839.0775,44436.9986,43801.1088,44372.6627
2026-01-03 01:00:00+00:00,44371.7437,44447.0256,43758.6354,43776.9784
2026-01-03 02:00:00+00:00,43775.5707,44113.4265,43466.3193,44061.648
2026-01-03 03:00:00+00:00,44057.4,44541.5308,44024.9082,44327.5395
2026-01-03 04:00:00+00:00,44330.1792,44928.5643,44228.0104,44443.6553
2026-01-03 05:00:00+00:00,44443.0219,44844.1522,44438.4996,44585.0563
2026-01-03 06:00:00+00:00,44593.4475,45194.8945,44464.1478,44627.5183
2026-01-03 07:00:00+00:00,44623.3771,44842.3645,44420.7743,44751.8181
2026-01-03 08:00:00+00:00,44750.9911,44969.408,44575.623,44858.7512
2026-01-03 09:00:00+00:00,44861.5585,45316.8802,44722.3423,44762.2461
2026-01-03 10:00:00+00:00,44759.8531,44925.1142,44418.6392,44648.4399
2026-01-03 11:00:00+00:00,44657.453,44837.7462,44448.0863,44612.3782
2026-01-03 12:00:00+00:00,44620.6146,44777.0579,44392.5881,44427.9522
2026-01-03 13:00:00+00:00,44420.6444,44570.4118,44278.4636,44457.544
2026-01-03 14:00:00+00:00,44449.7291,44737.4799,44131.0805,44169.8777
2026-01-03 15:00:00+00:00,44159.6175,44383.6358,43944.1562,44239.1109
2026-01-03 16:00:00+00:00,44233.3493,44522.7565,43912.1991,43990.7919
2026-01-03 17:00:00+00:00,43990.923,44109.0921,43194.9655,43242.2447
2026-01-03 18:00:00+00:00,43240.7649,43310.4333,42898.0392,43094.326
2026-01-03 19:00:00+00:00,43085.4511,43377.9514,42867.2286,43124.5276
2026-01-03 20:00:00+00:00,43116.385,43458.4453,42965.1374,43150.4846
2026-01-03 21:00:00+00:00,43145.3005,43625.3339,43141.194,43379.0374
2026-01-03 22:00:00+00:00,43375.5071,44024.2105,43370.8366,43778.0825
2026-01-03 23:00:00+00:00,43772.1487,44029.387,43677.9531,43946.653
2026-01-04 00:00:00+00:00,43944.5895,44205.2295,43630.3736,44060.3978
2026-01-04 01:00:00+00:00,44057.6131,44235.6307,43872.7964,44181.8766
2026-01-04 02:00:00+00:00,44195.5312,44764.4646,44131.3567,44400.1667
2026-01-04 03:00:00+00:00,44400.3617,44462.9146,43526.7492,43572.2685
2026-01-04 04:00:00+00:00,43586.953,43777.2676,43376.7367,43569.8676
2026-01-04 05:00:00+00:00,43573.0123,43597.202,43137.4267,43254.6318
2026-01-04 06:00:00+00:00,43255.6953,43470.6805,43037.0321,43071.5594
2026-01-04 07:00:00+00:00,43063.6135,43604.4756,42684.7921,43597.1333
2026-01-04 08:00:00+00:00,43596.3978,43650.1739,43279.6562,43509.7537
2026-01-04 09:00:00+00:00,43507.8427,44168.9752,43403.0135,43968.1959
2026-01-04 10:00:00+00:00,43962.7453,44292.7443,43292.6847,43368.9727
2026-01-04 11:00:00+00:00,43360.9649,43389.7189,42714.5076,42809.7017
2026-01-04 12:00:00+00:00,42829.7976,43301.2933,42804.9312,43228.6671
2026-01-04 13:00:00+00:00,43211.2586,43252.8016,42890.1594,43076.4063
2026-01-04 14:00:00+00:00,43072.5157,43881.2928,43032.9873,43541.8678
2026-01-04 15:00:00+00:00,43538.3024,43568.0613,43071.1397,43150.0217
2026-01-04 16:00:00+00:00,43155.852,43402.4136,43018.8847,43332.4444
2026-01-04 17:00:00+00:00,43332.886,43435.559,42714.7257,42765.9345
2026-01-04 18:00:00+00:00,42773.6484,42877.1529,42387.6974,42448.0478
2026-01-04 19:00:00+00:00,42442.2448,42620.8937,41955.3343,42576.4187
2026-01-04 20:00:00+00:00,42571.6774,42637.3088,42277.347,42498.5881
2026-01-04 21:00:00+00:00,42520.5521,42807.8696,42283.1971,42283.1971
2026-01-04 22:00:00+00:00,42281.6663,42388.4664,41878.1975,41900.7772
2026-01-04 23:00:00+00:00,41900.6136,42025.1351,41551.5073,41757.6522
2026-01-05 00:00:00+00:00,41756.7396,41916.0607,41093.625,41145.4967
2026-01-05 01:00:00+00:00,41144.5099,41605.127,41142.618,41443.1538
2026-01-05 02:00:00+00:00,41438.7181,41629.5872,40727.9472,40737.8197
2026-01-05 03:00:00+00:00,40722.606,40968.5967,40702.4452,40839.516
2026-01-05 04:00:00+00:00,40840.9451,40946.7929,40470.5735,40940.1686
2026-01-05 05:00:00+00:00,40933.8323,40988.9094,40252.5559,40361.8156
2026-01-05 06:00:00+00:00,40365.5954,40425.9001,39789.859,39917.7866
2026-01-05 07:00:00+00:00,39930.5175,40000.745,39256.8836,39278.1818
2026-01-05 08:00:00+00:00,39278.5357,39691.7708,39265.458,39687.8366
2026-01-05 09:00:00+00:00,39696.3154,39822.2578,39523.0128,39526.9855
2026-01-05 10:00:00+00:00,39523.6607,39534.781,38846.9104,38934.8712
2026-01-05 11:00:00+00:00,38946.8537,39291.4618,38864.8245,38987.3165
2026-01-05 12:00:00+00:00,38987.5251,39143.2373,38761.3069,39100.4979
2026-01-05 13:00:00+00:00,39111.0144,39402.637,38940.957,39361.9641
2026-01-05 14:00:00+00:00,39362.409,39709.4024,38963.5159,39258.1711
2026-01-05 15:00:00+00:00,39268.5683,39513.5442,39042.1554,39131.3847
2026-01-05 16:00:00+00:00,39118.0886,39345.1886,38833.0804,38833.0804
2026-01-05 17:00:00+00:00,38825.9902,38962.2036,38568.6688,38799.2637
2026-01-05 18:00:00+00:00,38797.7304,39072.2246,38569.143,39019.5718
2026-01-05 19:00:00+00:00,39023.5281,39127.7791,38471.9159,38526.2864
2026-01-05 20:00:00+00:00,38519.715,38641.5557,38197.1448,38266.3842
2026-01-05 21:00:00+00:00,38268.3665,38290.423,37696.3787,37916.9559
2026-01-05 22:00:00+00:00,37924.6737,38192.1003,37772.1711,38122.9211
2026-01-05 23:00:00+00:00,38112.3788,38512.6621,38079.7469,38340.9809
2026-01-06 00:00:00+00:00,38325.3641,38705.1187,38286.0996,38705.1187
2026-01-06 01:00:00+00:00,38719.7949,39086.7326,38500.1412,39036.162
2026-01-06 02:00:00+00:00,39028.1949,39246.1191,38891.777,39237.8199
2026-01-06 03:00:00+00:00,39243.3967,39373.1,39002.2087,39373.1
2026-01-06 04:00:00+00:00,39374.3912,39473.5774,39059.0713,39334.7288
2026-01-06 05:00:00+00:00,39335.7242,39827.3662,39252.1167,39564.214
2026-01-06 06:00:00+00:00,39563.1017,39977.8516,39512.9509,39759.2108
2026-01-06 07:00:00+00:00,39754.1631,39833.8545,39492.4805,39809.5274
2026-01-06 08:00:00+00:00,39808.1361,40468.4494,39675.8417,40465.0375
2026-01-06 09:00:00+00:00,40463.1545,41078.4585,40457.6144,40799.0517
2026-01-06 10:00:00+00:00,40793.3232,40914.5769,40453.1472,40478.3846
2026-01-06 11:00:00+00:00,40466.1631,40619.5113,40277.2549,40281.6001
2026-01-06 12:00:00+00:00,40289.3367,40615.0368,40188.4439,40188.4439
2026-01-06 13:00:00+00:00,40179.8416,40436.4936,40125.0685,40190.8938
2026-01-06 14:00:00+00:00,40182.8331,40549.3542,40080.3374,40528.8894
2026-01-06 15:00:00+00:00,40530.0396,40533.4786,40192.3051,40270.5801
2026-01-06 16:00:00+00:00,40272.1462,40438.7049,40092.74,40299.8824
2026-01-06 17:00:00+00:00,40303.9626,40971.2967,40233.5081,40940.2966
2026-01-06 18:00:00+00:00,40946.7984,41552.5956,40901.9621,41463.396
2026-01-06 19:00:00+00:00,41450.9664,41468.1729,40962.0191,41108.166
2026-01-06 20:00:00+00:00,41104.8861,41743.4838,40986.1747,41717.3204
2026-01-06 21:00:00+00:00,41712.678,42116.2722,41712.678,41954.8358
2026-01-06 22:00:00+00:00,41943.9218,42015.329,41599.8207,41640.4518
2026-01-06 23:00:00+00:00,41627.1913,41753.9811,40956.5517,41264.6854
2026-01-07 00:00:00+00:00,41275.0971,41787.6188,41179.4948,41756.4528
2026-01-07 01:00:00+00:00,41773.2336,41778.9595,41443.559,41669.1946
2026-01-07 02:00:00+00:00,41664.9458,42007.6237,41580.5608,41665.083
2026-01-07 03:00:00+00:00,41677.2314,42150.332,41646.295,42051.3215
2026-01-07 04:00:00+00:00,42042.8411,42423.7777,41917.2538,42113.2267
2026-01-07 05:00:00+00:00,42137.9275,42275.655,41505.7146,41515.5492
2026-01-07 06:00:00+00:00,41517.2897,42443.2898,41482.5632,42200.1782
2026-01-07 07:00:00+00:00,42203.038,42605.7294,42139.0008,42426.1373
2026-01-07 08:00:00+00:00,42411.6941,42412.4684,41955.7507,42077.731
2026-01-07 09:00:00+00:00,42076.6832,42357.0991,42021.5924,42161.761
2026-01-07 10:00:00+00:00,42173.55,42280.7603,41942.7219,42111.6153
2026-01-07 11:00:00+00:00,42105.6635,42369.7841,41725.4196,41744.7104
2026-01-07 12:00:00+00:00,41744.5364,41772.5231,41494.5628,41708.9012
2026-01-07 13:00:00+00:00,41707.845,41807.0673,41426.5409,41671.9184
2026-01-07 14:00:00+00:00,41677.6598,42010.7046,41466.5715,42006.1641
2026-01-07 15:00:00+00:00,42006.7497,42352.0532,41889.8499,42255.3329
2026-01-07 16:00:00+00:00,42259.0535,42272.5346,41754.8148,41969.3907
2026-01-07 17:00:00+00:00,41988.8474,42354.5432,41929.2663,42254.8419
2026-01-07 18:00:00+00:00,42275.7866,42539.8151,42058.2033,42095.3041
2026-01-07 19:00:00+00:00,42100.5518,42165.9609,41617.9943,41842.259
2026-01-07 20:00:00+00:00,41845.3624,42302.6619,41681.8529,41955.0623
2026-01-07 21:00:00+00:00,41961.165,42159.2338,41734.2778,42016.2616
2026-01-07 22:00:00+00:00,42011.2638,42043.0264,41466.674,41547.1857
2026-01-07 23:00:00+00:00,41547.4796,42046.5931,41479.0665,41599.2414
2026-01-08 00:00:00+00:00,41603.4763,41655.4634,41212.7935,41416.2342
2026-01-08 01:00:00+00:00,41399.9353,41600.9964,41236.255,41489.2701
2026-01-08 02:00:00+00:00,41506.8571,41783.0577,41407.8127,41432.032
2026-01-08 03:00:00+00:00,41437.8102,41445.4585,40810.4682,41099.3427
2026-01-08 04:00:00+00:00,41106.3167,41141.7848,40461.3352,40713.0074
2026-01-08 05:00:00+00:00,40725.5157,41022.8714,40608.2564,40926.9003
2026-01-08 06:00:00+00:00,40919.2831,41108.8901,40701.3861,40867.4876
2026-01-08 07:00:00+00:00,40863.9851,40904.9303,40337.1598,40356.3691
2026-01-08 08:00:00+00:00,40352.0317,40837.4496,40152.3744,40797.1746
2026-01-08 09:00:00+00:00,40803.5194,41092.6978,40661.9553,40786.5313
2026-01-08 10:00:00+00:00,40785.1762,41016.4164,40719.8176,40968.03
2026-01-08 11:00:00+00:00,40977.5615,40992.5509,40564.2183,40793.5966
2026-01-08 12:00:00+00:00,40790.4558,41075.1616,40593.0361,40978.344
2026-01-08 13:00:00+00:00,40958.3745,41087.5265,40489.3734,40713.8137
2026-01-08 14:00:00+00:00,40729.2986,40757.8165,40262.251,40560.9861
2026-01-08 15:00:00+00:00,40571.4735,40891.7585,40480.2751,40485.2262
2026-01-08 16:00:00+00:00,40501.3376,40875.9638,40441.4294,40608.1848
2026-01-08 17:00:00+00:00,40602.0301,40898.0596,40483.6941,40837.394
2026-01-08 18:00:00+00:00,40834.0193,40918.1253,40492.8818,40585.1813
2026-01-08 19:00:00+00:00,40582.3989,40824.014,40410.6067,40605.9024
2026-01-08 20:00:00+00:00,40600.4349,40973.9598,40501.5236,40944.957
2026-01-08 21:00:00+00:00,40939.8398,41223.4456,40803.7488,40966.2115
2026-01-08 22:00:00+00:00,40969.1209,41091.4054,40723.3293,40733.8604
2026-01-08 23:00:00+00:00,40734.5006,40892.8868,40490.5863,40537.285
2026-01-09 00:00:00+00:00,40533.8528,40634.1896,40225.9842,40547.7745
2026-01-09 01:00:00+00:00,40565.6107,40678.3091,40197.8483,40273.4759
2026-01-09 02:00:00+00:00,40271.3142,40592.6832,40254.0882,40413.7549
2026-01-09 03:00:00+00:00,40412.1343,40957.6332,40290.8873,40464.5097
2026-01-09 04:00:00+00:00,40459.5545,40707.3053,40190.9373,40253.3042
2026-01-09 05:00:00+00:00,40238.42,40641.0037,40238.42,40518.8309
2026-01-09 06:00:00+00:00,40513.7333,40831.4884,40486.1581,40550.0827
2026-01-09 07:00:00+00:00,40567.9114,40967.5644,40287.323,40860.9363
2026-01-09 08:00:00+00:00,40864.8987,41526.8905,40861.4379,41514.9627
2026-01-09 09:00:00+00:00,41513.6446,41861.5461,41225.1136,41347.3475
2026-01-09 10:00:00+00:00,41356.7934,41432.755,41087.0597,41317.2555
2026-01-09 11:00:00+00:00,41312.611,41494.5274,41132.6162,41162.2582
2026-01-09 12:00:00+00:00,41156.8446,41253.8925,40281.9622,40295.1972
2026-01-09 13:00:00+00:00,40287.1689,40287.1689,39474.9469,39860.2002
2026-01-09 14:00:00+00:00,39850.0993,39908.3101,39445.1562,39601.6784
2026-01-09 15:00:00+00:00,39613.5278,39843.3828,39495.7455,39788.7178
2026-01-09 16:00:00+00:00,39783.3503,40025.4714,39540.282,39625.2569
2026-01-09 17:00:00+00:00,39637.9352,39804.8103,39544.4952,39644.8466
2026-01-09 18:00:00+00:00,39649.0306,39801.9357,39311.0934,39589.0912
2026-01-09 19:00:00+00:00,39592.8073,39772.8815,39447.5986,39658.9715
2026-01-09 20:00:00+00:00,39665.2826,39898.4469,39419.0909,39421.0458
2026-01-09 21:00:00+00:00,39409.491,39665.3716,39018.9845,39174.2285
2026-01-09 22:00:00+00:00,39169.0105,39436.2168,39022.3206,39255.7108
2026-01-09 23:00:00+00:00,39250.8409,39314.5912,38902.9414,39064.9845
2026-01-10 00:00:00+00:00,39084.544,39113.4371,38206.3642,38211.3995
2026-01-10 01:00:00+00:00,38203.9954,38254.7943,37905.909,38129.1253
2026-01-10 02:00:00+00:00,38128.2654,38128.2654,37570.7388,37681.245
2026-01-10 03:00:00+00:00,37677.2096,37792.1829,37448.8039,37476.8276
2026-01-10 04:00:00+00:00,37459.4107,37474.645,37039.0675,37401.4483
2026-01-10 05:00:00+00:00,37408.5233,38221.4636,37353.2323,38085.9494
2026-01-10 06:00:00+00:00,38085.4586,38359.4547,37936.2214,38034.7428
2026-01-10 07:00:00+00:00,38029.4991,38065.0557,37456.1839,37680.7845
2026-01-10 08:00:00+00:00,37678.0605,38065.3708,37626.6849,37953.6732
2026-01-10 09:00:00+00:00,37951.444,38135.542,37865.42,38067.8487
2026-01-10 10:00:00+00:00,38074.1046,38217.9068,37795.0291,38214.4791
2026-01-10 11:00:00+00:00,38227.6453,38595.2985,38045.1706,38176.7998
2026-01-10 12:00:00+00:00,38186.9532,38249.6935,37910.5181,38166.7398
2026-01-10 13:00:00+00:00,38163.5848,38248.1236,37951.8302,38028.1261
2026-01-10 14:00:00+00:00,38027.1596,38116.9603,37470.6218,37519.9695
2026-01-10 15:00:00+00:00,37513.3378,38044.0426,37461.63,37934.472
2026-01-10 16:00:00+00:00,37919.4904,38081.5359,37705.6538,37806.9201
2026-01-10 17:00:00+00:00,37802.4351,37906.6764,37546.538,37875.3377
2026-01-10 18:00:00+00:00,37877.1571,38399.669,37810.9387,38311.0838
2026-01-10 19:00:00+00:00,38318.6085,38385.6508,37853.0693,37930.6816
2026-01-10 20:00:00+00:00,37934.0535,38677.6718,37892.2423,38630.015
2026-01-10 21:00:00+00:00,38632.459,38675.567,38192.7018,38325.8518
2026-01-10 22:00:00+00:00,38323.7175,38586.2034,38263.3981,38409.6505
2026-01-10 23:00:00+00:00,38408.0574,38441.487,38096.2077,38253.9793
2026-01-11 00:00:00+00:00,38245.7476,38555.9123,38067.5524,38496.6685
2026-01-11 01:00:00+00:00,38491.5241,38551.5448,38071.8425,38425.794
2026-01-11 02:00:00+00:00,38420.8428,38500.6509,37906.8048,38012.8803
2026-01-11 03:00:00+00:00,38007.8377,38668.3339,38001.2654,38308.4343
2026-01-11 04:00:00+00:00,38302.4312,38302.4312,37887.3983,38157.7564
2026-01-11 05:00:00+00:00,38152.928,38753.3235,38019.4227,38640.9512
2026-01-11 06:00:00+00:00,38646.2167,38905.4653,38560.4187,38736.7597
2026-01-11 07:00:00+00:00,38740.4123,39003.0498,38594.1417,38812.9365
2026-01-11 08:00:00+00:00,38810.7278,38936.9322,38630.8271,38852.9413
2026-01-11 09:00:00+00:00,38857.6545,39066.0017,38639.1841,38883.339
2026-01-11 10:00:00+00:00,38899.4427,39027.5643,38572.84,38604.999
2026-01-11 11:00:00+00:00,38606.9425,39312.8891,38464.3711,39302.101
2026-01-11 12:00:00+00:00,39287.357,39516.0279,38961.8064,39439.4909
2026-01-11 13:00:00+00:00,39451.5923,39963.2668,39423.7229,39925.059
2026-01-11 14:00:00+00:00,39923.7328,40484.9833,39786.1148,40252.5186
2026-01-11 15:00:00+00:00,40250.5866,40451.9322,40101.1266,40402.8593
2026-01-11 16:00:00+00:00,40394.6174,40423.4061,39727.792,39910.3571
2026-01-11 17:00:00+00:00,39916.6438,40461.8937,39668.477,40311.6072
2026-01-11 18:00:00+00:00,40325.2011,40671.8841,40291.652,40539.7462
2026-01-11 19:00:00+00:00,40533.2298,41092.5117,40442.2917,41031.3251
2026-01-11 20:00:00+00:00,41025.8691,41151.7027,40692.5956,40814.2559
2026-01-11 21:00:00+00:00,40809.0754,41277.864,40640.1866,41203.0918
2026-01-11 22:00:00+00:00,41201.5136,41519.0303,41134.1948,41417.0764
2026-01-11 23:00:00+00:00,41429.1947,41468.7212,41000.7796,41244.4438
2026-01-12 00:00:00+00:00,41248.8216,41799.7014,41242.7087,41750.9614
2026-01-12 01:00:00+00:00,41761.7669,41895.7242,41549.177,41815.4955
2026-01-12 02:00:00+00:00,41814.5272,42137.0323,41490.1649,41555.8245
2026-01-12 03:00:00+00:00,41560.6844,41755.7185,41290.3456,41347.4684
2026-01-12 04:00:00+00:00,41362.6144,41927.4406,41116.4812,41927.4406
2026-01-12 05:00:00+00:00,41930.4917,42093.9064,41607.9849,41676.9068
2026-01-12 06:00:00+00:00,41687.2685,41705.9214,41015.7852,41032.894
2026-01-12 07:00:00+00:00,41033.801,41112.1949,40536.3883,40669.7887
2026-01-12 08:00:00+00:00,40672.5284,41024.8534,40485.6173,40538.7437
2026-01-12 09:00:00+00:00,40523.37,41034.585,40435.0918,40785.3777
2026-01-12 10:00:00+00:00,40786.5964,41392.1457,40680.1363,41245.2791
2026-01-12 11:00:00+00:00,41237.8993,41665.8322,41142.4029,41288.636
2026-01-12 12:00:00+00:00,41290.6101,41451.817,41090.1861,41335.1459
2026-01-12 13:00:00+00:00,41331.3623,41556.9079,41220.4317,41286.9833
2026-01-12 14:00:00+00:00,41291.1779,41444.2898,41032.1951,41148.4816
2026-01-12 15:00:00+00:00,41150.6673,41236.9791,40668.6612,40708.9591
2026-01-12 16:00:00+00:00,40698.2077,40924.965,40520.076,40624.7851
2026-01-12 17:00:00+00:00,40630.0013,40630.0013,39970.5898,40065.6577
2026-01-12 18:00:00+00:00,40062.7504,40290.3964,39995.0215,40139.1664
2026-01-12 19:00:00+00:00,40146.7386,40651.2636,40010.2711,40650.681
2026-01-12 20:00:00+00:00,40640.3267,40756.4066,40305.4484,40367.7302
2026-01-12 21:00:00+00:00,40365.9335,40801.7411,40365.9335,40604.5613
2026-01-12 22:00:00+00:00,40602.3113,40999.6129,40472.2588,40671.6347
2026-01-12 23:00:00+00:00,40675.1858,40895.0203,40416.6838,40416.6838
2026-01-13 00:00:00+00:00,40410.2233,40474.7757,39584.301,39633.314
2026-01-13 01:00:00+00:00,39634.8098,39886.8397,39442.5996,39540.5672
2026-01-13 02:00:00+00:00,39532.8302,40089.2016,39472.8851,40019.6357
2026-01-13 03:00:00+00:00,40018.5981,40312.8916,39887.6892,40278.5969
2026-01-13 04:00:00+00:00,40263.2371,40469.968,39783.5926,39795.6286
2026-01-13 05:00:00+00:00,39797.6373,39822.637,39381.816,39730.6679
2026-01-13 06:00:00+00:00,39722.8768,39797.454,39303.6416,39447.8115
2026-01-13 07:00:00+00:00,39444.9248,39462.1358,38974.1573,39371.7145
2026-01-13 08:00:00+00:00,39376.9019,39414.0838,39030.6551,39080.8884
2026-01-13 09:00:00+00:00,39090.4789,39181.1538,38808.7775,38878.9717
2026-01-13 10:00:00+00:00,38887.1236,39039.5336,38551.8001,38925.2855
2026-01-13 11:00:00+00:00,38916.9571,39070.4111,38798.8847,38999.9353
2026-01-13 12:00:00+00:00,39007.9042,39657.6453,38978.6582,39523.0068
2026-01-13 13:00:00+00:00,39519.4634,39747.6457,39282.9647,39340.8875
2026-01-13 14:00:00+00:00,39343.6437,39502.1916,39146.8768,39218.1793
2026-01-13 15:00:00+00:00,39200.1336,39410.2458,38907.4193,39179.5235
2026-01-13 16:00:00+00:00,39183.1704,39467.9001,39147.406,39384.008
2026-01-13 17:00:00+00:00,39383.18,39586.7581,39263.7389,39332.6036
2026-01-13 18:00:00+00:00,39332.3566,39753.7143,39310.7972,39615.2173
2026-01-13 19:00:00+00:00,39621.172,39679.1607,39434.3662,39612.1815
2026-01-13 20:00:00+00:00,39616.8077,40141.6658,39250.3366,39994.3293
2026-01-13 21:00:00+00:00,39988.6374,39997.9227,39378.6493,39443.9461
2026-01-13 22:00:00+00:00,39442.424,39636.8072,39127.9362,39612.9044
2026-01-13 23:00:00+00:00,39604.4927,40096.4532,39488.953,40080.9099
2026-01-14 00:00:00+00:00,40078.5412,40122.5799,39830.006,40031.6164
2026-01-14 01:00:00+00:00,40027.3166,40126.3335,39697.5106,39784.322
2026-01-14 02:00:00+00:00,39778.66,39924.6501,39544.5717,39655.7149
2026-01-14 03:00:00+00:00,39661.5132,39948.9542,39590.3862,39920.2052
2026-01-14 04:00:00+00:00,39926.8076,39994.2706,39485.0333,39652.2423
2026-01-14 05:00:00+00:00,39667.2373,39763.0571,39288.7629,39422.9126
2026-01-14 06:00:00+00:00,39426.5669,39797.0761,39125.7215,39785.5502
2026-01-14 07:00:00+00:00,39779.1546,40058.7874,39403.945,39405.5477
2026-01-14 08:00:00+00:00,39411.8353,39739.2368,39256.0829,39642.4614
2026-01-14 09:00:00+00:00,39654.1417,40012.8571,39444.6718,39774.0594
2026-01-14 10:00:00+00:00,39774.3493,40128.3625,39611.416,40115.2829
2026-01-14 11:00:00+00:00,40101.4828,40531.4247,40073.9804,40505.4371
2026-01-14 12:00:00+00:00,40517.6521,40544.4948,39728.6234,39745.2171
2026-01-14 13:00:00+00:00,39736.1186,39971.1679,39697.0709,39919.3096
2026-01-14 14:00:00+00:00,39911.5208,40247.3482,39744.0404,39840.5764
2026-01-14 15:00:00+00:00,39833.2472,40068.7911,39699.4985,39975.9254
2026-01-14 16:00:00+00:00,39973.3055,40076.1559,39540.6515,39884.2622
2026-01-14 17:00:00+00:00,39884.6964,40117.4124,39752.0463,39953.6137
2026-01-14 18:00:00+00:00,39938.4744,39986.1166,39393.3632,39585.7721
2026-01-14 19:00:00+00:00,39585.1799,39881.6662,39439.1357,39738.7292
2026-01-14 20:00:00+00:00,39734.4217,40388.8515,39653.7256,40209.4161
2026-01-14 21:00:00+00:00,40219.2457,40399.2706,39918.3995,40265.99
2026-01-14 22:00:00+00:00,40261.5441,40861.9512,40182.7745,40568.5171
2026-01-14 23:00:00+00:00,40561.2991,40983.7612,40361.7643,40759.9399
2026-01-15 00:00:00+00:00,40770.8308,40817.7831,40485.2319,40720.0553
2026-01-15 01:00:00+00:00,40717.7941,41605.753,40630.8408,41236.2077
2026-01-15 02:00:00+00:00,41222.3427,41290.5604,40899.5781,41074.4567
2026-01-15 03:00:00+00:00,41072.1151,41153.4843,40490.2498,40680.9467
2026-01-15 04:00:00+00:00,40680.1434,40869.1233,40339.3627,40443.2655
2026-01-15 05:00:00+00:00,40443.5791,40874.9385,40169.6208,40661.5726
2026-01-15 06:00:00+00:00,40656.9819,41244.3126,40416.9577,40953.5146
2026-01-15 07:00:00+00:00,40951.4797,41278.3089,40533.9092,41098.4202
2026-01-15 08:00:00+00:00,41105.6599,41400.1289,41003.9096,41059.1909
2026-01-15 09:00:00+00:00,41043.9712,41569.8309,40971.9907,41280.4034
2026-01-15 10:00:00+00:00,41281.9014,41300.6222,40920.6397,41060.5807
2026-01-15 11:00:00+00:00,41061.5425,41721.7289,41048.0228,41540.3983
2026-01-15 12:00:00+00:00,41540.2852,41784.8227,41388.3124,41760.3533
2026-01-15 13:00:00+00:00,41768.5204,42395.3807,41609.916,42374.066
2026-01-15 14:00:00+00:00,42370.7008,42484.8216,42190.5347,42381.6508
2026-01-15 15:00:00+00:00,42386.6112,42610.5458,42077.9153,42255.1785
2026-01-15 16:00:00+00:00,42265.626,42440.7247,42007.0351,42188.1174
2026-01-15 17:00:00+00:00,42195.2881,42375.3418,41932.7522,42148.7181
2026-01-15 18:00:00+00:00,42150.9542,42240.4594,41450.5469,41462.5215
2026-01-15 19:00:00+00:00,41465.6489,42086.2826,41204.7405,42043.6447
2026-01-15 20:00:00+00:00,42032.0028,42087.9479,41550.0441,41637.1713
2026-01-15 21:00:00+00:00,41640.0136,41698.9532,41191.5984,41317.838
2026-01-15 22:00:00+00:00,41322.4204,41556.1733,41075.219,41425.9994
2026-01-15 23:00:00+00:00,41422.835,41936.59,41394.0508,41692.418
2026-01-16 00:00:00+00:00,41695.4957,41898.4571,41463.9818,41587.8771
2026-01-16 01:00:00+00:00,41583.0684,42028.0212,41558.3529,41977.1811
2026-01-16 02:00:00+00:00,41993.2795,42355.3441,41955.6416,42102.6933
2026-01-16 03:00:00+00:00,42093.8728,42156.1002,41873.6719,41987.6666
2026-01-16 04:00:00+00:00,41980.7264,42375.0117,41944.3795,42244.666
2026-01-16 05:00:00+00:00,42245.7712,42985.9165,42245.7712,42946.4941
2026-01-16 06:00:00+00:00,42952.8762,43571.1167,42866.1968,43543.5745
2026-01-16 07:00:00+00:00,43533.57,43812.6976,43451.927,43519.4196
2026-01-16 08:00:00+00:00,43506.9067,43722.1575,43179.7625,43401.0699
2026-01-16 09:00:00+00:00,43399.5792,43450.5385,43110.4656,43306.3982
2026-01-16 10:00:00+00:00,43297.3004,43517.7746,42868.5072,42969.0681
2026-01-16 11:00:00+00:00,42980.043,43247.5965,42950.3643,43149.9541
2026-01-16 12:00:00+00:00,43143.8303,43189.1975,42718.2174,42869.3572
2026-01-16 13:00:00+00:00,42863.0182,43073.6314,42677.7486,42860.3103
2026-01-16 14:00:00+00:00,42857.6935,43043.1983,42522.2905,42771.9731
2026-01-16 15:00:00+00:00,42770.0783,42788.9122,42422.4685,42532.1681
2026-01-16 16:00:00+00:00,42542.9207,42951.9831,42366.4111,42791.992
2026-01-16 17:00:00+00:00,42773.6146,42806.9399,42064.6073,42161.8838
2026-01-16 18:00:00+00:00,42164.1138,42560.6265,42064.9455,42553.1787
2026-01-16 19:00:00+00:00,42558.095,42674.6287,42365.1633,42422.7974
2026-01-16 20:00:00+00:00,42422.114,42462.5192,41928.6079,42332.4257
2026-01-16 21:00:00+00:00,42329.0678,42711.9227,42239.8867,42483.1535
2026-01-16 22:00:00+00:00,42485.6131,42704.3716,42344.313,42573.7947
2026-01-16 23:00:00+00:00,42572.4412,42594.4409,41923.0642,42075.2364
2026-01-17 00:00:00+00:00,42087.854,42361.6098,41999.2189,42255.3339
2026-01-17 01:00:00+00:00,42252.4949,42319.086,41949.001,42195.2873
2026-01-17 02:00:00+00:00,42199.3162,42252.6999,42006.3014,42118.9576
2026-01-17 03:00:00+00:00,42125.9967,42511.69,42084.9322,42268.2509
2026-01-17 04:00:00+00:00,42274.4767,42378.7555,41917.6462,42154.6289
2026-01-17 05:00:00+00:00,42158.8335,42179.9487,41380.3513,41687.2026
2026-01-17 06:00:00+00:00,41681.8293,41799.9141,40887.8474,40902.2721
2026-01-17 07:00:00+00:00,40899.654,41352.3209,40684.3303,41352.3209
2026-01-17 08:00:00+00:00,41353.4768,41413.0948,40699.1368,40721.5382
2026-01-17 09:00:00+00:00,40710.8823,40731.558,40215.2182,40229.3567
2026-01-17 10:00:00+00:00,40227.6059,40571.9261,40084.472,40228.7272
2026-01-17 11:00:00+00:00,40235.8348,40310.0176,39667.6706,39702.7934
2026-01-17 12:00:00+00:00,39703.8894,39730.1296,39289.8747,39447.3242
2026-01-17 13:00:00+00:00,39445.5511,39596.8807,38837.46,38849.499
2026-01-17 14:00:00+00:00,38855.2588,39064.4972,38688.5183,38705.4958
2026-01-17 15:00:00+00:00,38689.3258,38970.9252,38609.0469,38640.5298
2026-01-17 16:00:00+00:00,38635.7709,39013.5538,38530.2992,38848.2979
2026-01-17 17:00:00+00:00,38840.913,39219.1905,38670.204,38747.3848
2026-01-17 18:00:00+00:00,38745.5033,39103.659,38500.7631,38540.5094
2026-01-17 19:00:00+00:00,38539.7167,38655.9098,38055.8516,38074.1695
2026-01-17 20:00:00+00:00,38073.4157,38221.1809,37884.4201,37972.2938
2026-01-17 21:00:00+00:00,37971.3797,38059.2101,37584.0387,37914.4675
2026-01-17 22:00:00+00:00,37924.5555,38123.6571,37797.8326,37872.6863
2026-01-17 23:00:00+00:00,37857.8021,38021.0379,37655.25,37780.7295
2026-01-18 00:00:00+00:00,37777.3805,37780.6766,37369.6294,37571.7432
2026-01-18 01:00:00+00:00,37570.6572,37570.6572,37142.7303,37351.8565
2026-01-18 02:00:00+00:00,37346.7108,37680.7589,37224.3119,37662.9113
2026-01-18 03:00:00+00:00,37665.8769,37766.2043,37454.6963,37522.091
2026-01-18 04:00:00+00:00,37521.7176,38121.6357,37448.602,37977.4368
2026-01-18 05:00:00+00:00,37980.7031,37993.1721,37729.939,37769.026
2026-01-18 06:00:00+00:00,37786.6729,37874.5466,37297.4226,37619.6573
2026-01-18 07:00:00+00:00,37628.5256,37631.7641,37076.9359,37394.9871
2026-01-18 08:00:00+00:00,37391.3959,37993.6234,37391.3959,37651.1451
2026-01-18 09:00:00+00:00,37649.2428,38227.7143,37612.4787,37947.2739
2026-01-18 10:00:00+00:00,37949.3431,38191.1306,37718.7632,38049.8108
2026-01-18 11:00:00+00:00,38053.9414,38233.9166,37889.8153,38052.6301
2026-01-18 12:00:00+00:00,38063.3269,38079.0275,37633.2707,37769.3943
2026-01-18 13:00:00+00:00,37770.5231,37997.5985,37673.315,37763.1175
2026-01-18 14:00:00+00:00,37771.5825,37811.1795,37268.8019,37402.4548
2026-01-18 15:00:00+00:00,37406.5322,37843.135,37255.6178,37604.5703
2026-01-18 16:00:00+00:00,37602.3359,37644.8159,37213.6937,37331.4093
2026-01-18 17:00:00+00:00,37337.0264,37602.0606,37054.2263,37547.4561
2026-01-18 18:00:00+00:00,37546.0167,37663.3387,37159.222,37264.6432
2026-01-18 19:00:00+00:00,37261.0067,37593.1859,37261.0067,37349.6221
2026-01-18 20:00:00+00:00,37344.8346,37440.987,36967.334,36990.8865
2026-01-18 21:00:00+00:00,36995.3923,37475.9981,36873.4161,37454.9964
2026-01-18 22:00:00+00:00,37459.3814,37823.2932,37433.4573,37795.2339
2026-01-18 23:00:00+00:00,37803.0532,38288.6514,37684.3512,38159.4906
2026-01-19 00:00:00+00:00,38166.5431,38209.0027,37858.3393,37999.0546
2026-01-19 01:00:00+00:00,37995.17,38431.0229,37929.3535,38194.5592
2026-01-19 02:00:00+00:00,38206.035,38631.8436,38206.035,38473.1292
2026-01-19 03:00:00+00:00,38482.6035,39016.0804,38343.4168,38868.6907
2026-01-19 04:00:00+00:00,38856.9682,38892.4672,38343.2997,38408.2978
2026-01-19 05:00:00+00:00,38423.8369,38483.4647,37838.4738,38239.1547
2026-01-19 06:00:00+00:00,38243.9421,38379.6747,38091.9467,38153.0851
2026-01-19 07:00:00+00:00,38159.9183,38697.5296,38102.1241,38540.5124
2026-01-19 08:00:00+00:00,38542.7436,38598.6021,38306.8066,38598.6021
2026-01-19 09:00:00+00:00,38603.5686,38969.9282,38525.6446,38551.9925
2026-01-19 10:00:00+00:00,38561.2101,39025.7657,38391.0803,38986.8487
2026-01-19 11:00:00+00:00,38991.5889,39416.9407,38704.3184,39359.7471
2026-01-19 12:00:00+00:00,39352.7907,39569.8737,39221.8192,39558.8236
2026-01-19 13:00:00+00:00,39554.0965,39575.6284,39255.1551,39541.7915
2026-01-19 14:00:00+00:00,39542.8181,39703.7126,39286.6838,39322.1165
2026-01-19 15:00:00+00:00,39326.5179,39326.5179,38728.1261,38729.9662
2026-01-19 16:00:00+00:00,38736.8545,39102.6791,38628.2112,38672.7611
2026-01-19 17:00:00+00:00,38685.9724,39056.4398,38582.9932,38629.1802
2026-01-19 18:00:00+00:00,38622.6111,38622.6111,38267.4179,38365.4936
2026-01-19 19:00:00+00:00,38370.9549,38707.3401,38241.9137,38292.9524
2026-01-19 20:00:00+00:00,38291.4223,38379.3358,38040.9793,38214.2121
2026-01-19 21:00:00+00:00,38211.1372,38531.1405,38097.6078,38312.4481
2026-01-19 22:00:00+00:00,38306.2247,38381.8682,38020.1297,38088.8273
2026-01-19 23:00:00+00:00,38086.1837,38415.328,37986.148,38163.6773
2026-01-20 00:00:00+00:00,38164.0121,38780.7178,38149.5544,38597.585
2026-01-20 01:00:00+00:00,38600.5225,38704.9214,38352.4272,38422.1448
2026-01-20 02:00:00+00:00,38421.2679,38498.5356,38033.7447,38301.212
2026-01-20 03:00:00+00:00,38296.2546,38363.2985,37953.9433,38153.4256
2026-01-20 04:00:00+00:00,38150.7258,39094.182,38065.1718,39064.4902
2026-01-20 05:00:00+00:00,39064.416,39268.0333,38643.7756,38755.1705
2026-01-20 06:00:00+00:00,38755.4431,38860.1958,38479.2399,38632.617
2026-01-20 07:00:00+00:00,38635.5837,38983.7874,38186.7404,38937.6207
2026-01-20 08:00:00+00:00,38936.3997,38989.9329,38292.387,38397.954
2026-01-20 09:00:00+00:00,38396.2977,38428.7504,37895.5109,38011.2412
2026-01-20 10:00:00+00:00,38019.4374,38409.8991,37843.8541,38261.924
2026-01-20 11:00:00+00:00,38255.7913,38364.3223,38068.7885,38078.778
2026-01-20 12:00:00+00:00,38074.1913,38250.7946,37910.7725,38066.2276
2026-01-20 13:00:00+00:00,38067.5806,38110.0556,37259.2877,37259.2877
2026-01-20 14:00:00+00:00,37252.606,37373.3434,36937.9928,37001.7599
2026-01-20 15:00:00+00:00,37005.0089,37008.5351,36296.21,36508.7155
2026-01-20 16:00:00+00:00,36515.7678,37045.7312,36455.9339,37019.1211
2026-01-20 17:00:00+00:00,37034.6199,37037.2632,36628.1953,36753.4608
2026-01-20 18:00:00+00:00,36755.9894,36761.5432,35958.5063,35979.2289
2026-01-20 19:00:00+00:00,35972.9922,36200.1539,35929.7319,36009.1082
2026-01-20 20:00:00+00:00,36010.2526,36050.5762,35420.7932,35451.9393
2026-01-20 21:00:00+00:00,35457.849,35743.1363,35324.4437,35723.8178
2026-01-20 22:00:00+00:00,35732.1489,35986.8147,35594.4305,35854.1009
2026-01-20 23:00:00+00:00,35852.6424,35986.877,35666.2991,35686.3712
2026-01-21 00:00:00+00:00,35681.0676,35720.9083,35148.6485,35210.6011
2026-01-21 01:00:00+00:00,35205.3758,35393.0864,34952.6281,35026.8416
2026-01-21 02:00:00+00:00,35032.6726,35421.5656,35032.6726,35301.8224
2026-01-21 03:00:00+00:00,35307.303,35323.9881,34709.6937,34809.6143
2026-01-21 04:00:00+00:00,34817.9174,34880.6027,34124.3274,34134.3223
2026-01-21 05:00:00+00:00,34130.7078,34293.2154,33786.6545,33918.6707
2026-01-21 06:00:00+00:00,33910.3208,34007.0949,33719.6589,33971.3562
2026-01-21 07:00:00+00:00,33962.8831,34095.0208,33771.6939,33778.1037
2026-01-21 08:00:00+00:00,33779.5575,33826.351,33552.933,33813.5482
2026-01-21 09:00:00+00:00,33824.3788,34121.2726,33650.5074,34024.4785
2026-01-21 10:00:00+00:00,34020.1727,34262.6874,33975.7865,34229.4293
2026-01-21 11:00:00+00:00,34219.602,34333.2926,33998.1697,34168.0956
2026-01-21 12:00:00+00:00,34164.9774,34422.2199,34056.4013,34286.6648
2026-01-21 13:00:00+00:00,34287.7447,34345.4951,34006.0134,34286.6893
2026-01-21 14:00:00+00:00,34283.0999,34481.0012,34112.4825,34376.925
2026-01-21 15:00:00+00:00,34377.954,34435.534,33748.6274,33810.6404
2026-01-21 16:00:00+00:00,33812.0273,34235.6218,33754.3958,34193.2092
2026-01-21 17:00:00+00:00,34195.1198,34255.6913,33800.7205,34086.5635
2026-01-21 18:00:00+00:00,34092.1582,34102.8599,33522.3353,33672.569
2026-01-21 19:00:00+00:00,33658.8563,33678.9157,33192.3914,33329.4537
2026-01-21 20:00:00+00:00,33322.8931,33564.0657,33090.6856,33163.1139
2026-01-21 21:00:00+00:00,33157.1723,33291.6531,33007.4972,33146.1545
2026-01-21 22:00:00+00:00,33152.1357,33267.8219,32904.0309,33237.0337
2026-01-21 23:00:00+00:00,33249.3885,33276.0738,32781.3222,32871.9556
2026-01-22 00:00:00+00:00,32869.9119,32875.7996,32340.0065,32448.5623
2026-01-22 01:00:00+00:00,32448.1984,32939.8404,32416.8639,32777.509
2026-01-22 02:00:00+00:00,32770.8064,32893.7487,32510.0276,32628.9031
2026-01-22 03:00:00+00:00,32642.7734,32793.151,32382.2717,32385.804
2026-01-22 04:00:00+00:00,32398.345,32705.0487,32263.8211,32525.4942
2026-01-22 05:00:00+00:00,32531.6454,33110.6892,32518.8673,33074.5622
2026-01-22 06:00:00+00:00,33066.8079,33159.6946,32658.8694,32716.133
2026-01-22 07:00:00+00:00,32718.154,32796.2668,32459.8989,32592.6055
2026-01-22 08:00:00+00:00,32591.3837,32923.5426,32442.0142,32571.5606
2026-01-22 09:00:00+00:00,32568.9049,32640.7915,32319.8703,32400.9424
2026-01-22 10:00:00+00:00,32398.031,32654.696,32370.6017,32649.0223
2026-01-22 11:00:00+00:00,32658.4399,33139.3152,32630.4895,33020.1021
2026-01-22 12:00:00+00:00,33013.8328,33134.7625,32773.5281,32836.9824
2026-01-22 13:00:00+00:00,32829.8944,33028.2684,32511.4185,32959.8892
2026-01-22 14:00:00+00:00,32960.1282,33108.306,32861.9019,32975.5521
2026-01-22 15:00:00+00:00,32977.1751,33090.751,32622.0341,32731.4947
2026-01-22 16:00:00+00:00,32734.1171,32769.5863,32110.3676,32162.5151
2026-01-22 17:00:00+00:00,32166.1174,32420.3509,32017.3026,32315.5683
2026-01-22 18:00:00+00:00,32329.5351,32422.0876,31997.761,32112.4899
2026-01-22 19:00:00+00:00,32111.0476,32256.5269,31804.4074,32042.3768
2026-01-22 20:00:00+00:00,32048.9572,32240.8219,31957.5244,32227.3805
2026-01-22 21:00:00+00:00,32230.7717,32230.7717,31792.3884,31910.7378
2026-01-22 22:00:00+00:00,31906.2877,31985.8136,31473.953,31952.2472
2026-01-22 23:00:00+00:00,31951.2237,32259.2946,31941.0359,32152.8369
2026-01-23 00:00:00+00:00,32147.2601,32359.9637,31780.4982,31853.5108
2026-01-23 01:00:00+00:00,31856.0905,32108.715,31699.5545,31885.4215
2026-01-23 02:00:00+00:00,31879.8753,31895.0281,31628.6308,31843.4572
2026-01-23 03:00:00+00:00,31838.2658,32006.277,31677.6288,31833.8912
2026-01-23 04:00:00+00:00,31838.9707,32038.1264,31745.8523,31814.9739
2026-01-23 05:00:00+00:00,31813.7674,31829.0959,31395.4029,31395.4029
2026-01-23 06:00:00+00:00,31388.4732,31480.6153,31224.1543,31260.683
2026-01-23 07:00:00+00:00,31266.2728,31371.906,30896.8633,30971.7414
2026-01-23 08:00:00+00:00,30965.9408,31181.4982,30872.9025,31039.6871
2026-01-23 09:00:00+00:00,31040.9924,31214.6958,30732.7851,31080.6651
2026-01-23 10:00:00+00:00,31075.6405,31158.3443,30803.8178,30846.1162
2026-01-23 11:00:00+00:00,30846.6854,31078.4869,30559.7303,30613.158
2026-01-23 12:00:00+00:00,30604.4116,30668.9909,30264.0448,30269.941
2026-01-23 13:00:00+00:00,30271.11,30367.6676,30066.8127,30117.7076
2026-01-23 14:00:00+00:00,30115.2019,30459.0866,30077.7167,30206.1584
2026-01-23 15:00:00+00:00,30206.2126,30229.7416,29910.958,30059.0301
2026-01-23 16:00:00+00:00,30051.942,30099.6315,29662.3942,29822.4233
2026-01-23 17:00:00+00:00,29818.4992,29818.4992,29387.2925,29611.2984
2026-01-23 18:00:00+00:00,29609.8954,29653.2363,29264.0672,29325.7666
2026-01-23 19:00:00+00:00,29323.4847,29437.6972,28973.3984,28994.5105
2026-01-23 20:00:00+00:00,28995.3026,29152.8694,28753.3622,28898.1277
2026-01-23 21:00:00+00:00,28903.661,29388.4693,28797.9983,29278.3066
2026-01-23 22:00:00+00:00,29277.8543,29535.5245,29147.3104,29268.2506
2026-01-23 23:00:00+00:00,29276.5839,29292.8857,29015.8377,29047.6232
2026-01-24 00:00:00+00:00,29048.2349,29372.4392,29020.0398,29338.0083
2026-01-24 01:00:00+00:00,29334.195,29691.9874,29312.9558,29605.1609
2026-01-24 02:00:00+00:00,29607.8811,29708.0232,29427.2329,29653.35
2026-01-24 03:00:00+00:00,29656.4455,29967.0503,29616.6507,29934.8665
2026-01-24 04:00:00+00:00,29936.2078,30223.5957,29903.8947,30164.7683
2026-01-24 05:00:00+00:00,30171.1952,30198.5707,29788.3808,29839.8408
2026-01-24 06:00:00+00:00,29847.9508,30020.3186,29685.9055,29790.1356
2026-01-24 07:00:00+00:00,29782.0338,30053.4604,29782.0338,29934.8633
2026-01-24 08:00:00+00:00,29933.3078,29991.9289,29634.759,29713.0057
2026-01-24 09:00:00+00:00,29712.4958,30009.1129,29499.8485,29955.8748
2026-01-24 10:00:00+00:00,29954.8865,30572.2124,29947.6942,30529.7058
2026-01-24 11:00:00+00:00,30524.9159,30668.6128,30216.758,30285.689
2026-01-24 12:00:00+00:00,30285.1322,30472.1359,30124.9098,30336.8891
2026-01-24 13:00:00+00:00,30348.5185,30891.545,30242.4908,30843.8301
2026-01-24 14:00:00+00:00,30841.2163,31244.6407,30767.7094,31139.1369
2026-01-24 15:00:00+00:00,31137.5156,31323.6951,30864.3583,31214.7237
2026-01-24 16:00:00+00:00,31211.5452,31328.2907,30884.3821,30929.5501
2026-01-24 17:00:00+00:00,30938.6033,31064.1281,30824.4314,31032.3798
2026-01-24 18:00:00+00:00,31024.9088,31342.6432,30990.306,31192.8335
2026-01-24 19:00:00+00:00,31191.6529,31276.4662,31034.9726,31230.4991
2026-01-24 20:00:00+00:00,31228.9283,31281.4035,30737.4008,30778.9782
2026-01-24 21:00:00+00:00,30773.9432,30774.3604,30266.5661,30270.7858
2026-01-24 22:00:00+00:00,30279.6163,30438.1971,30217.0716,30316.5984
2026-01-24 23:00:00+00:00,30312.4854,30368.5939,30114.2511,30270.9653
2026-01-25 00:00:00+00:00,30273.8052,30333.1885,30063.0178,30069.7629
2026-01-25 01:00:00+00:00,30065.3711,30078.8481,29878.7033,30021.8826
2026-01-25 02:00:00+00:00,30025.2494,30142.8386,29853.7146,29894.3186
2026-01-25 03:00:00+00:00,29902.7536,30167.9118,29878.5764,29971.7682
2026-01-25 04:00:00+00:00,29975.7557,30034.3998,29305.7467,29434.221
2026-01-25 05:00:00+00:00,29430.2302,29717.9408,29237.7344,29699.3013
2026-01-25 06:00:00+00:00,29695.9142,29850.8559,29371.078,29811.2333
2026-01-25 07:00:00+00:00,29814.7996,30131.3896,29669.3873,29794.1627
2026-01-25 08:00:00+00:00,29801.6907,30176.7353,29778.4434,29843.2513
2026-01-25 09:00:00+00:00,29845.9557,29870.7826,29550.4168,29643.8416
2026-01-25 10:00:00+00:00,29643.8916,29853.3917,29500.6539,29837.446
2026-01-25 11:00:00+00:00,29834.4607,30147.9624,29815.1026,30082.6402
2026-01-25 12:00:00+00:00,30084.9573,30123.9064,29864.573,29907.2948
2026-01-25 13:00:00+00:00,29904.21,29956.1084,29538.0332,29609.1839
2026-01-25 14:00:00+00:00,29620.8334,29836.9688,29550.9856,29807.3765
2026-01-25 15:00:00+00:00,29804.8269,29836.8767,29504.073,29737.2122
2026-01-25 16:00:00+00:00,29737.1967,29784.0999,29582.8534,29714.6506
2026-01-25 17:00:00+00:00,29707.2394,29752.6275,29408.3763,29445.04
2026-01-25 18:00:00+00:00,29446.0687,29485.6972,29212.8893,29251.5851
2026-01-25 19:00:00+00:00,29250.2918,29285.199,28947.3878,29063.9866
2026-01-25 20:00:00+00:00,29065.7924,29214.359,28841.7209,28925.2215
2026-01-25 21:00:00+00:00,28925.0232,28968.8988,28594.7217,28691.5638
2026-01-25 22:00:00+00:00,28695.0991,28815.8506,28483.9925,28529.2964
2026-01-25 23:00:00+00:00,28528.9701,28680.3543,28389.4757,28571.2711
2026-01-26 00:00:00+00:00,28558.0278,28615.0066,28305.0691,28542.9337
2026-01-26 01:00:00+00:00,28544.1193,28685.5267,28451.2377,28574.3326
2026-01-26 02:00:00+00:00,28569.6801,28854.3491,28544.8191,28729.0882
2026-01-26 03:00:00+00:00,28738.8181,28761.4821,28010.8319,28010.8319
2026-01-26 04:00:00+00:00,28008.4912,28222.7719,27881.4536,28194.0189
2026-01-26 05:00:00+00:00,28204.4015,28537.2848,28171.2779,28485.6732
2026-01-26 06:00:00+00:00,28478.9048,28566.5855,28320.9114,28463.5744
2026-01-26 07:00:00+00:00,28452.6469,28543.9772,28229.7397,28330.9767
2026-01-26 08:00:00+00:00,28330.6621,28635.0957,28325.1758,28474.1781
2026-01-26 09:00:00+00:00,28469.4877,28634.6415,28387.1684,28619.2921
2026-01-26 10:00:00+00:00,28612.2458,28781.8268,28318.8155,28474.6468
2026-01-26 11:00:00+00:00,28460.3263,28474.2145,28151.1592,28217.8193
2026-01-26 12:00:00+00:00,28224.6429,28320.8992,28141.5357,28203.1011
2026-01-26 13:00:00+00:00,28198.2217,28278.2082,27702.2502,27702.2502
2026-01-26 14:00:00+00:00,27698.649,27948.5412,27679.903,27923.2035
2026-01-26 15:00:00+00:00,27925.9904,28261.355,27830.4262,28256.1554
2026-01-26 16:00:00+00:00,28257.5286,28507.5638,28246.2727,28484.4482
2026-01-26 17:00:00+00:00,28478.8076,28945.6596,28449.5769,28829.9324
2026-01-26 18:00:00+00:00,28825.8159,28904.6074,28545.5138,28584.7997
2026-01-26 19:00:00+00:00,28589.0686,28641.762,28427.9187,28471.3735
2026-01-26 20:00:00+00:00,28469.2169,28501.7433,28059.0664,28152.5208
2026-01-26 21:00:00+00:00,28154.3828,28265.1372,27863.0638,27867.2937
2026-01-26 22:00:00+00:00,27865.7826,27908.3961,27649.6928,27800.066
2026-01-26 23:00:00+00:00,27798.0516,27927.924,27663.8488,27911.9928
2026-01-27 00:00:00+00:00,27916.3692,28067.2844,27748.0135,27759.5285
2026-01-27 01:00:00+00:00,27757.5766,27848.9142,27439.5726,27588.5098
2026-01-27 02:00:00+00:00,27585.3036,27764.5955,27492.8891,27541.9124
2026-01-27 03:00:00+00:00,27542.4276,27761.3971,27425.594,27733.5066
2026-01-27 04:00:00+00:00,27739.0663,27905.2816,27671.2632,27770.3057
2026-01-27 05:00:00+00:00,27772.0677,27930.355,27653.9547,27746.3554
2026-01-27 06:00:00+00:00,27751.8808,27788.8007,27466.7215,27578.7138
2026-01-27 07:00:00+00:00,27573.6301,27673.7613,27456.9242,27467.4074
2026-01-27 08:00:00+00:00,27456.7993,27491.2161,27080.0887,27211.0352
2026-01-27 09:00:00+00:00,27210.9664,27431.3535,27100.1878,27266.2178
2026-01-27 10:00:00+00:00,27261.8533,27526.454,27248.2338,27398.2951
2026-01-27 11:00:00+00:00,27395.1377,27530.0816,27292.8715,27436.5051
2026-01-27 12:00:00+00:00,27438.8697,27438.8697,26860.4483,26902.2609
2026-01-27 13:00:00+00:00,26899.3148,26938.1933,26654.8299,26724.5504
2026-01-27 14:00:00+00:00,26729.5153,26772.2722,26330.5994,26353.0208
2026-01-27 15:00:00+00:00,26361.7089,26381.1583,26080.7437,26100.6979
2026-01-27 16:00:00+00:00,26100.4295,26255.491,25823.7318,25823.7318
2026-01-27 17:00:00+00:00,25837.7213,25935.7677,25767.0228,25803.6347
2026-01-27 18:00:00+00:00,25802.2194,25956.1016,25429.5545,25431.8483
2026-01-27 19:00:00+00:00,25426.2605,25727.9254,25353.7341,25701.9723
2026-01-27 20:00:00+00:00,25699.1555,25807.248,25587.011,25600.1445
2026-01-27 21:00:00+00:00,25606.6424,26163.3428,25588.1686,26133.8637
2026-01-27 22:00:00+00:00,26133.848,26147.0564,25574.1936,25623.8356
2026-01-27 23:00:00+00:00,25631.957,25686.2484,25198.6956,25258.028
2026-01-28 00:00:00+00:00,25268.1615,25338.7792,24955.2092,25010.3708
2026-01-28 01:00:00+00:00,25009.3253,25172.2181,24897.2659,25155.7756
2026-01-28 02:00:00+00:00,25158.9426,25366.8446,24915.9527,24954.4754
2026-01-28 03:00:00+00:00,24948.9475,25030.4314,24684.8059,24768.8705
2026-01-28 04:00:00+00:00,24774.8163,24804.4593,24524.0781,24557.1849
2026-01-28 05:00:00+00:00,24553.8199,24698.6505,24377.9772,24670.1373
2026-01-28 06:00:00+00:00,24676.4309,25009.313,24613.0645,24922.9978
2026-01-28 07:00:00+00:00,24924.2282,25025.802,24734.3287,24962.0963
2026-01-28 08:00:00+00:00,24969.7269,25202.3598,24860.9727,25190.9024
2026-01-28 09:00:00+00:00,25183.428,25403.3711,25088.4484,25253.4283
2026-01-28 10:00:00+00:00,25262.088,25520.5349,25229.5322,25483.9872
2026-01-28 11:00:00+00:00,25487.7562,25857.1044,25487.7562,25783.6532
2026-01-28 12:00:00+00:00,25786.6756,25910.118,25640.7836,25890.3875
2026-01-28 13:00:00+00:00,25897.5001,25922.1025,25702.3179,25843.6954
2026-01-28 14:00:00+00:00,25844.039,26292.0729,25795.4537,26249.2801
2026-01-28 15:00:00+00:00,26248.9683,26498.3534,26230.7015,26373.0543
2026-01-28 16:00:00+00:00,26369.7875,26421.2336,26179.5092,26258.5999
2026-01-28 17:00:00+00:00,26255.9823,26407.4977,26218.4337,26231.1763
2026-01-28 18:00:00+00:00,26233.8297,26330.031,26013.9791,26186.7334
2026-01-28 19:00:00+00:00,26181.8328,26328.1405,26018.2085,26326.2666
2026-01-28 20:00:00+00:00,26326.1209,26698.849,26170.9646,26698.849
2026-01-28 21:00:00+00:00,26694.5326,26897.1456,26611.163,26747.7253
2026-01-28 22:00:00+00:00,26748.0056,26980.3874,26683.6594,26938.2229
2026-01-28 23:00:00+00:00,26943.7059,26950.5003,26712.4668,26850.081
2026-01-29 00:00:00+00:00,26839.8746,27014.2133,26733.0401,26933.4427
2026-01-29 01:00:00+00:00,26932.381,27015.4089,26786.1541,27001.0831
2026-01-29 02:00:00+00:00,27004.5936,27058.2035,26723.6733,26855.1211
2026-01-29 03:00:00+00:00,26855.8895,27064.5,26794.0089,26946.5237
2026-01-29 04:00:00+00:00,26952.1552,27171.4545,26906.0702,26980.325
2026-01-29 05:00:00+00:00,26990.3307,27056.7926,26746.5992,26933.1429
2026-01-29 06:00:00+00:00,26934.4011,27155.3746,26905.5079,27145.7217
2026-01-29 07:00:00+00:00,27143.6167,27169.7955,26747.9163,26748.9468
2026-01-29 08:00:00+00:00,26743.8595,26838.4487,26496.0443,26605.3155
2026-01-29 09:00:00+00:00,26595.2767,26726.2385,26531.8913,26662.9229
2026-01-29 10:00:00+00:00,26666.2634,26756.8323,26423.7349,26440.4219
2026-01-29 11:00:00+00:00,26445.3057,26481.421,26219.7849,26261.4901
2026-01-29 12:00:00+00:00,26261.8345,26312.0039,25987.1332,26152.5015
2026-01-29 13:00:00+00:00,26153.34,26394.579,25990.769,26363.5122
2026-01-29 14:00:00+00:00,26352.9798,26451.0262,26237.6483,26244.4155
2026-01-29 15:00:00+00:00,26242.2016,26244.6025,25745.4918,25750.6794
2026-01-29 16:00:00+00:00,25746.4102,25841.8763,25573.1732,25585.7174
2026-01-29 17:00:00+00:00,25586.0543,25605.7541,25315.816,25456.5183
2026-01-29 18:00:00+00:00,25458.4064,25591.3185,25363.7408,25380.8866
2026-01-29 19:00:00+00:00,25374.5371,25401.9224,25119.5505,25225.6256
2026-01-29 20:00:00+00:00,25225.0655,25766.8709,25165.6714,25762.8354
2026-01-29 21:00:00+00:00,25761.4382,26049.7444,25603.3009,25964.4412
2026-01-29 22:00:00+00:00,25961.0316,26102.5528,25841.2428,26064.3384
2026-01-29 23:00:00+00:00,26064.5267,26297.244,26055.2782,26210.4078
2026-01-30 00:00:00+00:00,26207.2169,26442.1298,26143.8022,26311.5982
2026-01-30 01:00:00+00:00,26303.4968,26527.9743,26273.3585,26405.5721
2026-01-30 02:00:00+00:00,26406.9963,26693.3783,26403.5833,26664.8324
2026-01-30 03:00:00+00:00,26669.6804,27007.3244,26479.2427,26984.9921
2026-01-30 04:00:00+00:00,26984.1131,27000.3467,26647.1797,26705.441
2026-01-30 05:00:00+00:00,26714.1479,26803.5333,26562.3028,26717.4069
2026-01-30 06:00:00+00:00,26712.0233,26897.9489,26649.0661,26730.8546
2026-01-30 07:00:00+00:00,26730.3446,26856.9296,26614.0222,26805.8119
2026-01-30 08:00:00+00:00,26806.8463,26973.592,26708.0238,26947.7345
2026-01-30 09:00:00+00:00,26954.0664,27365.6321,26947.2761,27208.8398
2026-01-30 10:00:00+00:00,27203.6261,27229.831,26761.6905,26772.3119
2026-01-30 11:00:00+00:00,26776.7522,26958.204,26608.8246,26898.1669
2026-01-30 12:00:00+00:00,26897.3549,26984.5589,26721.9159,26849.9182
2026-01-30 13:00:00+00:00,26840.2787,26995.5989,26722.1288,26815.9106
2026-01-30 14:00:00+00:00,26817.5818,26959.3866,26657.7406,26891.5821
2026-01-30 15:00:00+00:00,26897.1969,26942.0953,26534.7103,26755.3903
2026-01-30 16:00:00+00:00,26752.9986,26852.0308,26508.4751,26852.0308
2026-01-30 17:00:00+00:00,26849.6383,27104.6207,26764.8521,27085.9772
2026-01-30 18:00:00+00:00,27090.9425,27343.9915,26967.1533,27310.9973
2026-01-30 19:00:00+00:00,27303.9197,27352.9959,27116.526,27175.3022
2026-01-30 20:00:00+00:00,27177.3441,27391.5736,27119.2912,27276.134
2026-01-30 21:00:00+00:00,27283.3984,27284.4933,27068.2358,27096.8587
2026-01-30 22:00:00+00:00,27094.0409,27248.1886,27003.4467,27009.8951
2026-01-30 23:00:00+00:00,27005.9133,27008.5532,26586.3904,26771.4011
2026-01-31 00:00:00+00:00,26775.8119,27149.618,26774.6635,26822.5326
2026-01-31 01:00:00+00:00,26822.4067,26822.4067,26542.7561,26704.2544
2026-01-31 02:00:00+00:00,26711.7861,26713.2564,26220.3022,26272.6584
2026-01-31 03:00:00+00:00,26273.7998,26333.5413,26093.6763,26210.4301
2026-01-31 04:00:00+00:00,26210.8017,26467.065,26186.691,26393.167
2026-01-31 05:00:00+00:00,26382.9328,26475.177,26032.0784,26111.549
2026-01-31 06:00:00+00:00,26104.027,26307.8436,26098.4575,26196.5203
2026-01-31 07:00:00+00:00,26191.8243,26200.6334,25890.1849,26006.8596
2026-01-31 08:00:00+00:00,26006.3214,26189.1913,25764.2364,25874.7599
2026-01-31 09:00:00+00:00,25870.0178,26041.52,25753.7696,25917.6728
2026-01-31 10:00:00+00:00,25921.0987,25934.8453,25518.0353,25664.4097
2026-01-31 11:00:00+00:00,25663.1259,26016.7927,25640.3019,25876.0159
2026-01-31 12:00:00+00:00,25874.1355,26094.7254,25850.4803,26058.6505
2026-01-31 13:00:00+00:00,26064.8681,26188.5911,25899.0636,26005.3337
2026-01-31 14:00:00+00:00,25988.8772,26519.6703,25925.0003,26508.9508
2026-01-31 15:00:00+00:00,26505.7397,27120.2411,26424.6198,27112.2712
2026-01-31 16:00:00+00:00,27118.2265,27190.2264,26969.4454,27101.7787
2026-01-31 17:00:00+00:00,27101.7981,27502.8125,27054.7893,27260.7743
2026-01-31 18:00:00+00:00,27255.2207,27390.089,26933.5241,26960.2845
2026-01-31 19:00:00+00:00,26957.0523,27010.2429,26834.653,26969.0869
2026-01-31 20:00:00+00:00,26970.9472,27213.9201,26966.3264,27110.5535
2026-01-31 21:00:00+00:00,27109.013,27338.3982,27049.5994,27096.8153
2026-01-31 22:00:00+00:00,27096.8288,27242.9105,26968.8386,27075.298
2026-01-31 23:00:00+00:00,27073.4228,27324.313,26990.2271,27218.9682
2026-02-01 00:00:00+00:00,27224.6876,27429.7963,26980.0889,27010.7745
2026-02-01 01:00:00+00:00,27003.0999,27152.3162,26866.0256,26977.9472
2026-02-01 02:00:00+00:00,26964.6436,27030.6926,26727.89,26753.4862
2026-02-01 03:00:00+00:00,26756.8871,27131.1611,26742.7411,26862.4821
2026-02-01 04:00:00+00:00,26859.2288,27065.0571,26791.3858,26989.8308
2026-02-01 05:00:00+00:00,26992.4527,27006.3361,26606.6919,26617.4659
2026-02-01 06:00:00+00:00,26613.5978,26767.4475,26275.2685,26430.0741
2026-02-01 07:00:00+00:00,26426.162,26458.6896,26147.4703,26244.1203
2026-02-01 08:00:00+00:00,26242.4052,26244.6349,25851.4568,25986.6546
2026-02-01 09:00:00+00:00,25989.2632,26074.5167,25760.0226,26045.14
2026-02-01 10:00:00+00:00,26042.4689,26286.5156,25950.1983,26209.7258
2026-02-01 11:00:00+00:00,26216.3316,26319.224,25986.1801,26083.9927
2026-02-01 12:00:00+00:00,26076.9961,26261.8332,25826.7538,26216.6333
2026-02-01 13:00:00+00:00,26218.0597,26331.506,25919.5152,26266.3
2026-02-01 14:00:00+00:00,26272.1503,26367.0026,26096.4518,26226.3341
2026-02-01 15:00:00+00:00,26224.258,26353.8578,26139.032,26161.0422
2026-02-01 16:00:00+00:00,26157.2212,26702.8972,26111.7572,26588.2349
2026-02-01 17:00:00+00:00,26605.1132,27010.9898,26507.156,26904.2272
2026-02-01 18:00:00+00:00,26914.7151,27196.9765,26817.5906,27174.1843
2026-02-01 19:00:00+00:00,27175.3718,27375.3476,27142.2121,27199.8323
2026-02-01 20:00:00+00:00,27203.4658,27364.3639,26916.2062,26973.5634
2026-02-01 21:00:00+00:00,26979.4344,27444.3169,26955.2893,27414.9248
2026-02-01 22:00:00+00:00,27414.0807,27501.3118,27220.6653,27298.997
2026-02-01 23:00:00+00:00,27297.9001,27336.7198,26871.539,26888.3626
2026-02-02 00:00:00+00:00,26894.7702,26972.3701,26807.0714,26899.4615
2026-02-02 01:00:00+00:00,26889.9168,27277.84,26832.338,27191.2135
2026-02-02 02:00:00+00:00,27185.5808,27822.4769,27132.5275,27810.0607
2026-02-02 03:00:00+00:00,27816.2707,27910.7939,27617.4615,27701.6219
2026-02-02 04:00:00+00:00,27700.4943,27722.9412,27222.4421,27347.9036
2026-02-02 05:00:00+00:00,27344.5952,27493.9383,27285.5495,27493.9383
2026-02-02 06:00:00+00:00,27500.6737,27535.2208,27296.1855,27486.3496
2026-02-02 07:00:00+00:00,27485.1824,27682.6256,27331.5874,27443.7762
2026-02-02 08:00:00+00:00,27447.3271,27557.52,27198.1764,27376.1997
2026-02-02 09:00:00+00:00,27370.8941,27407.8151,27064.2993,27108.0552
2026-02-02 10:00:00+00:00,27109.0802,27309.9993,26976.796,27272.227
2026-02-02 11:00:00+00:00,27271.7673,27281.1501,27032.1352,27143.4782
2026-02-02 12:00:00+00:00,27135.8462,27262.9175,26893.8802,26904.0645
2026-02-02 13:00:00+00:00,26897.6401,27171.9711,26862.5259,26936.6394
2026-02-02 14:00:00+00:00,26936.4665,27358.4916,26933.8637,27232.1787
2026-02-02 15:00:00+00:00,27229.0343,27254.462,27022.4736,27027.9695
2026-02-02 16:00:00+00:00,27020.2487,27053.9533,26861.9008,26958.2645
2026-02-02 17:00:00+00:00,26948.9012,27001.9556,26730.0658,26815.6474
2026-02-02 18:00:00+00:00,26802.9808,27139.453,26773.0758,26865.1691
2026-02-02 19:00:00+00:00,26867.7834,27385.6279,26811.3364,27371.2601
2026-02-02 20:00:00+00:00,27363.6896,27574.8464,27280.3081,27462.0819
2026-02-02 21:00:00+00:00,27464.5248,27829.5093,27455.1108,27816.3891
2026-02-02 22:00:00+00:00,27815.2246,27830.3967,27633.0881,27734.2681
2026-02-02 23:00:00+00:00,27721.8088,27789.6785,27307.5216,27540.7531
2026-02-03 00:00:00+00:00,27541.1437,27547.954,27240.2578,27389.1358
2026-02-03 01:00:00+00:00,27391.6001,27556.1816,27340.3987,27340.3987
2026-02-03 02:00:00+00:00,27340.6096,27397.9205,27122.6712,27236.3797
2026-02-03 03:00:00+00:00,27233.1614,27429.502,27001.6997,27303.6026
2026-02-03 04:00:00+00:00,27295.6828,27370.1639,27171.858,27269.1591
2026-02-03 05:00:00+00:00,27262.2356,27658.8433,27233.8858,27568.8724
2026-02-03 06:00:00+00:00,27566.2642,27746.6009,27492.1214,27637.7886
2026-02-03 07:00:00+00:00,27622.9272,27836.4064,27476.0557,27828.5667
2026-02-03 08:00:00+00:00,27829.17,28195.6468,27795.0262,27941.9373
2026-02-03 09:00:00+00:00,27942.0059,28193.2982,27821.6739,28191.177
2026-02-03 10:00:00+00:00,28196.0937,28311.393,28010.2609,28032.7817
2026-02-03 11:00:00+00:00,28033.7676,28143.4386,27845.2098,28083.5962
2026-02-03 12:00:00+00:00,28072.7619,28219.2221,27920.1851,28192.2044
2026-02-03 13:00:00+00:00,28188.0721,28428.9839,28152.866,28263.8177
2026-02-03 14:00:00+00:00,28263.1926,28711.1078,28247.0269,28707.9296
2026-02-03 15:00:00+00:00,28711.319,28724.4208,28301.6921,28350.7824
2026-02-03 16:00:00+00:00,28346.7413,28415.1679,28260.6847,28370.9497
2026-02-03 17:00:00+00:00,28370.5658,28550.12,28205.9204,28242.5628
2026-02-03 18:00:00+00:00,28239.5982,28239.5982,27976.7346,28056.8648
2026-02-03 19:00:00+00:00,28059.9732,28401.0169,28049.7826,28356.4904
2026-02-03 20:00:00+00:00,28354.2217,28390.3738,27989.0953,28100.6013
2026-02-03 21:00:00+00:00,28103.709,28597.4759,28073.2488,28544.6997
2026-02-03 22:00:00+00:00,28542.785,28718.2799,28467.6871,28684.3062
2026-02-03 23:00:00+00:00,28683.451,28829.043,28565.2236,28763.5376
2026-02-04 00:00:00+00:00,28760.7722,28890.2864,28246.7326,28249.1208
2026-02-04 01:00:00+00:00,28250.0575,28722.7474,28201.7496,28692.9658
2026-02-04 02:00:00+00:00,28684.9149,28774.2397,28518.0203,28585.118
2026-02-04 03:00:00+00:00,28595.072,28788.2923,28303.9289,28509.4009
2026-02-04 04:00:00+00:00,28503.7256,28603.6717,28387.4795,28546.1552
2026-02-04 05:00:00+00:00,28544.312,28565.6599,28162.5961,28369.8606
2026-02-04 06:00:00+00:00,28368.9765,28378.9115,28045.23,28109.2555
2026-02-04 07:00:00+00:00,28109.0126,28426.6454,28059.295,28263.4067
2026-02-04 08:00:00+00:00,28271.1525,28348.4004,28152.9438,28301.7955
2026-02-04 09:00:00+00:00,28304.9625,28466.617,28239.5243,28327.4249
2026-02-04 10:00:00+00:00,28326.4253,28746.1027,28326.4253,28600.0785
2026-02-04 11:00:00+00:00,28596.3105,28653.7337,28284.4745,28477.1434
2026-02-04 12:00:00+00:00,28479.1098,28704.9576,28340.8594,28409.1829
2026-02-04 13:00:00+00:00,28417.758,28434.9767,28154.8754,28368.7938
2026-02-04 14:00:00+00:00,28362.3021,28389.3478,28053.1555,28374.6734
2026-02-04 15:00:00+00:00,28364.7475,28490.2065,28287.546,28357.2114
2026-02-04 16:00:00+00:00,28356.7416,28424.5212,27768.1617,27812.3865
2026-02-04 17:00:00+00:00,27806.6646,27821.9425,27465.0292,27613.6185
2026-02-04 18:00:00+00:00,27621.294,27655.5971,27396.8224,27511.2164
2026-02-04 19:00:00+00:00,27500.5504,27589.3622,27215.695,27352.2625
2026-02-04 20:00:00+00:00,27350.9086,27586.9894,27320.1416,27461.0389
2026-02-04 21:00:00+00:00,27457.928,27670.7745,27348.0827,27432.1274
2026-02-04 22:00:00+00:00,27440.1317,27638.1403,27327.0573,27634.1381
2026-02-04 23:00:00+00:00,27642.4817,27781.381,27509.6303,27509.6303
2026-02-05 00:00:00+00:00,27512.595,27598.6461,27331.4762,27479.965
2026-02-05 01:00:00+00:00,27481.2684,27552.8649,27292.2106,27494.5596
2026-02-05 02:00:00+00:00,27492.2659,27638.3345,27353.7383,27485.6708
2026-02-05 03:00:00+00:00,27489.6621,27562.2029,27180.7567,27330.6124
2026-02-05 04:00:00+00:00,27338.2601,27536.3519,27295.4032,27505.9864
2026-02-05 05:00:00+00:00,27500.7966,27744.0638,27448.397,27704.4686
2026-02-05 06:00:00+00:00,27707.7398,27883.5371,27607.8069,27685.497
2026-02-05 07:00:00+00:00,27688.7969,27790.3672,27596.0054,27767.8517
2026-02-05 08:00:00+00:00,27770.4385,27798.5154,27523.9487,27638.2601
2026-02-05 09:00:00+00:00,27635.9959,27638.2537,27115.1656,27332.4028
2026-02-05 10:00:00+00:00,27331.9184,27379.0516,27145.9583,27168.6559
2026-02-05 11:00:00+00:00,27174.9613,27217.3097,26909.257,26943.2965
2026-02-05 12:00:00+00:00,26944.9774,26984.4185,26735.7597,26807.6362
2026-02-05 13:00:00+00:00,26803.951,27014.5784,26779.2919,26788.4039
2026-02-05 14:00:00+00:00,26789.869,26922.9805,26579.0936,26615.1409
2026-02-05 15:00:00+00:00,26617.6635,26703.8672,26388.2415,26411.072
2026-02-05 16:00:00+00:00,26406.6954,26755.7311,26351.4165,26637.7633
2026-02-05 17:00:00+00:00,26638.8611,26732.0077,26352.0237,26396.6783
2026-02-05 18:00:00+00:00,26393.3479,26666.7417,26381.6616,26623.372
2026-02-05 19:00:00+00:00,26616.4267,26747.763,26492.9683,26549.4468
2026-02-05 20:00:00+00:00,26547.5816,26591.541,26443.4854,26547.6543
2026-02-05 21:00:00+00:00,26538.0593,26564.5017,26219.1736,26452.5332
2026-02-05 22:00:00+00:00,26448.8859,26694.9344,26413.603,26544.518
2026-02-05 23:00:00+00:00,26550.7756,26817.9365,26521.8829,26764.2903
2026-02-06 00:00:00+00:00,26765.394,27028.1814,26709.331,26781.3101
2026-02-06 01:00:00+00:00,26785.5774,27063.2751,26703.8536,27044.7957
2026-02-06 02:00:00+00:00,27040.7089,27130.0963,26767.9017,26849.8884
2026-02-06 03:00:00+00:00,26866.7768,27088.1641,26744.4298,27000.5738
2026-02-06 04:00:00+00:00,27003.0212,27142.19,26618.2426,26641.6911
2026-02-06 05:00:00+00:00,26640.813,27025.6221,26593.1847,26971.0442
2026-02-06 06:00:00+00:00,26979.5835,27063.7492,26722.5349,26850.0056
2026-02-06 07:00:00+00:00,26850.8076,27312.4249,26825.7654,27167.858
2026-02-06 08:00:00+00:00,27166.7534,27335.4919,27043.1293,27178.0177
2026-02-06 09:00:00+00:00,27176.6191,27237.8121,26936.0483,27004.4132
2026-02-06 10:00:00+00:00,27005.2461,27062.3989,26838.8794,26990.2029
2026-02-06 11:00:00+00:00,26992.2329,27130.9207,26895.4642,26950.6876
2026-02-06 12:00:00+00:00,26946.7856,27180.6185,26914.3183,27112.5364
2026-02-06 13:00:00+00:00,27105.898,27286.1443,26836.7644,26953.417
2026-02-06 14:00:00+00:00,26951.2423,27173.4151,26891.6999,27074.9728
2026-02-06 15:00:00+00:00,27071.0105,27123.7414,26811.0349,27038.8445
2026-02-06 16:00:00+00:00,27039.352,27207.5913,26902.3401,27191.6091
2026-02-06 17:00:00+00:00,27187.1759,27299.3322,27045.7323,27279.482
2026-02-06 18:00:00+00:00,27278.6567,27382.0767,26983.3216,27256.8056
2026-02-06 19:00:00+00:00,27264.5339,27306.4778,27016.1413,27124.0447
2026-02-06 20:00:00+00:00,27126.5178,27436.8246,27077.3672,27321.646
2026-02-06 21:00:00+00:00,27323.5959,27418.7032,27202.3296,27338.2484
2026-02-06 22:00:00+00:00,27333.7775,27465.2085,27203.5877,27387.8321
2026-02-06 23:00:00+00:00,27381.8943,27589.6776,27297.8671,27420.5477
2026-02-07 00:00:00+00:00,27420.6112,27498.0166,27313.6627,27402.6964
2026-02-07 01:00:00+00:00,27396.8,27420.6028,27182.6316,27323.0232
2026-02-07 02:00:00+00:00,27327.7333,27556.9434,27227.7677,27267.1637
2026-02-07 03:00:00+00:00,27266.9579,27715.1178,27232.3981,27704.0275
2026-02-07 04:00:00+00:00,27704.0924,27877.5398,27646.4521,27840.1265
2026-02-07 05:00:00+00:00,27839.7325,27896.815,27655.4757,27679.6538
2026-02-07 06:00:00+00:00,27684.5121,27974.8846,27608.6169,27782.949
2026-02-07 07:00:00+00:00,27784.9071,27918.488,27529.9785,27680.3334
2026-02-07 08:00:00+00:00,27667.8194,27668.8632,27313.6863,27429.3233
2026-02-07 09:00:00+00:00,27434.0511,27501.4967,27037.645,27070.4098
2026-02-07 10:00:00+00:00,27066.1909,27277.3551,27008.4347,27097.9148
2026-02-07 11:00:00+00:00,27096.4894,27282.4809,27090.0852,27180.805
2026-02-07 12:00:00+00:00,27178.43,27310.2357,27093.9519,27191.9031
2026-02-07 13:00:00+00:00,27181.3475,27637.6703,27124.9266,27596.6653
2026-02-07 14:00:00+00:00,27599.2438,27671.2652,27334.3678,27404.1738
2026-02-07 15:00:00+00:00,27407.7987,27537.1502,26918.9413,26923.1108
2026-02-07 16:00:00+00:00,26922.368,27194.3341,26898.688,27045.2973
2026-02-07 17:00:00+00:00,27054.9665,27155.7554,26849.3204,26976.603
2026-02-07 18:00:00+00:00,26981.3417,27225.9355,26887.3673,27102.7101
2026-02-07 19:00:00+00:00,27101.1055,27149.4649,26738.0452,26809.7184
2026-02-07 20:00:00+00:00,26807.7814,26826.2584,26153.6483,26283.1966
2026-02-07 21:00:00+00:00,26280.6462,26306.6751,26050.3728,26125.9336
2026-02-07 22:00:00+00:00,26119.3163,26328.1134,25987.2315,26178.6266
2026-02-07 23:00:00+00:00,26171.7132,26298.9779,26063.1817,26185.2468
2026-02-08 00:00:00+00:00,26183.0492,26314.0057,26015.327,26158.8063
2026-02-08 01:00:00+00:00,26156.1918,26356.6988,26111.3509,26219.818
2026-02-08 02:00:00+00:00,26219.6429,26228.4509,25743.0863,25777.9869
2026-02-08 03:00:00+00:00,25781.6333,25894.6067,25470.8196,25500.9329
2026-02-08 04:00:00+00:00,25505.4911,25751.5229,25505.4911,25521.8644
2026-02-08 05:00:00+00:00,25518.589,25675.5347,25431.5577,25500.9568
2026-02-08 06:00:00+00:00,25507.8658,25651.1955,25446.657,25614.1697
2026-02-08 07:00:00+00:00,25606.0161,25899.7293,25574.4577,25883.2551
2026-02-08 08:00:00+00:00,25876.2289,26010.1785,25777.8457,25803.6902
2026-02-08 09:00:00+00:00,25804.0044,25944.4215,25761.4139,25828.0548
2026-02-08 10:00:00+00:00,25841.0403,26098.1051,25752.4272,26098.1051
2026-02-08 11:00:00+00:00,26092.1158,26235.2258,26012.7817,26120.695
2026-02-08 12:00:00+00:00,26121.838,26358.6135,26010.84,26334.975
2026-02-08 13:00:00+00:00,26331.1414,26519.6126,26318.9461,26454.2528
2026-02-08 14:00:00+00:00,26455.5758,26543.0648,26123.6302,26168.8282
2026-02-08 15:00:00+00:00,26168.4729,26510.1029,26114.4702,26403.9874
2026-02-08 16:00:00+00:00,26402.9405,26674.5372,26378.2226,26477.1669
2026-02-08 17:00:00+00:00,26468.6931,26533.4753,26311.2583,26356.0878
2026-02-08 18:00:00+00:00,26356.926,26607.5928,26295.3382,26499.8264
2026-02-08 19:00:00+00:00,26501.0517,26584.9986,26342.3709,26519.9841
2026-02-08 20:00:00+00:00,26527.3431,26606.9548,26353.8568,26466.6364
2026-02-08 21:00:00+00:00,26476.5883,26642.6773,26429.2669,26551.097
2026-02-08 22:00:00+00:00,26551.6298,26755.3109,26512.439,26664.0069
2026-02-08 23:00:00+00:00,26661.8088,26978.8433,26585.6655,26625.6571
2026-02-09 00:00:00+00:00,26626.7623,26820.8812,26554.7146,26814.2683
2026-02-09 01:00:00+00:00,26807.3444,26989.8385,26670.7023,26924.947
2026-02-09 02:00:00+00:00,26924.1497,26934.6659,26673.4068,26795.8065
2026-02-09 03:00:00+00:00,26795.1692,27130.5424,26778.5512,26851.148
2026-02-09 04:00:00+00:00,26859.3703,27035.0857,26726.7818,26756.8971
2026-02-09 05:00:00+00:00,26760.0213,26898.3701,26436.8931,26458.7595
2026-02-09 06:00:00+00:00,26456.3571,26564.2006,26200.0092,26304.6848
2026-02-09 07:00:00+00:00,26309.3558,26853.3693,26241.5967,26794.3374
2026-02-09 08:00:00+00:00,26799.4815,27209.0624,26753.7341,27187.9611
2026-02-09 09:00:00+00:00,27187.1719,27408.0143,26962.5666,27024.2065
2026-02-09 10:00:00+00:00,27022.8477,27231.3482,27003.1559,27037.1298
2026-02-09 11:00:00+00:00,27032.5458,27180.0939,26830.6807,27150.2563
2026-02-09 12:00:00+00:00,27144.8135,27411.3734,27069.7425,27109.9049
2026-02-09 13:00:00+00:00,27099.5779,27250.3172,26988.5816,27060.7244
2026-02-09 14:00:00+00:00,27062.1676,27221.5114,26613.6209,26613.6209
2026-02-09 15:00:00+00:00,26614.9641,26890.3645,26611.0033,26828.7574
2026-02-09 16:00:00+00:00,26830.6478,27094.4261,26729.5151,26977.9087
2026-02-09 17:00:00+00:00,26970.9959,27191.2461,26770.3924,26889.4303
2026-02-09 18:00:00+00:00,26895.3952,26904.6673,26593.4635,26666.8073
2026-02-09 19:00:00+00:00,26672.2924,26695.8528,26416.9687,26641.3943
2026-02-09 20:00:00+00:00,26649.2609,26762.402,26446.5024,26762.402
2026-02-09 21:00:00+00:00,26765.9303,27009.5933,26756.4111,26806.8559
2026-02-09 22:00:00+00:00,26813.5026,27076.0441,26726.6311,26730.3084
2026-02-09 23:00:00+00:00,26732.9337,27216.4007,26686.6292,26986.7218
2026-02-10 00:00:00+00:00,26984.0002,27077.8344,26819.6413,26886.0305
2026-02-10 01:00:00+00:00,26885.8103,27000.3858,26384.7078,26464.3338
2026-02-10 02:00:00+00:00,26465.5532,26775.2167,26221.4699,26654.7471
2026-02-10 03:00:00+00:00,26664.3134,26847.7882,26583.4296,26607.3498
2026-02-10 04:00:00+00:00,26595.2343,26736.7928,26482.6451,26711.925
2026-02-10 05:00:00+00:00,26709.7752,27031.5639,26674.871,26854.3732
2026-02-10 06:00:00+00:00,26854.989,26904.7328,26362.0919,26404.774
2026-02-10 07:00:00+00:00,26399.5966,26622.836,26372.8497,26504.3378
2026-02-10 08:00:00+00:00,26509.0079,26635.8376,26268.5556,26608.2331
2026-02-10 09:00:00+00:00,26610.0368,26718.8667,26206.7309,26386.0878
2026-02-10 10:00:00+00:00,26390.8905,26474.5375,26195.9056,26349.9509
2026-02-10 11:00:00+00:00,26357.1324,26438.7457,26128.4119,26252.2703
2026-02-10 12:00:00+00:00,26248.6241,26248.6241,25864.8543,25935.9264
2026-02-10 13:00:00+00:00,25942.1402,26131.3494,25747.2666,25776.2109
2026-02-10 14:00:00+00:00,25782.3849,26157.2238,25781.6222,25950.9336
2026-02-10 15:00:00+00:00,25950.1482,26331.4304,25946.1771,26118.671
2026-02-10 16:00:00+00:00,26115.7046,26175.8636,25851.7726,25864.0232
2026-02-10 17:00:00+00:00,25859.912,26356.1176,25836.0074,26301.5044
2026-02-10 18:00:00+00:00,26305.3608,26538.6195,26094.0184,26482.4079
2026-02-10 19:00:00+00:00,26485.7262,26676.9565,26097.7668,26230.1027
2026-02-10 20:00:00+00:00,26231.6451,26520.8746,25879.1273,25919.2193
2026-02-10 21:00:00+00:00,25911.8605,25944.9572,25449.8108,25575.3769
2026-02-10 22:00:00+00:00,25580.1977,25703.9473,25538.2265,25551.3695
2026-02-10 23:00:00+00:00,25556.1909,25644.3116,25453.1849,25457.8329
2026-02-11 00:00:00+00:00,25459.0518,25646.1806,25348.6287,25593.0752
2026-02-11 01:00:00+00:00,25590.2782,25720.58,25520.4115,25593.6198
2026-02-11 02:00:00+00:00,25598.1027,25785.5529,25400.6538,25663.2307
2026-02-11 03:00:00+00:00,25659.2907,25732.1836,25387.3049,25387.3049
2026-02-11 04:00:00+00:00,25397.3704,25454.0727,25275.948,25308.4106
2026-02-11 05:00:00+00:00,25293.4922,25345.6428,25063.3109,25249.1329
2026-02-11 06:00:00+00:00,25257.9683,25655.2508,25226.6263,25450.9031
2026-02-11 07:00:00+00:00,25448.982,25495.7334,24975.9013,25011.2814
2026-02-11 08:00:00+00:00,25005.5968,25049.6519,24810.9242,25014.0371
2026-02-11 09:00:00+00:00,25012.715,25048.2205,24797.7533,24949.8084
2026-02-11 10:00:00+00:00,24942.8397,25371.6397,24923.9839,25335.7515
2026-02-11 11:00:00+00:00,25329.2684,25498.9525,25189.3147,25232.8474
2026-02-11 12:00:00+00:00,25227.5225,25423.8814,25177.9548,25371.6685
2026-02-11 13:00:00+00:00,25371.5889,25496.7729,25218.491,25488.0044
2026-02-11 14:00:00+00:00,25490.6274,25832.3829,25465.4741,25738.2186
2026-02-11 15:00:00+00:00,25731.5818,25883.0488,25591.1211,25660.7488
2026-02-11 16:00:00+00:00,25655.0826,25689.8706,25395.5517,25515.4237
2026-02-11 17:00:00+00:00,25512.8504,25920.1365,25473.6569,25886.6312
2026-02-11 18:00:00+00:00,25882.1166,25885.2369,25612.7395,25621.5534
2026-02-11 19:00:00+00:00,25623.9152,25891.5731,25609.099,25753.4621
2026-02-11 20:00:00+00:00,25754.8987,25774.7796,25373.9739,25539.5518
2026-02-11 21:00:00+00:00,25536.4862,25717.6636,25524.0229,25714.4547
2026-02-11 22:00:00+00:00,25713.9038,26009.8962,25609.4155,25715.3243
2026-02-11 23:00:00+00:00,25717.7884,25746.1376,25469.8891,25648.4816
2026-02-12 00:00:00+00:00,25646.8614,25810.4562,25414.8416,25418.0729
2026-02-12 01:00:00+00:00,25424.3562,25651.3438,25366.1374,25646.3786
2026-02-12 02:00:00+00:00,25641.9336,25999.1337,25636.9056,25829.7832
2026-02-12 03:00:00+00:00,25830.7486,26194.9299,25759.5304,26128.3844
2026-02-12 04:00:00+00:00,26132.4888,26207.2746,25909.5567,25929.0155
2026-02-12 05:00:00+00:00,25928.7213,26174.3525,25896.1369,26131.6892
2026-02-12 06:00:00+00:00,26135.7336,26555.9448,26135.7336,26360.6396
2026-02-12 07:00:00+00:00,26360.6279,26630.4362,26268.1649,26506.1883
2026-02-12 08:00:00+00:00,26499.6897,26716.7141,26372.1824,26495.6109
2026-02-12 09:00:00+00:00,26491.2268,26578.3151,26307.1913,26484.5858
2026-02-12 10:00:00+00:00,26489.0281,26815.0333,26489.0281,26801.5169
2026-02-12 11:00:00+00:00,26804.8595,26814.7999,26372.5264,26385.2148
2026-02-12 12:00:00+00:00,26370.1678,26440.164,26187.9427,26240.0153
2026-02-12 13:00:00+00:00,26242.1326,26395.2188,26184.6329,26186.5141
2026-02-12 14:00:00+00:00,26184.5205,26225.1561,26049.2551,26130.4604
2026-02-12 15:00:00+00:00,26133.182,26184.0035,25772.2845,25799.2523
2026-02-12 16:00:00+00:00,25800.6428,25893.9419,25632.8756,25711.6242
2026-02-12 17:00:00+00:00,25714.5893,26065.4134,25626.2823,25996.8546
2026-02-12 18:00:00+00:00,25998.9457,26086.7146,25721.0241,25941.7283
2026-02-12 19:00:00+00:00,25945.1561,26240.7446,25937.004,26209.0353
2026-02-12 20:00:00+00:00,26209.3943,26256.1457,26069.0128,26167.1889
2026-02-12 21:00:00+00:00,26173.916,26176.8528,25841.9752,25927.7318
2026-02-12 22:00:00+00:00,25922.57,26003.6675,25764.9016,25775.3778
2026-02-12 23:00:00+00:00,25779.8379,25871.4495,25630.7261,25867.2391
2026-02-13 00:00:00+00:00,25857.9549,25943.4632,25743.2718,25776.8489
2026-02-13 01:00:00+00:00,25769.47,26013.6181,25726.2234,25967.2196
2026-02-13 02:00:00+00:00,25965.3387,26065.4474,25756.0319,26040.9926
2026-02-13 03:00:00+00:00,26044.4432,26156.3377,25920.5651,26051.5878
2026-02-13 04:00:00+00:00,26051.2131,26108.051,25851.4619,25994.7618
2026-02-13 05:00:00+00:00,26000.0399,26241.5574,25981.7963,26044.5533
2026-02-13 06:00:00+00:00,26048.1335,26106.2122,25707.3839,25828.1033
2026-02-13 07:00:00+00:00,25829.3034,26145.4499,25785.3913,26051.5035
2026-02-13 08:00:00+00:00,26051.4656,26278.3856,25977.5587,26096.55
2026-02-13 09:00:00+00:00,26095.8051,26119.3704,25847.6274,25878.6643
2026-02-13 10:00:00+00:00,25879.9669,26015.4893,25731.036,25968.7974
2026-02-13 11:00:00+00:00,25974.3269,26094.9019,25851.8495,25865.8001
2026-02-13 12:00:00+00:00,25867.3879,26283.169,25847.5533,26146.3242
2026-02-13 13:00:00+00:00,26150.5957,26342.6005,26111.037,26327.7831
2026-02-13 14:00:00+00:00,26319.4927,26328.014,25902.2716,25997.8651
2026-02-13 15:00:00+00:00,25991.6418,26503.229,25990.3572,26116.3765
2026-02-13 16:00:00+00:00,26124.8086,26350.3196,26027.0899,26347.6291
2026-02-13 17:00:00+00:00,26345.4852,26454.8636,26252.8817,26397.9386
2026-02-13 18:00:00+00:00,26406.4551,26801.9177,26406.4551,26771.7044
2026-02-13 19:00:00+00:00,26770.5318,27028.3982,26746.8965,26888.8643
2026-02-13 20:00:00+00:00,26885.4834,26947.3252,26671.8824,26690.0649
2026-02-13 21:00:00+00:00,26686.4724,26696.7613,26376.2928,26396.2176
2026-02-13 22:00:00+00:00,26397.9181,26619.0876,26310.3244,26463.1598
2026-02-13 23:00:00+00:00,26471.3132,26750.0652,26435.2704,26739.094
2026-02-14 00:00:00+00:00,26749.2371,26812.6474,26570.5709,26634.7602
2026-02-14 01:00:00+00:00,26635.416,26635.7759,25949.3054,26140.4116
2026-02-14 02:00:00+00:00,26136.2695,26456.6631,26094.8868,26361.3776
2026-02-14 03:00:00+00:00,26356.5086,26585.8868,26294.8024,26319.8348
2026-02-14 04:00:00+00:00,26324.6538,26572.8332,26262.1746,26463.607
2026-02-14 05:00:00+00:00,26460.8759,26721.0308,26408.9599,26714.764
2026-02-14 06:00:00+00:00,26717.6667,26806.0599,26408.9286,26469.0762
2026-02-14 07:00:00+00:00,26470.2642,26715.7917,26392.241,26689.9546
2026-02-14 08:00:00+00:00,26700.7554,26868.9977,26543.4709,26598.3117
2026-02-14 09:00:00+00:00,26605.8054,26896.954,26605.8054,26801.1309
2026-02-14 10:00:00+00:00,26803.6836,27081.0253,26715.8802,27080.8432
2026-02-14 11:00:00+00:00,27086.559,27547.183,27083.8138,27488.8163
2026-02-14 12:00:00+00:00,27485.6879,27585.9755,27291.9295,27310.3321
2026-02-14 13:00:00+00:00,27312.0121,27476.6646,27136.3906,27476.6414
2026-02-14 14:00:00+00:00,27480.7019,27567.6359,27267.5375,27403.7341
2026-02-14 15:00:00+00:00,27394.2141,27509.514,27307.9747,27504.7165
2026-02-14 16:00:00+00:00,27503.0577,27598.4753,27145.8791,27185.1298
2026-02-14 17:00:00+00:00,27187.5904,27485.1559,27039.3001,27404.974
2026-02-14 18:00:00+00:00,27403.5405,27589.4041,27308.1554,27477.6221
2026-02-14 19:00:00+00:00,27473.4848,27603.6395,27261.6376,27275.1989
2026-02-14 20:00:00+00:00,27269.541,27315.2934,27026.334,27084.4973
2026-02-14 21:00:00+00:00,27094.2499,27481.8126,27065.7644,27339.46
2026-02-14 22:00:00+00:00,27349.741,27400.4926,26669.4041,26789.7867
2026-02-14 23:00:00+00:00,26795.8113,26876.8753,26643.8364,26710.3872
2026-02-15 00:00:00+00:00,26711.1133,26727.5323,26458.8624,26544.6791
2026-02-15 01:00:00+00:00,26549.1336,26676.6836,26472.2529,26532.6483
2026-02-15 02:00:00+00:00,26529.1381,26727.3418,26483.1322,26533.7687
2026-02-15 03:00:00+00:00,26532.8787,26618.8689,26152.8826,26363.0427
2026-02-15 04:00:00+00:00,26364.8156,26371.2166,26100.7852,26337.5892
2026-02-15 05:00:00+00:00,26336.0833,26357.196,26025.0725,26314.9855
2026-02-15 06:00:00+00:00,26306.8619,26326.7375,25960.2343,26262.6188
2026-02-15 07:00:00+00:00,26270.5398,26457.8465,26249.9806,26382.2611
2026-02-15 08:00:00+00:00,26386.6533,26767.4581,26386.6533,26717.6874
2026-02-15 09:00:00+00:00,26714.2655,26758.2832,26507.7094,26622.9326
2026-02-15 10:00:00+00:00,26626.1719,26928.0135,26606.4239,26866.9921
2026-02-15 11:00:00+00:00,26860.3342,26903.559,26564.5319,26600.3359
2026-02-15 12:00:00+00:00,26599.646,26792.4566,26485.185,26792.4566
2026-02-15 13:00:00+00:00,26787.4974,26900.0821,26577.3447,26772.25
2026-02-15 14:00:00+00:00,26776.9638,26849.8091,26580.2354,26849.8091
2026-02-15 15:00:00+00:00,26842.0999,26982.1734,26596.6402,26596.6402
2026-02-15 16:00:00+00:00,26595.1257,26650.0653,26264.1976,26337.1727
2026-02-15 17:00:00+00:00,26340.8877,26668.0121,26261.7515,26568.5892
2026-02-15 18:00:00+00:00,26574.8922,26798.4252,26509.3168,26586.652
2026-02-15 19:00:00+00:00,26577.098,26788.4592,26543.6112,26784.0023
2026-02-15 20:00:00+00:00,26784.6418,27038.5589,26757.0759,27012.1499
2026-02-15 21:00:00+00:00,27007.0304,27244.0138,26884.1292,27132.1391
2026-02-15 22:00:00+00:00,27133.0154,27199.569,26691.8585,26856.297
2026-02-15 23:00:00+00:00,26857.299,26916.2558,26375.8299,26453.0803
2026-02-16 00:00:00+00:00,26462.4115,26708.8316,26380.2421,26534.1089
2026-02-16 01:00:00+00:00,26538.3936,26660.1832,26379.6524,26625.3094
2026-02-16 02:00:00+00:00,26629.4823,27016.2703,26527.6305,26943.7263
2026-02-16 03:00:00+00:00,26944.3454,27274.8804,26911.6192,27272.7869
2026-02-16 04:00:00+00:00,27274.9489,27754.1373,27202.847,27697.4907
2026-02-16 05:00:00+00:00,27696.9171,28015.6124,27670.0905,27727.6212
2026-02-16 06:00:00+00:00,27725.7303,27769.3075,27261.2606,27324.5644
2026-02-16 07:00:00+00:00,27321.4208,27723.2837,27262.5047,27689.0877
2026-02-16 08:00:00+00:00,27684.0174,28055.9729,27674.218,27908.1947
2026-02-16 09:00:00+00:00,27908.5349,27965.6758,27710.5467,27847.3906
2026-02-16 10:00:00+00:00,27843.9926,27971.5201,27674.9683,27964.5712
2026-02-16 11:00:00+00:00,27965.8817,28066.7328,27842.1497,27940.0612
2026-02-16 12:00:00+00:00,27934.9989,28137.8293,27831.5016,28062.1694
2026-02-16 13:00:00+00:00,28069.392,28112.4254,27867.8151,27989.7495
2026-02-16 14:00:00+00:00,27994.7513,28150.4035,27855.7848,28107.3308
2026-02-16 15:00:00+00:00,28106.5029,28147.2453,27869.5077,28007.2921
2026-02-16 16:00:00+00:00,28009.9081,28104.2671,27865.6216,27963.9769
2026-02-16 17:00:00+00:00,27958.2651,28001.83,27543.8805,27660.7117
2026-02-16 18:00:00+00:00,27657.6969,27774.7696,27397.679,27505.0352
2026-02-16 19:00:00+00:00,27497.4421,27878.5587,27376.7782,27797.8063
2026-02-16 20:00:00+00:00,27803.2323,27842.9516,27571.7898,27633.8521
2026-02-16 21:00:00+00:00,27639.9796,27808.4143,27561.1047,27693.0761
2026-02-16 22:00:00+00:00,27688.1522,27915.7716,27605.7078,27736.8977
2026-02-16 23:00:00+00:00,27739.2194,27800.1101,27547.4823,27666.4154
2026-02-17 00:00:00+00:00,27669.0407,27909.347,27531.1639,27862.7276
2026-02-17 01:00:00+00:00,27861.8014,28124.686,27850.1444,27985.6862
2026-02-17 02:00:00+00:00,27983.0532,28064.8313,27691.4424,27796.948
2026-02-17 03:00:00+00:00,27798.3465,28029.9265,27738.3515,27845.2262
2026-02-17 04:00:00+00:00,27847.4868,27946.0544,27742.6859,27862.207
2026-02-17 05:00:00+00:00,27862.784,28052.2806,27805.006,27834.1848
2026-02-17 06:00:00+00:00,27831.3991,28130.2792,27799.6238,28025.7837
2026-02-17 07:00:00+00:00,28027.644,28221.8327,27913.6639,28154.7682
2026-02-17 08:00:00+00:00,28152.5361,28313.7368,28114.1289,28233.6547
2026-02-17 09:00:00+00:00,28233.382,28340.1303,28028.2558,28046.8957
2026-02-17 10:00:00+00:00,28041.5578,28213.8501,27929.2104,28086.0336
2026-02-17 11:00:00+00:00,28080.2234,28278.8461,27992.1934,28259.4146
2026-02-17 12:00:00+00:00,28252.5874,28715.6614,28164.1813,28631.6828
2026-02-17 13:00:00+00:00,28632.9332,28722.9874,28369.6029,28399.1838
2026-02-17 14:00:00+00:00,28399.4005,28487.419,28181.8457,28427.4434
2026-02-17 15:00:00+00:00,28419.0058,28744.9558,28399.6475,28571.119
2026-02-17 16:00:00+00:00,28573.6242,28912.9472,28564.3172,28734.3258
2026-02-17 17:00:00+00:00,28739.5881,28853.9086,28499.6502,28769.9019
2026-02-17 18:00:00+00:00,28782.5159,28859.8013,28582.7755,28706.3344
2026-02-17 19:00:00+00:00,28699.8929,28817.457,28549.2237,28677.4859
2026-02-17 20:00:00+00:00,28663.0948,28974.1574,28299.0767,28342.2651
2026-02-17 21:00:00+00:00,28346.9975,28470.8206,28254.3444,28384.5619
2026-02-17 22:00:00+00:00,28385.1909,28652.0881,28247.5401,28644.4576
2026-02-17 23:00:00+00:00,28637.1114,28749.5363,28500.8078,28516.585
2026-02-18 00:00:00+00:00,28510.0842,28673.1157,28424.937,28541.7064
2026-02-18 01:00:00+00:00,28535.5361,28640.964,28256.2657,28384.5584
2026-02-18 02:00:00+00:00,28389.5786,28442.3036,28157.6666,28189.3959
2026-02-18 03:00:00+00:00,28189.2057,28396.4995,28015.0663,28357.5752
2026-02-18 04:00:00+00:00,28357.8179,28499.7975,28274.8966,28337.0242
2026-02-18 05:00:00+00:00,28330.9112,28368.0781,27824.6373,27946.4279
2026-02-18 06:00:00+00:00,27945.9483,28220.1726,27898.1442,28182.5467
2026-02-18 07:00:00+00:00,28183.7205,28548.4345,28170.3293,28488.4537
2026-02-18 08:00:00+00:00,28499.6288,29045.9193,28486.8525,29010.4313
2026-02-18 09:00:00+00:00,29013.2523,29343.1773,28893.9064,29245.4268
2026-02-18 10:00:00+00:00,29254.7544,29651.4083,29172.7717,29636.83
2026-02-18 11:00:00+00:00,29627.0329,29847.4486,29595.2315,29630.4924
2026-02-18 12:00:00+00:00,29634.754,29667.6833,29389.5718,29503.8805
2026-02-18 13:00:00+00:00,29502.3672,30087.2951,29494.3822,30087.2951
2026-02-18 14:00:00+00:00,30085.1907,30204.0364,29934.7714,30019.9131
2026-02-18 15:00:00+00:00,30005.6917,30330.5654,29932.8044,30262.7255
2026-02-18 16:00:00+00:00,30266.6868,30451.9668,30116.7654,30147.5841
2026-02-18 17:00:00+00:00,30151.1819,30666.3016,30124.8259,30490.7332
2026-02-18 18:00:00+00:00,30488.6981,30505.4049,30132.8692,30186.3173
2026-02-18 19:00:00+00:00,30177.6582,30589.5917,30153.2903,30460.7402
2026-02-18 20:00:00+00:00,30456.5611,30810.2316,30373.046,30767.1091
2026-02-18 21:00:00+00:00,30762.9559,30762.9559,30226.2808,30324.3932
2026-02-18 22:00:00+00:00,30324.6812,30468.0578,30244.9266,30363.0106
2026-02-18 23:00:00+00:00,30365.2374,30365.2374,30017.1628,30145.5465
2026-02-19 00:00:00+00:00,30141.9795,30612.787,30132.6651,30449.1145
2026-02-19 01:00:00+00:00,30455.6245,30540.4167,30269.9893,30529.4945
2026-02-19 02:00:00+00:00,30533.6228,30566.4831,30345.9456,30380.5281
2026-02-19 03:00:00+00:00,30373.4589,30735.8815,30226.7566,30399.7462
2026-02-19 04:00:00+00:00,30402.6403,30585.1034,30174.5685,30585.1034
2026-02-19 05:00:00+00:00,30588.7589,30797.7039,30270.0033,30355.0028
2026-02-19 06:00:00+00:00,30358.3297,30527.9982,30265.8416,30462.9368
2026-02-19 07:00:00+00:00,30458.9457,30654.4674,30251.1696,30420.9089
2026-02-19 08:00:00+00:00,30413.0467,30546.2331,30293.3176,30475.1966
2026-02-19 09:00:00+00:00,30471.315,30824.6037,30439.7841,30812.5255
2026-02-19 10:00:00+00:00,30809.9947,30976.8237,30672.9917,30930.2119
2026-02-19 11:00:00+00:00,30920.0403,31290.1512,30911.9093,31260.4284
2026-02-19 12:00:00+00:00,31265.633,31538.4068,31145.3297,31502.6504
2026-02-19 13:00:00+00:00,31505.5597,31729.1242,31357.4303,31558.2931
2026-02-19 14:00:00+00:00,31555.9661,31888.9522,31515.0261,31560.3682
2026-02-19 15:00:00+00:00,31563.6792,31831.6852,31542.7348,31689.9942
2026-02-19 16:00:00+00:00,31696.3095,32116.6584,31680.4445,32049.4278
2026-02-19 17:00:00+00:00,32040.2898,32542.0507,32029.608,32538.0116
2026-02-19 18:00:00+00:00,32548.0259,33031.6786,32504.4542,32983.3196
2026-02-19 19:00:00+00:00,32988.208,33419.656,32925.895,33273.4045
2026-02-19 20:00:00+00:00,33268.1714,33548.073,33216.6004,33462.4714
2026-02-19 21:00:00+00:00,33449.1989,33641.4114,33373.7565,33490.4128
2026-02-19 22:00:00+00:00,33494.6628,33697.292,33213.6987,33273.4696
2026-02-19 23:00:00+00:00,33277.1459,33442.4771,33093.6576,33350.572
2026-02-20 00:00:00+00:00,33356.2041,33552.8663,33163.27,33294.3143
2026-02-20 01:00:00+00:00,33282.0801,33425.766,32990.3118,33061.3985
2026-02-20 02:00:00+00:00,33068.873,33114.3506,32586.6092,32696.3838
2026-02-20 03:00:00+00:00,32686.8826,32887.1529,32648.1485,32670.1492
2026-02-20 04:00:00+00:00,32678.129,33055.1345,32589.2466,32882.4903
2026-02-20 05:00:00+00:00,32880.4777,33259.6952,32857.0773,33215.9417
2026-02-20 06:00:00+00:00,33213.8896,33465.5506,32999.9781,33392.2932
2026-02-20 07:00:00+00:00,33383.5681,33713.0367,33243.2472,33494.4517
2026-02-20 08:00:00+00:00,33492.7844,33715.7228,33357.6752,33572.3398
2026-02-20 09:00:00+00:00,33575.0293,33611.036,33247.5533,33407.761
2026-02-20 10:00:00+00:00,33411.0744,33699.07,33207.981,33635.7526
2026-02-20 11:00:00+00:00,33635.0872,33716.0754,33386.0302,33452.4086
2026-02-20 12:00:00+00:00,33448.9584,33659.6711,33382.9785,33609.873
2026-02-20 13:00:00+00:00,33621.6388,33771.7558,33542.7514,33648.8667
2026-02-20 14:00:00+00:00,33662.9758,33926.0168,33592.6054,33819.6169
2026-02-20 15:00:00+00:00,33821.3109,34257.3904,33796.5931,34047.138
2026-02-20 16:00:00+00:00,34051.0231,34094.7981,33822.8377,33956.0864
2026-02-20 17:00:00+00:00,33962.5372,33975.8377,33582.2605,33815.1199
2026-02-20 18:00:00+00:00,33819.194,34029.3769,33470.8581,33833.9248
2026-02-20 19:00:00+00:00,33833.6627,33921.4472,33624.31,33784.1683
2026-02-20 20:00:00+00:00,33787.5948,34281.3119,33782.1894,33959.3731
2026-02-20 21:00:00+00:00,33947.9893,34194.8206,33837.49,33992.3266
2026-02-20 22:00:00+00:00,33978.9722,34549.6158,33882.6411,34512.399
2026-02-20 23:00:00+00:00,34509.3354,34905.3032,34485.4923,34691.7757
2026-02-21 00:00:00+00:00,34696.4353,34749.0781,34477.1416,34690.2974
2026-02-21 01:00:00+00:00,34692.8718,34938.0387,34632.5921,34657.9845
2026-02-21 02:00:00+00:00,34650.1076,34836.604,34510.2973,34785.0539
2026-02-21 03:00:00+00:00,34780.8893,35049.5738,34618.0881,34878.4325
2026-02-21 04:00:00+00:00,34874.1873,34899.5565,34437.0378,34645.8569
2026-02-21 05:00:00+00:00,34636.3292,34902.6807,34571.2784,34815.4837
2026-02-21 06:00:00+00:00,34814.5222,34853.5188,34564.7208,34572.5112
2026-02-21 07:00:00+00:00,34575.3117,35370.9244,34572.8942,35024.983
2026-02-21 08:00:00+00:00,35024.9533,35173.3639,34860.5585,35019.5359
2026-02-21 09:00:00+00:00,35019.194,35094.5292,34395.3825,34582.3164
2026-02-21 10:00:00+00:00,34575.5582,34963.438,34520.2794,34875.6481
2026-02-21 11:00:00+00:00,34880.9598,34953.9525,34698.5898,34701.9084
2026-02-21 12:00:00+00:00,34724.3475,35087.3071,34580.862,35052.0048
2026-02-21 13:00:00+00:00,35046.31,35105.5392,34788.2315,34896.8375
2026-02-21 14:00:00+00:00,34892.8488,35660.6804,34878.9755,35660.6804
2026-02-21 15:00:00+00:00,35667.1816,35909.1626,35549.6516,35695.09
2026-02-21 16:00:00+00:00,35696.8331,35835.9095,35558.1629,35679.1268
2026-02-21 17:00:00+00:00,35683.8325,35786.8797,35331.3471,35356.2582
2026-02-21 18:00:00+00:00,35350.3495,35444.0207,34897.1482,35000.4841
2026-02-21 19:00:00+00:00,34995.8451,35544.3506,34971.9568,35449.6629
2026-02-21 20:00:00+00:00,35444.5287,35634.2159,35047.3007,35084.3436
2026-02-21 21:00:00+00:00,35071.1934,35296.299,34761.3072,34915.2237
2026-02-21 22:00:00+00:00,34905.005,35067.6163,34711.4361,34820.319
2026-02-21 23:00:00+00:00,34823.3049,35024.929,34705.5812,34938.1265
2026-02-22 00:00:00+00:00,34939.5867,35231.8592,34683.2391,34753.6383
2026-02-22 01:00:00+00:00,34756.7908,34924.8338,34523.0205,34824.9301
2026-02-22 02:00:00+00:00,34836.9917,35457.5469,34765.5259,35457.4233
2026-02-22 03:00:00+00:00,35456.9375,35616.885,35229.8094,35285.6614
2026-02-22 04:00:00+00:00,35286.6432,35404.8579,34947.6578,35014.4344
2026-02-22 05:00:00+00:00,35027.2644,35038.2785,34629.8522,34802.0909
2026-02-22 06:00:00+00:00,34803.1722,34826.6843,34191.3902,34202.9348
2026-02-22 07:00:00+00:00,34207.838,34284.8884,33953.7902,34279.4525
2026-02-22 08:00:00+00:00,34280.0135,34482.9345,33843.8487,33857.4501
2026-02-22 09:00:00+00:00,33865.0146,34018.4072,33732.418,34003.0334
2026-02-22 10:00:00+00:00,33993.1761,34520.3322,33958.2313,34250.9667
2026-02-22 11:00:00+00:00,34260.0065,34572.6055,34258.6864,34540.2053
2026-02-22 12:00:00+00:00,34537.2225,34628.2704,34176.9688,34328.3591
2026-02-22 13:00:00+00:00,34333.6796,34602.0558,34231.534,34360.4726
2026-02-22 14:00:00+00:00,34353.7158,34751.2726,34337.7049,34645.1938
2026-02-22 15:00:00+00:00,34645.765,34839.398,34580.1458,34618.2132
2026-02-22 16:00:00+00:00,34615.8051,34676.7883,34384.9483,34582.594
2026-02-22 17:00:00+00:00,34585.7192,35003.802,34381.1403,34830.446
2026-02-22 18:00:00+00:00,34820.6469,34982.9442,34717.5284,34735.3931
2026-02-22 19:00:00+00:00,34731.0106,34922.1853,34667.7824,34821.4584
2026-02-22 20:00:00+00:00,34822.2318,35135.2881,34732.8277,35041.3221
2026-02-22 21:00:00+00:00,35044.257,35079.3252,34310.677,34312.2569
2026-02-22 22:00:00+00:00,34315.977,34928.9171,34315.977,34753.4238
2026-02-22 23:00:00+00:00,34744.0253,34774.3475,34396.2386,34568.9196
2026-02-23 00:00:00+00:00,34565.7402,34899.3896,34399.4141,34762.1678
2026-02-23 01:00:00+00:00,34755.9718,34806.2018,34252.979,34259.8073
2026-02-23 02:00:00+00:00,34271.9102,34465.1529,33926.1842,33938.213
2026-02-23 03:00:00+00:00,33941.0905,34031.1718,33557.6631,33615.9401
2026-02-23 04:00:00+00:00,33616.0065,33732.1556,33401.8415,33668.883
2026-02-23 05:00:00+00:00,33672.8613,33749.3162,33343.0743,33398.2616
2026-02-23 06:00:00+00:00,33394.9018,33581.072,33215.107,33500.6152
2026-02-23 07:00:00+00:00,33502.8176,33787.3264,33375.3676,33653.206
2026-02-23 08:00:00+00:00,33653.8196,34143.3162,33509.7089,34070.3433
2026-02-23 09:00:00+00:00,34075.2157,34321.9944,33902.0336,34264.4415
2026-02-23 10:00:00+00:00,34271.6461,34388.0308,33933.218,33972.0035
2026-02-23 11:00:00+00:00,33964.9991,33981.8249,33713.0995,33841.5789
2026-02-23 12:00:00+00:00,33852.6005,33987.1564,33768.1183,33971.7524
2026-02-23 13:00:00+00:00,33964.7663,34292.8099,33788.1086,34140.4007
2026-02-23 14:00:00+00:00,34142.5664,34683.812,34088.7773,34590.5965
2026-02-23 15:00:00+00:00,34592.5409,35050.695,34557.982,35050.695
2026-02-23 16:00:00+00:00,35051.1937,35219.7863,34863.1177,34924.5411
2026-02-23 17:00:00+00:00,34918.2977,35105.128,34832.091,35089.1684
2026-02-23 18:00:00+00:00,35080.6484,35290.1456,34971.1545,35001.2347
2026-02-23 19:00:00+00:00,34997.099,35280.7625,34883.0918,35182.6121
2026-02-23 20:00:00+00:00,35173.2696,35418.3671,35120.4888,35278.9175
2026-02-23 21:00:00+00:00,35278.9164,35484.764,35094.7338,35415.6994
2026-02-23 22:00:00+00:00,35410.7881,35560.34,35311.2672,35465.186
2026-02-23 23:00:00+00:00,35465.3092,36040.7065,35427.4605,35932.6008
2026-02-24 00:00:00+00:00,35923.7867,36267.5007,35921.0868,36260.7559
2026-02-24 01:00:00+00:00,36266.0513,36372.5878,35802.9805,35919.1886
2026-02-24 02:00:00+00:00,35927.3473,36283.8128,35856.031,36193.2321
2026-02-24 03:00:00+00:00,36204.676,36534.768,36170.4597,36420.2173
2026-02-24 04:00:00+00:00,36436.073,36464.5582,36063.1418,36223.8643
2026-02-24 05:00:00+00:00,36234.5192,36259.7303,36014.8239,36125.8197
2026-02-24 06:00:00+00:00,36122.6651,36130.951,35759.0384,35972.9287
2026-02-24 07:00:00+00:00,35957.573,36037.9194,35689.4643,36030.7589
2026-02-24 08:00:00+00:00,36026.8748,36244.3491,35900.3507,35961.2191
2026-02-24 09:00:00+00:00,35957.1445,35971.4469,35422.9975,35852.4794
2026-02-24 10:00:00+00:00,35854.9792,36033.6725,35771.1953,35866.2297
2026-02-24 11:00:00+00:00,35865.1262,35868.6109,35332.5699,35428.4644
2026-02-24 12:00:00+00:00,35434.8505,35750.8065,35345.2591,35374.5791
2026-02-24 13:00:00+00:00,35388.1586,35549.5627,35178.7772,35368.9798
2026-02-24 14:00:00+00:00,35366.0976,35456.7447,35124.3588,35343.1542
2026-02-24 15:00:00+00:00,35343.5395,35557.5964,35116.2032,35435.8719
2026-02-24 16:00:00+00:00,35444.6398,35658.6811,35031.1596,35157.8826
2026-02-24 17:00:00+00:00,35151.4989,35288.5217,35085.5026,35148.7371
2026-02-24 18:00:00+00:00,35153.3221,35199.3227,34863.8429,34863.8429
2026-02-24 19:00:00+00:00,34859.698,35199.5868,34859.698,34968.2947
2026-02-24 20:00:00+00:00,34970.3625,35146.4329,34818.3693,34818.3693
2026-02-24 21:00:00+00:00,34821.4452,35067.9806,34685.1648,34992.4594
2026-02-24 22:00:00+00:00,34989.3973,35156.4863,34651.7348,34669.4928
2026-02-24 23:00:00+00:00,34675.236,34893.1646,34473.4066,34848.6419
2026-02-25 00:00:00+00:00,34849.6902,34989.1485,34523.5649,34641.2054
2026-02-25 01:00:00+00:00,34643.9835,34897.5503,34589.8915,34774.8623
2026-02-25 02:00:00+00:00,34775.1439,35041.7644,34667.6845,34680.52
2026-02-25 03:00:00+00:00,34669.5964,35237.0874,34631.8009,35095.6848
2026-02-25 04:00:00+00:00,35091.4805,35348.3718,35067.5345,35143.74
2026-02-25 05:00:00+00:00,35133.2264,35159.8391,34395.9174,34535.7013
2026-02-25 06:00:00+00:00,34535.7924,34938.867,34477.8773,34786.3268
2026-02-25 07:00:00+00:00,34795.225,35088.4364,34659.89,35006.5623
2026-02-25 08:00:00+00:00,35006.4221,35059.8046,34511.1563,34528.062
2026-02-25 09:00:00+00:00,34531.5297,34686.3157,34167.0368,34178.1272
2026-02-25 10:00:00+00:00,34171.2586,34250.1782,33855.1026,34224.5142
2026-02-25 11:00:00+00:00,34228.9634,34519.094,34221.403,34382.3705
2026-02-25 12:00:00+00:00,34369.2364,34780.8002,34239.5697,34682.2611
2026-02-25 13:00:00+00:00,34684.0267,34837.8346,34328.5965,34434.5374
2026-02-25 14:00:00+00:00,34438.5049,34762.3672,34394.4885,34611.1126
2026-02-25 15:00:00+00:00,34617.1301,34965.8619,34456.4799,34881.9577
2026-02-25 16:00:00+00:00,34881.4445,35287.8648,34825.7858,35230.5697
2026-02-25 17:00:00+00:00,35220.8677,35263.1711,34566.6462,34566.6462
2026-02-25 18:00:00+00:00,34557.4846,34957.8135,34344.5589,34842.1885
2026-02-25 19:00:00+00:00,34835.4477,35036.1258,34666.801,34752.8223
2026-02-25 20:00:00+00:00,34767.4774,35284.6903,34604.8083,35152.5902
2026-02-25 21:00:00+00:00,35146.6179,35539.9464,35146.6179,35507.4291
2026-02-25 22:00:00+00:00,35513.0466,35527.338,34798.9073,34943.7785
2026-02-25 23:00:00+00:00,34939.3037,35121.2963,34840.5162,35121.2963
2026-02-26 00:00:00+00:00,35119.9557,35531.1803,35119.9557,35232.5
2026-02-26 01:00:00+00:00,35227.0261,35320.4632,34702.8943,34772.6436
2026-02-26 02:00:00+00:00,34766.1344,34908.9941,34610.5631,34906.2923
2026-02-26 03:00:00+00:00,34903.5045,35289.5871,34798.149,35269.7087
2026-02-26 04:00:00+00:00,35277.6921,36003.6416,35224.1709,35862.2133
2026-02-26 05:00:00+00:00,35860.0437,36100.2062,35755.7847,35914.1792
2026-02-26 06:00:00+00:00,35922.1125,36305.0782,35793.3794,36305.0782
2026-02-26 07:00:00+00:00,36305.7076,36622.1854,36305.7076,36367.2475
2026-02-26 08:00:00+00:00,36374.5313,37145.9876,36300.6036,37052.5755
2026-02-26 09:00:00+00:00,37047.9417,37388.0228,36980.6546,37152.6767
2026-02-26 10:00:00+00:00,37152.9898,37235.1494,36565.8101,36708.2166
2026-02-26 11:00:00+00:00,36721.0822,37397.4705,36602.4617,37183.6963
2026-02-26 12:00:00+00:00,37189.9841,37402.5236,37055.1822,37375.9296
2026-02-26 13:00:00+00:00,37368.8828,37740.7277,37195.7563,37599.9037
2026-02-26 14:00:00+00:00,37599.1108,37698.4685,37378.5129,37416.0881
2026-02-26 15:00:00+00:00,37411.725,37543.525,37110.5296,37392.1652
2026-02-26 16:00:00+00:00,37385.316,37532.1024,37212.7542,37355.1154
2026-02-26 17:00:00+00:00,37361.8979,37401.181,36859.2027,36913.6643
2026-02-26 18:00:00+00:00,36906.9387,37069.1205,36710.1791,36965.5163
2026-02-26 19:00:00+00:00,36968.0489,37071.5436,36720.1797,36901.7119
2026-02-26 20:00:00+00:00,36908.449,37266.1232,36802.9335,36979.8797
2026-02-26 21:00:00+00:00,36978.5127,37012.345,36520.1525,36572.7226
2026-02-26 22:00:00+00:00,36571.8678,36764.3154,36513.2622,36684.4057
2026-02-26 23:00:00+00:00,36684.0077,37282.2639,36667.2443,37219.8696
2026-02-27 00:00:00+00:00,37211.9521,37281.1256,36545.4311,36677.0498
2026-02-27 01:00:00+00:00,36681.1128,37122.2764,36574.3577,36998.0637
2026-02-27 02:00:00+00:00,37007.1713,37087.1305,36445.3918,36532.1374
2026-02-27 03:00:00+00:00,36536.4875,37207.1049,36496.056,37141.2288
2026-02-27 04:00:00+00:00,37142.0707,37380.8671,37122.7742,37317.9462
2026-02-27 05:00:00+00:00,37307.3194,37355.8225,36939.9886,36969.2328
2026-02-27 06:00:00+00:00,36955.4547,37468.3191,36852.9782,37398.2602
2026-02-27 07:00:00+00:00,37405.5956,37643.6609,37247.9526,37394.4851
2026-02-27 08:00:00+00:00,37393.3919,37511.0359,37082.6515,37126.7556
2026-02-27 09:00:00+00:00,37120.1151,37338.7302,36578.4926,36606.2445
2026-02-27 10:00:00+00:00,36619.979,36851.491,36613.5758,36785.9465
2026-02-27 11:00:00+00:00,36783.5716,36809.3909,36507.0717,36782.7344
2026-02-27 12:00:00+00:00,36774.9556,37022.58,36528.2725,36573.61
2026-02-27 13:00:00+00:00,36573.9223,36668.6933,36016.0917,36016.0917
2026-02-27 14:00:00+00:00,36018.5048,36483.7114,35972.0202,36451.1911
2026-02-27 15:00:00+00:00,36448.3996,36844.2416,36436.4483,36585.2403
2026-02-27 16:00:00+00:00,36589.1144,36754.4979,36465.7617,36676.7583
2026-02-27 17:00:00+00:00,36672.7295,36803.9214,36409.5023,36745.8358
2026-02-27 18:00:00+00:00,36748.6599,37149.2996,36625.0473,37065.0396
2026-02-27 19:00:00+00:00,37058.632,37478.7809,36937.1262,37156.7634
2026-02-27 20:00:00+00:00,37161.4378,37318.4183,36889.0743,36955.1733
2026-02-27 21:00:00+00:00,36959.6403,37235.6294,36915.5633,37096.9185
2026-02-27 22:00:00+00:00,37091.0403,37417.9377,37040.0527,37343.4673
2026-02-27 23:00:00+00:00,37327.4187,37338.5546,36941.0517,37087.6969
2026-02-28 00:00:00+00:00,37089.8516,37287.2057,36771.1411,36789.4964
2026-02-28 01:00:00+00:00,36799.2681,36861.2726,36431.5261,36744.8862
2026-02-28 02:00:00+00:00,36750.6389,36916.1063,36616.2051,36736.2977
2026-02-28 03:00:00+00:00,36737.7106,36955.5335,36632.4507,36729.7273
2026-02-28 04:00:00+00:00,36736.5472,36747.4492,36238.9166,36280.8203
2026-02-28 05:00:00+00:00,36288.3449,36527.2091,36174.8595,36451.3139
2026-02-28 06:00:00+00:00,36439.0332,36497.3722,36076.284,36189.8925
2026-02-28 07:00:00+00:00,36186.1682,36279.763,35834.1038,36203.0928
2026-02-28 08:00:00+00:00,36209.4152,36237.8362,35758.1082,35844.0071
2026-02-28 09:00:00+00:00,35842.3582,35957.6074,35641.0895,35711.6796
2026-02-28 10:00:00+00:00,35712.4895,35721.4637,35430.4946,35568.3167
2026-02-28 11:00:00+00:00,35565.9337,36004.9045,35547.1756,35811.5682
2026-02-28 12:00:00+00:00,35813.0365,36047.7706,35654.4237,36042.0389
2026-02-28 13:00:00+00:00,36040.9889,36145.4417,35655.9373,35717.1848
2026-02-28 14:00:00+00:00,35695.0644,35763.9427,35226.2906,35239.8827
2026-02-28 15:00:00+00:00,35225.0103,35234.3978,34802.1884,35024.6048
2026-02-28 16:00:00+00:00,35027.8723,35145.7372,34793.2634,34949.3812
2026-02-28 17:00:00+00:00,34950.91,35147.495,34732.0822,34986.9206
2026-02-28 18:00:00+00:00,34993.9732,35234.9114,34958.8949,35196.7732
2026-02-28 19:00:00+00:00,35202.688,35375.9074,35017.1905,35364.8571
2026-02-28 20:00:00+00:00,35372.9569,35451.6273,35164.8284,35341.8258
2026-02-28 21:00:00+00:00,35340.1201,35416.3396,35114.5252,35232.5562
2026-02-28 22:00:00+00:00,35222.1333,35416.2871,35060.8453,35161.3554
2026-02-28 23:00:00+00:00,35170.3187,35197.9069,34832.6687,35110.9473
2026-03-01 00:00:00+00:00,35111.2667,35490.6886,35050.7751,35484.4552
2026-03-01 01:00:00+00:00,35480.8059,35945.3233,35477.1911,35546.5866
2026-03-01 02:00:00+00:00,35548.111,35672.142,35466.0447,35480.9251
2026-03-01 03:00:00+00:00,35482.0679,35982.9362,35418.5549,35923.9133
2026-03-01 04:00:00+00:00,35915.9863,35941.8289,35413.318,35487.9448
2026-03-01 05:00:00+00:00,35478.8225,35776.8197,35269.4412,35379.6554
2026-03-01 06:00:00+00:00,35388.5215,35439.6047,34827.6838,34855.1366
2026-03-01 07:00:00+00:00,34863.153,35207.934,34795.9102,35114.7965
2026-03-01 08:00:00+00:00,35113.3573,35117.5974,34306.7279,34339.5036
2026-03-01 09:00:00+00:00,34337.4641,34544.248,34071.5537,34509.4295
2026-03-01 10:00:00+00:00,34509.6637,34682.3265,34226.1322,34439.7945
2026-03-01 11:00:00+00:00,34442.3079,34655.9186,34157.4777,34168.6307
2026-03-01 12:00:00+00:00,34179.3421,34225.5821,33756.5422,33762.1418
2026-03-01 13:00:00+00:00,33774.8054,33956.4555,33502.911,33718.2111
2026-03-01 14:00:00+00:00,33718.9773,34308.97,33718.9773,34010.3163
2026-03-01 15:00:00+00:00,34011.1501,34074.162,33693.9141,33829.8712
2026-03-01 16:00:00+00:00,33827.2007,34091.9502,33813.074,33947.8913
2026-03-01 17:00:00+00:00,33953.4068,33953.4068,33635.6736,33677.3362
2026-03-01 18:00:00+00:00,33680.8186,33749.9969,33454.1856,33455.0545
2026-03-01 19:00:00+00:00,33459.0199,33882.8691,33392.517,33774.7576
2026-03-01 20:00:00+00:00,33773.2448,33910.9609,33600.3106,33778.4533
2026-03-01 21:00:00+00:00,33779.3127,34001.8773,33610.9783,34001.8773
2026-03-01 22:00:00+00:00,33991.7164,34022.005,33759.1907,33890.7988
2026-03-01 23:00:00+00:00,33892.5801,34127.3403,33781.5509,33886.3715
2026-03-02 00:00:00+00:00,33876.9944,33894.5802,33604.185,33885.3325
2026-03-02 01:00:00+00:00,33880.3072,34231.2422,33854.2091,33994.3292
2026-03-02 02:00:00+00:00,33993.1807,34013.2752,33685.961,33778.7511
2026-03-02 03:00:00+00:00,33781.57,34282.1008,33763.6977,34078.9247
2026-03-02 04:00:00+00:00,34070.5126,34202.1911,33859.2051,34052.4442
2026-03-02 05:00:00+00:00,34056.7729,34358.7586,33985.6941,34313.7461
2026-03-02 06:00:00+00:00,34317.8184,34443.782,33875.1788,34182.0463
2026-03-02 07:00:00+00:00,34185.0509,34433.4596,34092.3557,34343.0514
2026-03-02 08:00:00+00:00,34347.6604,34378.0347,34124.6282,34201.5311
2026-03-02 09:00:00+00:00,34202.6551,34308.5679,33813.0086,33917.9983
2026-03-02 10:00:00+00:00,33924.9127,34025.1927,33787.8721,33959.7539
2026-03-02 11:00:00+00:00,33966.1941,33989.1092,33681.767,33841.9251
2026-03-02 12:00:00+00:00,33851.3349,33908.2727,33515.2069,33848.7741
2026-03-02 13:00:00+00:00,33844.67,33987.0813,33651.1395,33804.1772
2026-03-02 14:00:00+00:00,33806.6587,34054.6514,33719.0655,33892.3455
2026-03-02 15:00:00+00:00,33885.5828,34040.6941,33727.4318,33842.2959
2026-03-02 16:00:00+00:00,33851.3318,34128.1885,33837.7492,33918.1026
2026-03-02 17:00:00+00:00,33918.5645,34018.1802,33797.5084,33913.58
2026-03-02 18:00:00+00:00,33912.1296,34224.1033,33790.2293,34147.3363
2026-03-02 19:00:00+00:00,34145.7751,34411.3016,34032.1452,34140.0157
2026-03-02 20:00:00+00:00,34145.4737,34438.2825,33859.0205,34367.3152
2026-03-02 21:00:00+00:00,34369.9677,34412.0089,34094.3882,34200.6722
2026-03-02 22:00:00+00:00,34198.6046,34412.2485,33998.7041,34331.3586
2026-03-02 23:00:00+00:00,34333.8031,34463.5314,34100.9292,34375.0596
2026-03-03 00:00:00+00:00,34369.83,34667.7091,34253.0446,34503.8993
2026-03-03 01:00:00+00:00,34504.4244,35252.0783,34396.7099,35164.6084
2026-03-03 02:00:00+00:00,35166.4291,35538.8583,35166.4291,35448.7275
2026-03-03 03:00:00+00:00,35449.3102,35563.6739,35208.8178,35227.0681
2026-03-03 04:00:00+00:00,35223.678,35421.4582,34735.8012,34752.0839
2026-03-03 05:00:00+00:00,34748.4817,34809.512,34294.8014,34544.8466
2026-03-03 06:00:00+00:00,34542.5609,34648.1617,34208.3229,34215.4708
2026-03-03 07:00:00+00:00,34220.1179,34568.361,34102.1456,34479.5283
2026-03-03 08:00:00+00:00,34480.9315,34952.5103,34412.3305,34879.6953
2026-03-03 09:00:00+00:00,34871.2585,35060.8232,34659.0726,34919.4816
2026-03-03 10:00:00+00:00,34930.5314,35280.9044,34887.2387,35195.1618
2026-03-03 11:00:00+00:00,35199.6481,35656.549,35126.4638,35651.2786
2026-03-03 12:00:00+00:00,35654.1485,35829.0885,35378.4825,35511.5104
2026-03-03 13:00:00+00:00,35517.8331,35814.6959,35517.8331,35757.4326
2026-03-03 14:00:00+00:00,35749.9038,35877.6278,35516.1795,35516.1795
2026-03-03 15:00:00+00:00,35527.2166,35613.6031,35273.7155,35570.9506
2026-03-03 16:00:00+00:00,35564.7046,36001.1123,35486.5071,35988.0366
2026-03-03 17:00:00+00:00,35990.0959,36355.7117,35700.7073,35844.8352
2026-03-03 18:00:00+00:00,35842.1833,35926.3851,35437.3056,35801.8497
2026-03-03 19:00:00+00:00,35793.6557,35980.5817,35609.1726,35771.5574
2026-03-03 20:00:00+00:00,35762.4576,36116.093,35621.0373,36098.8585
2026-03-03 21:00:00+00:00,36103.9279,36290.246,36010.8621,36079.4337
2026-03-03 22:00:00+00:00,36084.0378,36424.431,35897.658,36155.0979
2026-03-03 23:00:00+00:00,36154.3604,36263.2153,35616.3773,35657.5372
2026-03-04 00:00:00+00:00,35652.471,35979.787,35559.2322,35872.8622
2026-03-04 01:00:00+00:00,35880.2757,36188.4888,35740.7642,36164.9335
2026-03-04 02:00:00+00:00,36156.9927,36225.8739,35988.1045,36055.7883
2026-03-04 03:00:00+00:00,36055.9832,36070.2633,35353.6936,35406.9244
2026-03-04 04:00:00+00:00,35409.7266,35736.7637,35388.3727,35402.9231
2026-03-04 05:00:00+00:00,35407.562,35731.2759,35308.8017,35443.3636
2026-03-04 06:00:00+00:00,35450.8136,35589.0208,35333.6648,35522.111
2026-03-04 07:00:00+00:00,35538.2058,35540.672,35270.6259,35408.2967
2026-03-04 08:00:00+00:00,35411.101,35848.389,35321.1023,35568.7917
2026-03-04 09:00:00+00:00,35569.2735,35713.3607,35339.0306,35490.7825
2026-03-04 10:00:00+00:00,35482.8664,35839.0598,35386.2237,35444.9473
2026-03-04 11:00:00+00:00,35450.7922,35580.2874,34987.2192,35577.3777
2026-03-04 12:00:00+00:00,35569.0399,35872.3773,35538.2107,35676.5737
2026-03-04 13:00:00+00:00,35676.0383,35851.6824,35530.3185,35839.0766
2026-03-04 14:00:00+00:00,35831.5095,36065.0858,35617.8118,35922.2956
2026-03-04 15:00:00+00:00,35920.451,36039.9622,35515.4213,35640.0487
2026-03-04 16:00:00+00:00,35633.2054,35637.3854,35137.8891,35172.9339
2026-03-04 17:00:00+00:00,35176.6589,35416.8464,35131.2338,35142.5011
2026-03-04 18:00:00+00:00,35149.9481,35315.2047,34640.0333,34657.4724
2026-03-04 19:00:00+00:00,34656.9681,34830.5744,34284.1709,34424.3223
2026-03-04 20:00:00+00:00,34421.2582,34602.436,34320.7507,34572.3121
2026-03-04 21:00:00+00:00,34568.6308,34745.9212,34504.663,34551.5014
2026-03-04 22:00:00+00:00,34565.2856,34731.8917,34421.7197,34515.3918
2026-03-04 23:00:00+00:00,34525.7776,34766.5348,34386.4022,34420.9767
2026-03-05 00:00:00+00:00,34414.2985,34469.0632,34100.1687,34175.5636
2026-03-05 01:00:00+00:00,34176.1687,34451.5635,34123.1304,34154.9712
2026-03-05 02:00:00+00:00,34151.2198,34326.8448,33875.9006,34039.9886
2026-03-05 03:00:00+00:00,34050.2633,34518.8929,34050.2633,34377.7218
2026-03-05 04:00:00+00:00,34372.0723,34479.0722,33995.4979,34199.8403
2026-03-05 05:00:00+00:00,34206.702,34366.5882,34076.8941,34161.8843
2026-03-05 06:00:00+00:00,34169.497,34279.0492,33628.8364,33646.0421
2026-03-05 07:00:00+00:00,33649.7101,33765.6737,33104.2313,33154.3412
2026-03-05 08:00:00+00:00,33166.7917,33205.3005,32675.6028,32909.4261
2026-03-05 09:00:00+00:00,32908.7968,32913.9898,32250.0609,32344.3537
2026-03-05 10:00:00+00:00,32344.5028,32439.0125,32089.3468,32330.8107
2026-03-05 11:00:00+00:00,32330.6583,32405.5644,32091.5205,32214.8969
2026-03-05 12:00:00+00:00,32221.6167,32475.2742,32221.6167,32340.2825
2026-03-05 13:00:00+00:00,32348.3873,32419.0073,32027.1823,32032.367
2026-03-05 14:00:00+00:00,32036.188,32126.367,31687.97,31751.0605
2026-03-05 15:00:00+00:00,31750.6042,31970.3232,31338.4412,31464.1815
2026-03-05 16:00:00+00:00,31461.1443,31481.3855,31191.8508,31276.9962
2026-03-05 17:00:00+00:00,31272.9781,31606.8355,31211.8159,31486.4328
2026-03-05 18:00:00+00:00,31505.0154,32091.2501,31429.2785,32091.2501
2026-03-05 19:00:00+00:00,32094.1499,32604.8598,32069.4855,32410.7187
2026-03-05 20:00:00+00:00,32401.3035,32770.2829,32346.645,32624.8864
2026-03-05 21:00:00+00:00,32624.3589,33229.3729,32575.7516,33196.4983
2026-03-05 22:00:00+00:00,33200.0864,33418.1438,33187.0187,33278.8788
2026-03-05 23:00:00+00:00,33279.4361,33523.6167,33110.731,33478.7761
2026-03-06 00:00:00+00:00,33486.5646,33769.4724,33368.5781,33436.8692
2026-03-06 01:00:00+00:00,33436.5845,33457.3833,33101.6248,33253.6244
2026-03-06 02:00:00+00:00,33255.1883,33310.5246,33002.4986,33282.8914
2026-03-06 03:00:00+00:00,33290.1267,33393.6337,33002.7885,33367.6503
2026-03-06 04:00:00+00:00,33369.1076,33393.2447,32699.0348,32703.1684
2026-03-06 05:00:00+00:00,32706.6075,33200.8272,32691.1371,33058.2007
2026-03-06 06:00:00+00:00,33068.5285,33333.7245,32895.6623,32958.9814
2026-03-06 07:00:00+00:00,32960.3686,33199.4791,32749.8749,33115.3887
2026-03-06 08:00:00+00:00,33127.2509,33493.8823,33113.9654,33436.0277
2026-03-06 09:00:00+00:00,33440.1572,33828.1067,33440.1572,33671.115
2026-03-06 10:00:00+00:00,33666.9825,33666.9825,33247.0259,33522.57
2026-03-06 11:00:00+00:00,33525.3569,33842.7102,33434.7491,33740.5195
2026-03-06 12:00:00+00:00,33748.3681,33928.2122,33560.1841,33900.4047
2026-03-06 13:00:00+00:00,33898.1704,34168.3278,33860.1331,34101.5039
2026-03-06 14:00:00+00:00,34097.2108,34182.2914,33866.4885,34103.2286
2026-03-06 15:00:00+00:00,34105.4919,34118.268,33626.5571,33684.3304
2026-03-06 16:00:00+00:00,33684.8519,34107.7262,33620.7707,34100.51
2026-03-06 17:00:00+00:00,34098.5884,34253.9339,33917.5022,34149.523
2026-03-06 18:00:00+00:00,34141.7548,34175.5098,33609.036,33656.1034
2026-03-06 19:00:00+00:00,33655.7663,33940.2345,33574.2607,33940.2345
2026-03-06 20:00:00+00:00,33930.0649,33996.2268,33582.2319,33692.6607
2026-03-06 21:00:00+00:00,33692.1643,33882.461,33537.1299,33874.4937
2026-03-06 22:00:00+00:00,33873.1738,34146.5952,33774.5794,34126.7556
2026-03-06 23:00:00+00:00,34121.2234,34253.5885,33810.6616,33810.6616
2026-03-07 00:00:00+00:00,33813.16,34082.4988,33741.0503,33896.5332
2026-03-07 01:00:00+00:00,33903.6208,33989.9016,33518.2944,33773.3831
2026-03-07 02:00:00+00:00,33777.9132,33999.3616,33582.0209,33878.3848
2026-03-07 03:00:00+00:00,33878.398,34108.2916,33452.2399,33496.8199
2026-03-07 04:00:00+00:00,33497.7542,33635.2951,33391.9268,33507.8688
2026-03-07 05:00:00+00:00,33504.7765,33537.105,33036.1202,33127.2099
2026-03-07 06:00:00+00:00,33137.632,33259.521,32895.9308,33203.5527
2026-03-07 07:00:00+00:00,33203.4882,33592.2787,32994.893,33592.2787
2026-03-07 08:00:00+00:00,33591.9331,33591.9331,33236.6488,33410.3272
2026-03-07 09:00:00+00:00,33408.7487,33581.6326,33225.6058,33358.8705
2026-03-07 10:00:00+00:00,33363.6546,33750.6757,33343.7211,33638.0755
2026-03-07 11:00:00+00:00,33637.0392,33870.7693,33431.0221,33628.8315
2026-03-07 12:00:00+00:00,33627.136,33812.7749,33441.7347,33744.2497
2026-03-07 13:00:00+00:00,33740.7645,33849.2491,33420.9959,33498.2169
2026-03-07 14:00:00+00:00,33501.6367,33851.5535,33389.0815,33839.1188
2026-03-07 15:00:00+00:00,33844.0443,34029.6212,33746.2365,34016.1622
2026-03-07 16:00:00+00:00,34007.9489,34045.1153,33724.0775,33901.9978
2026-03-07 17:00:00+00:00,33897.8205,33983.0809,33536.4492,33621.9266
2026-03-07 18:00:00+00:00,33621.7732,33768.1342,33507.4593,33743.4613
2026-03-07 19:00:00+00:00,33742.5814,33960.4725,33699.9532,33750.0687
2026-03-07 20:00:00+00:00,33753.7143,33937.7294,33597.4347,33779.6719
2026-03-07 21:00:00+00:00,33794.0311,33850.8684,33569.8002,33721.9459
2026-03-07 22:00:00+00:00,33723.3097,33810.9277,33328.3052,33421.1282
2026-03-07 23:00:00+00:00,33404.5634,33614.5041,33361.2136,33558.3181
2026-03-08 00:00:00+00:00,33568.8404,33586.8573,33060.7022,33139.3442
2026-03-08 01:00:00+00:00,33134.1604,33379.1766,32805.6878,33354.3258
2026-03-08 02:00:00+00:00,33352.7883,33525.6973,33094.6391,33320.7836
2026-03-08 03:00:00+00:00,33328.1656,33488.8186,33127.1066,33469.0174
2026-03-08 04:00:00+00:00,33467.9102,33542.2211,33102.9299,33188.5554
2026-03-08 05:00:00+00:00,33190.4926,33190.4926,32601.483,32631.3738
2026-03-08 06:00:00+00:00,32625.9131,33076.7248,32610.0459,32718.7492
2026-03-08 07:00:00+00:00,32715.1679,32715.4058,32107.9281,32405.336
2026-03-08 08:00:00+00:00,32402.5528,32609.3571,32231.2252,32311.0991
2026-03-08 09:00:00+00:00,32299.7088,32577.9599,32151.5915,32478.5808
2026-03-08 10:00:00+00:00,32484.7948,32604.6247,32236.6076,32593.3201
2026-03-08 11:00:00+00:00,32598.2017,32806.3996,32472.579,32572.9308
2026-03-08 12:00:00+00:00,32562.7265,33104.0023,32486.5329,33092.0651
2026-03-08 13:00:00+00:00,33078.7019,33082.1758,32601.0034,32778.0325
2026-03-08 14:00:00+00:00,32791.3288,32875.4861,32625.6515,32867.7779
2026-03-08 15:00:00+00:00,32870.6149,33098.685,32816.1897,32996.1802
2026-03-08 16:00:00+00:00,32991.6014,33054.3975,32785.188,32900.8285
2026-03-08 17:00:00+00:00,32904.9149,33083.6377,32767.5731,32799.7409
2026-03-08 18:00:00+00:00,32796.7971,32796.7971,32294.7241,32756.2946
2026-03-08 19:00:00+00:00,32755.845,32862.156,32135.0376,32148.9646
2026-03-08 20:00:00+00:00,32161.9786,32214.8006,31789.8275,31886.5112
2026-03-08 21:00:00+00:00,31885.2091,32004.4825,31733.7771,31812.3604
2026-03-08 22:00:00+00:00,31801.9395,31924.5823,31559.3665,31579.2704
2026-03-08 23:00:00+00:00,31576.2189,31619.3087,31366.3815,31503.3184
2026-03-09 00:00:00+00:00,31502.1726,31629.5771,31228.4294,31255.9389
2026-03-09 01:00:00+00:00,31249.2676,31395.334,31027.8619,31202.1999
2026-03-09 02:00:00+00:00,31201.4692,31450.2928,31150.0302,31450.2928
2026-03-09 03:00:00+00:00,31443.7422,31655.4449,31357.164,31526.2604
2026-03-09 04:00:00+00:00,31518.4153,31601.5488,31031.3519,31089.6025
2026-03-09 05:00:00+00:00,31085.3902,31284.9636,31030.1339,31091.3283
2026-03-09 06:00:00+00:00,31090.7377,31333.8227,30986.5831,31311.1049
2026-03-09 07:00:00+00:00,31307.6028,31751.0665,31231.9546,31677.6026
2026-03-09 08:00:00+00:00,31678.3579,31761.0287,31240.3575,31477.2671
2026-03-09 09:00:00+00:00,31476.5993,31766.3902,31348.7884,31690.2951
2026-03-09 10:00:00+00:00,31689.8712,31834.5208,31543.388,31729.595
2026-03-09 11:00:00+00:00,31738.1535,32162.4632,31683.9202,32018.14
2026-03-09 12:00:00+00:00,32010.1376,32164.292,31875.3453,32003.5832
2026-03-09 13:00:00+00:00,32000.9809,32226.0096,31948.7144,32018.0607
2026-03-09 14:00:00+00:00,32018.3951,32388.4476,31906.4042,32357.8022
2026-03-09 15:00:00+00:00,32357.5761,32809.5195,32344.5404,32546.0312
2026-03-09 16:00:00+00:00,32543.7977,32789.073,32470.9678,32691.1402
2026-03-09 17:00:00+00:00,32681.8516,33100.2435,32615.3849,32993.2603
2026-03-09 18:00:00+00:00,32983.7814,33315.5186,32931.9959,33223.0694
2026-03-09 19:00:00+00:00,33218.5026,33398.0875,33085.1657,33330.9029
2026-03-09 20:00:00+00:00,33334.727,33567.2096,33240.1537,33507.367
2026-03-09 21:00:00+00:00,33499.4707,33790.5289,33336.022,33704.0482
2026-03-09 22:00:00+00:00,33704.1848,34410.0964,33619.6472,34326.3347
2026-03-09 23:00:00+00:00,34321.633,34497.5294,34084.3467,34134.8638
2026-03-10 00:00:00+00:00,34134.9157,34325.9525,34028.3262,34192.9311
2026-03-10 01:00:00+00:00,34193.0744,34520.4077,34183.6734,34418.0774
2026-03-10 02:00:00+00:00,34416.2591,34444.7695,33896.0006,34162.6482
2026-03-10 03:00:00+00:00,34168.1735,34197.0228,33563.4382,33724.1396
2026-03-10 04:00:00+00:00,33718.365,33859.0695,33442.1283,33526.9748
2026-03-10 05:00:00+00:00,33524.8574,33611.4047,33209.5417,33209.5417
2026-03-10 06:00:00+00:00,33216.8499,33406.6105,33078.9259,33328.9554
2026-03-10 07:00:00+00:00,33330.144,33447.6614,33108.2471,33300.1942
2026-03-10 08:00:00+00:00,33296.1454,33556.7682,33124.1141,33546.8148
2026-03-10 09:00:00+00:00,33552.4443,33608.6802,32868.6928,32892.1457
2026-03-10 10:00:00+00:00,32890.1299,33030.5028,32784.0516,33009.3426
2026-03-10 11:00:00+00:00,33004.7819,33118.8775,32874.0529,33047.4443
2026-03-10 12:00:00+00:00,33051.1911,33225.4907,32970.8484,33135.2109
2026-03-10 13:00:00+00:00,33134.9241,33337.3599,32839.6974,33303.6036
2026-03-10 14:00:00+00:00,33298.0913,33562.4601,33298.0913,33418.004
2026-03-10 15:00:00+00:00,33426.5611,33495.6577,33196.0317,33259.3494
2026-03-10 16:00:00+00:00,33265.8192,33265.8192,32971.6004,33026.8791
2026-03-10 17:00:00+00:00,33029.696,33402.4786,32966.6493,33342.6756
2026-03-10 18:00:00+00:00,33351.6017,33437.2301,33065.1116,33285.5155
2026-03-10 19:00:00+00:00,33288.1754,33621.5659,33162.8217,33204.9025
2026-03-10 20:00:00+00:00,33199.0347,33445.6839,33010.4784,33253.1455
2026-03-10 21:00:00+00:00,33247.3637,33424.2246,33171.955,33190.4141
2026-03-10 22:00:00+00:00,33189.4063,33442.0347,33085.1378,33184.0087
2026-03-10 23:00:00+00:00,33190.0787,33872.4943,33171.2963,33744.5367
2026-03-11 00:00:00+00:00,33744.1341,33970.8563,33617.0724,33727.6551
2026-03-11 01:00:00+00:00,33728.5626,34049.7401,33728.5626,33916.7671
2026-03-11 02:00:00+00:00,33924.2189,34597.9502,33909.445,34490.4503
2026-03-11 03:00:00+00:00,34488.8318,35008.1715,34285.8233,34838.9101
2026-03-11 04:00:00+00:00,34842.0553,35116.8923,34736.0045,34797.0106
2026-03-11 05:00:00+00:00,34800.8099,35088.8866,34800.8099,34881.4468
2026-03-11 06:00:00+00:00,34882.371,34996.2367,34696.9858,34848.1334
2026-03-11 07:00:00+00:00,34858.4535,35231.2955,34808.1544,35072.997
2026-03-11 08:00:00+00:00,35072.288,35266.0163,34877.399,35181.3183
2026-03-11 09:00:00+00:00,35176.7421,35347.1895,34912.9125,34979.4429
2026-03-11 10:00:00+00:00,34984.5341,35187.1517,34967.0115,35042.3458
2026-03-11 11:00:00+00:00,35042.3568,35442.391,34927.4655,35422.6128
2026-03-11 12:00:00+00:00,35428.8809,35504.9664,35209.8283,35425.7265
2026-03-11 13:00:00+00:00,35426.9239,35670.2677,35246.166,35554.334
2026-03-11 14:00:00+00:00,35555.1212,35576.2276,35120.0218,35398.1545
2026-03-11 15:00:00+00:00,35399.3074,35617.343,35030.7772,35106.8042
2026-03-11 16:00:00+00:00,35101.1123,35196.9078,34965.5113,35009.8518
2026-03-11 17:00:00+00:00,35009.6899,35251.8225,34913.1421,34959.8493
2026-03-11 18:00:00+00:00,34953.8764,34966.3281,34513.9122,34551.3954
2026-03-11 19:00:00+00:00,34556.1526,34625.7412,34426.3735,34590.8142
2026-03-11 20:00:00+00:00,34594.0768,34866.6147,34572.8496,34736.3235
2026-03-11 21:00:00+00:00,34745.7458,34898.6332,34611.4079,34684.4083
2026-03-11 22:00:00+00:00,34673.555,35132.2727,34643.3819,34984.1416
2026-03-11 23:00:00+00:00,34991.1164,35112.5569,34861.8436,34984.1275
2026-03-12 00:00:00+00:00,34981.8313,35082.3681,34651.262,35033.9855
2026-03-12 01:00:00+00:00,35035.81,35257.1785,34951.4482,35124.2198
2026-03-12 02:00:00+00:00,35122.6251,35660.3152,35118.8336,35453.7123
2026-03-12 03:00:00+00:00,35458.1353,35458.1353,34900.8516,34906.207
2026-03-12 04:00:00+00:00,34896.8279,34962.8773,34766.9264,34847.5228
2026-03-12 05:00:00+00:00,34844.7657,34993.9948,34703.1795,34993.9948
2026-03-12 06:00:00+00:00,34994.1437,35210.3238,34824.7689,35206.7707
2026-03-12 07:00:00+00:00,35210.1315,35484.6067,35194.9008,35257.9895
2026-03-12 08:00:00+00:00,35263.7405,35418.0283,34918.4174,34923.0361
2026-03-12 09:00:00+00:00,34920.5111,34920.5111,34343.1159,34437.661
2026-03-12 10:00:00+00:00,34434.5384,34478.0859,33984.094,34012.1699
2026-03-12 11:00:00+00:00,34010.2816,34340.8554,33951.1531,34119.0619
2026-03-12 12:00:00+00:00,34128.5963,34359.2609,34058.0262,34098.4975
2026-03-12 13:00:00+00:00,34100.3445,34512.6245,34002.2492,34496.6889
2026-03-12 14:00:00+00:00,34503.626,34610.3415,34223.114,34490.5454
2026-03-12 15:00:00+00:00,34498.8979,34665.5052,34360.117,34372.0168
2026-03-12 16:00:00+00:00,34386.9236,34411.074,33893.6496,34098.9018
2026-03-12 17:00:00+00:00,34093.1325,34171.196,33515.7172,33601.7983
2026-03-12 18:00:00+00:00,33598.9818,34172.8138,33533.2605,33996.7299
2026-03-12 19:00:00+00:00,33996.3768,34140.3827,33825.5965,33985.9904
2026-03-12 20:00:00+00:00,33978.8684,34171.1364,33908.3249,33995.0598
2026-03-12 21:00:00+00:00,33999.2632,34331.8426,33846.3413,34156.0148
2026-03-12 22:00:00+00:00,34154.1936,34466.0766,34071.1846,34369.4202
2026-03-12 23:00:00+00:00,34376.5309,35019.9267,34286.2564,34807.6951
2026-03-13 00:00:00+00:00,34803.075,35009.475,34634.6351,34785.2173
2026-03-13 01:00:00+00:00,34788.0915,34927.0593,34323.5744,34377.5836
2026-03-13 02:00:00+00:00,34377.698,34782.6539,34284.9998,34764.1651
2026-03-13 03:00:00+00:00,34757.3738,34910.6584,34612.3926,34626.4839
2026-03-13 04:00:00+00:00,34622.6557,34836.8944,34446.8929,34459.085
2026-03-13 05:00:00+00:00,34458.1294,34615.5916,34353.045,34459.0492
2026-03-13 06:00:00+00:00,34452.8184,34980.3876,34409.4678,34672.6014
2026-03-13 07:00:00+00:00,34677.0479,34961.0291,34555.7874,34924.0218
2026-03-13 08:00:00+00:00,34934.2749,35106.8782,34825.9048,35030.2087
2026-03-13 09:00:00+00:00,35025.2703,35219.8216,34835.2652,34891.1906
2026-03-13 10:00:00+00:00,34902.9695,35248.5156,34830.8279,34918.8869
2026-03-13 11:00:00+00:00,34927.38,34985.9787,34674.7284,34840.0544
2026-03-13 12:00:00+00:00,34844.7882,35456.6423,34829.8633,35193.2978
2026-03-13 13:00:00+00:00,35201.0419,35222.251,34815.2973,35125.7774
2026-03-13 14:00:00+00:00,35130.0419,35147.9503,34595.4539,34763.1966
2026-03-13 15:00:00+00:00,34754.8795,35205.4759,34754.8795,35144.4752
2026-03-13 16:00:00+00:00,35140.4425,35669.2417,35139.4379,35633.1422
2026-03-13 17:00:00+00:00,35629.6935,35898.7048,35505.1085,35652.5025
2026-03-13 18:00:00+00:00,35661.2115,35997.888,35601.7856,35780.9667
2026-03-13 19:00:00+00:00,35776.452,36048.4681,35755.1632,36023.6375
2026-03-13 20:00:00+00:00,36014.006,36076.1631,35491.1085,35641.0789
2026-03-13 21:00:00+00:00,35640.6335,36045.7999,35622.953,35977.2272
2026-03-13 22:00:00+00:00,35969.1438,36237.3484,35842.8835,35930.8905
2026-03-13 23:00:00+00:00,35937.0719,36102.0086,35694.3888,36062.7878
2026-03-14 00:00:00+00:00,36062.849,36425.3827,36057.4597,36185.8697
2026-03-14 01:00:00+00:00,36186.5081,36220.7971,35870.655,36092.6983
2026-03-14 02:00:00+00:00,36099.5488,36671.0373,36071.6147,36585.7372
2026-03-14 03:00:00+00:00,36587.4888,36694.1225,36447.3483,36517.7467
2026-03-14 04:00:00+00:00,36515.3902,37083.7394,36427.9261,36847.3654
2026-03-14 05:00:00+00:00,36851.162,37353.0137,36851.162,37134.0411
2026-03-14 06:00:00+00:00,37118.7136,37138.5759,36745.5103,36875.3919
2026-03-14 07:00:00+00:00,36860.9831,37177.2921,36689.9742,36709.0822
2026-03-14 08:00:00+00:00,36703.9629,36799.6022,36351.3611,36499.7533
2026-03-14 09:00:00+00:00,36505.2586,36537.8763,36142.509,36362.4896
2026-03-14 10:00:00+00:00,36364.7218,36513.5841,36097.9405,36253.9633
2026-03-14 11:00:00+00:00,36263.9788,36630.4975,36168.5055,36612.0557
2026-03-14 12:00:00+00:00,36614.0224,36752.2911,36468.8066,36505.046
2026-03-14 13:00:00+00:00,36509.3905,36701.9602,36336.9902,36695.606
2026-03-14 14:00:00+00:00,36696.3533,37143.3779,36677.8893,36875.8477
2026-03-14 15:00:00+00:00,36864.4904,36973.4571,36601.46,36618.3532
2026-03-14 16:00:00+00:00,36619.3855,36810.9836,36386.8014,36510.1666
2026-03-14 17:00:00+00:00,36507.7025,36887.6175,36488.8737,36797.5544
2026-03-14 18:00:00+00:00,36803.5543,36832.944,36147.7907,36162.1113
2026-03-14 19:00:00+00:00,36162.6845,36906.3528,36075.6886,36857.559
2026-03-14 20:00:00+00:00,36862.3995,37322.6792,36492.3817,36501.3703
2026-03-14 21:00:00+00:00,36502.1149,36570.9918,36228.3798,36511.9072
2026-03-14 22:00:00+00:00,36495.2503,36934.8972,36356.6319,36371.4453
2026-03-14 23:00:00+00:00,36378.6709,36399.9361,36003.5679,36100.7992
2026-03-15 00:00:00+00:00,36100.1701,36470.7486,35975.0435,36347.7506
2026-03-15 01:00:00+00:00,36347.3305,36529.6154,36221.7312,36252.0115
2026-03-15 02:00:00+00:00,36251.2509,36461.1883,36001.3432,36046.1531
2026-03-15 03:00:00+00:00,36043.0612,36192.6717,35727.7867,35796.6007
2026-03-15 04:00:00+00:00,35795.7075,35937.8486,35540.534,35848.46
2026-03-15 05:00:00+00:00,35854.3446,35868.2813,35484.4181,35527.8184
2026-03-15 06:00:00+00:00,35522.8602,35570.167,35056.3734,35221.904
2026-03-15 07:00:00+00:00,35222.2985,35933.0857,35217.268,35610.0703
2026-03-15 08:00:00+00:00,35631.049,36255.0682,35565.5207,36156.9359
2026-03-15 09:00:00+00:00,36157.3544,36166.2684,35745.4573,35936.2311
2026-03-15 10:00:00+00:00,35944.7997,36129.3376,35741.6647,35982.3562
2026-03-15 11:00:00+00:00,35985.1005,36259.1442,35744.0115,36227.0316
2026-03-15 12:00:00+00:00,36226.9339,36419.6829,36005.9223,36280.7488
2026-03-15 13:00:00+00:00,36284.0526,36412.3129,36103.4406,36340.0248
2026-03-15 14:00:00+00:00,36353.1122,36681.7996,36145.8159,36635.0294
2026-03-15 15:00:00+00:00,36642.4203,37273.2833,36642.4203,37154.9357
2026-03-15 16:00:00+00:00,37158.0773,37312.3671,36734.1452,36797.3368
2026-03-15 17:00:00+00:00,36800.9692,36839.7778,36519.3394,36559.7739
2026-03-15 18:00:00+00:00,36568.9432,36701.5194,35977.2731,36550.5806
2026-03-15 19:00:00+00:00,36558.4465,37207.0564,36522.3599,37088.7651
2026-03-15 20:00:00+00:00,37089.2281,37298.9382,36904.0065,36946.664
2026-03-15 21:00:00+00:00,36935.9675,37186.5432,36744.6626,36907.3357
2026-03-15 22:00:00+00:00,36902.1771,37178.6287,36824.5012,37147.6731
2026-03-15 23:00:00+00:00,37148.4632,37156.4354,36679.4143,36921.5349
2026-03-16 00:00:00+00:00,36916.3479,37039.7422,36695.4247,36886.9361
2026-03-16 01:00:00+00:00,36889.095,37306.74,36712.7256,37290.6531
2026-03-16 02:00:00+00:00,37287.3695,37528.5779,37064.9922,37235.0135
2026-03-16 03:00:00+00:00,37230.5476,37261.1867,36957.3528,37083.1235
2026-03-16 04:00:00+00:00,37093.8937,37289.9056,36915.1145,36952.299
2026-03-16 05:00:00+00:00,36964.9137,37001.8741,36622.9884,36942.2288
2026-03-16 06:00:00+00:00,36947.2332,36953.8018,36480.6707,36588.8045
2026-03-16 07:00:00+00:00,36586.8129,36652.4679,36389.9463,36530.4322
2026-03-16 08:00:00+00:00,36527.8319,36989.684,36474.6021,36943.0485
2026-03-16 09:00:00+00:00,36935.3968,37262.5672,36905.7577,37077.5406
2026-03-16 10:00:00+00:00,37075.8344,37080.743,36549.1466,36825.8555
2026-03-16 11:00:00+00:00,36818.7539,37022.0379,36548.5656,36908.5712
2026-03-16 12:00:00+00:00,36910.6707,37080.4355,36609.1482,37080.4355
2026-03-16 13:00:00+00:00,37092.9036,37344.5237,36911.4473,36912.6817
2026-03-16 14:00:00+00:00,36912.1023,37518.6271,36912.1023,37469.5435
2026-03-16 15:00:00+00:00,37468.4229,37480.0032,37072.513,37275.2232
2026-03-16 16:00:00+00:00,37269.9834,37733.1233,37128.2836,37725.2239
2026-03-16 17:00:00+00:00,37726.6108,37883.4002,37375.4681,37661.148
2026-03-16 18:00:00+00:00,37652.5683,38052.0276,37593.1458,37891.9079
2026-03-16 19:00:00+00:00,37882.5138,38347.1974,37826.1454,38052.536
2026-03-16 20:00:00+00:00,38050.1702,38149.1633,37512.2077,37868.8355
2026-03-16 21:00:00+00:00,37868.9141,38093.1802,37717.6402,37746.7463
2026-03-16 22:00:00+00:00,37741.3489,37741.3489,37482.7976,37665.3197
2026-03-16 23:00:00+00:00,37664.3385,37800.0561,37191.4407,37197.0679
2026-03-17 00:00:00+00:00,37182.8162,37262.5248,36927.024,37034.9367
2026-03-17 01:00:00+00:00,37041.4841,37118.25,36690.6658,36808.8157
2026-03-17 02:00:00+00:00,36795.5227,37019.8391,36691.7396,36715.285
2026-03-17 03:00:00+00:00,36715.6509,36956.1534,36690.7536,36869.9435
2026-03-17 04:00:00+00:00,36879.489,37088.8093,36768.784,36985.9168
2026-03-17 05:00:00+00:00,36982.7353,36994.0072,36425.1607,36473.5051
2026-03-17 06:00:00+00:00,36472.598,36532.0998,36241.515,36490.0069
2026-03-17 07:00:00+00:00,36491.1765,36680.2823,36139.675,36392.8737
2026-03-17 08:00:00+00:00,36399.8274,36477.6291,36147.472,36260.1209
2026-03-17 09:00:00+00:00,36254.0752,36323.2449,35939.6811,36045.161
2026-03-17 10:00:00+00:00,36051.473,36255.0947,35908.8478,36233.228
2026-03-17 11:00:00+00:00,36239.5879,36391.1358,36165.8412,36340.7494
2026-03-17 12:00:00+00:00,36335.1378,36786.175,36281.1973,36735.681
2026-03-17 13:00:00+00:00,36730.243,36779.5318,36157.5007,36339.0463
2026-03-17 14:00:00+00:00,36347.6081,36771.2902,36276.2215,36654.4561
2026-03-17 15:00:00+00:00,36648.3122,36981.4472,36496.1018,36953.218
2026-03-17 16:00:00+00:00,36955.0064,37419.1851,36817.4406,37368.5829
2026-03-17 17:00:00+00:00,37381.249,37781.8174,37238.6394,37318.1316
2026-03-17 18:00:00+00:00,37311.4506,37528.4295,37121.5298,37352.3597
2026-03-17 19:00:00+00:00,37353.426,37430.0339,36887.5738,37156.194
2026-03-17 20:00:00+00:00,37165.1379,37187.4498,36919.0383,37115.1431
2026-03-17 21:00:00+00:00,37103.7393,37120.9643,36564.5921,36820.8241
2026-03-17 22:00:00+00:00,36830.122,37337.3316,36766.6238,37192.3386
2026-03-17 23:00:00+00:00,37200.3745,37948.6607,37188.1531,37930.6038
2026-03-18 00:00:00+00:00,37934.7714,38122.3765,37671.1384,38094.2049
2026-03-18 01:00:00+00:00,38091.2262,38471.4201,37894.3844,38326.4365
2026-03-18 02:00:00+00:00,38322.4876,38766.4129,38299.757,38617.7926
2026-03-18 03:00:00+00:00,38619.0885,38775.4323,38419.7322,38446.1518
2026-03-18 04:00:00+00:00,38449.3237,38555.229,38193.9043,38356.334
2026-03-18 05:00:00+00:00,38359.1848,38652.1921,38315.067,38458.4276
2026-03-18 06:00:00+00:00,38441.8512,38769.7524,38387.6404,38600.4496
2026-03-18 07:00:00+00:00,38611.5104,38640.9177,38337.1283,38473.961
2026-03-18 08:00:00+00:00,38465.6347,38591.4591,38076.8178,38138.4599
2026-03-18 09:00:00+00:00,38147.2238,38147.2238,37473.4699,37611.8785
2026-03-18 10:00:00+00:00,37603.5253,38146.317,37470.5956,38073.5507
2026-03-18 11:00:00+00:00,38079.3877,38293.8355,37908.0483,37935.0656
2026-03-18 12:00:00+00:00,37939.7693,38255.6052,37743.7307,37988.1722
2026-03-18 13:00:00+00:00,37980.6679,38324.322,37659.2801,38040.4848
2026-03-18 14:00:00+00:00,38035.9799,38072.6706,37494.0069,37606.8844
2026-03-18 15:00:00+00:00,37613.2985,37687.7016,37407.7844,37459.0255
2026-03-18 16:00:00+00:00,37468.3058,37831.8327,37405.4815,37731.4085
2026-03-18 17:00:00+00:00,37722.2945,37926.4158,37489.8605,37869.2988
2026-03-18 18:00:00+00:00,37868.4214,38024.3391,37387.8118,37434.2162
2026-03-18 19:00:00+00:00,37425.0858,37648.6332,37359.2621,37431.4942
2026-03-18 20:00:00+00:00,37434.6625,37653.2967,37179.105,37289.725
2026-03-18 21:00:00+00:00,37283.2243,37484.1713,36621.0308,36705.0712
2026-03-18 22:00:00+00:00,36706.3992,36707.8588,36151.2554,36151.2554
2026-03-18 23:00:00+00:00,36138.5644,36354.1213,36047.9164,36153.9209
2026-03-19 00:00:00+00:00,36165.1082,36193.1375,35888.7092,36106.7125
2026-03-19 01:00:00+00:00,36099.0633,36343.2352,35990.1281,36025.9403
2026-03-19 02:00:00+00:00,36030.5166,36156.4394,35704.2864,35881.9984
2026-03-19 03:00:00+00:00,35877.6674,36167.9054,35831.2616,35992.964
2026-03-19 04:00:00+00:00,35992.8615,36295.2344,35964.3746,36156.519
2026-03-19 05:00:00+00:00,36155.2356,36206.4615,35661.9708,35853.0905
2026-03-19 06:00:00+00:00,35841.4057,36031.1703,35508.1942,35554.1964
2026-03-19 07:00:00+00:00,35549.6139,35667.8524,35396.9659,35459.5668
2026-03-19 08:00:00+00:00,35456.4198,35641.3186,35325.6548,35417.2092
2026-03-19 09:00:00+00:00,35406.1364,35548.0475,35279.8733,35389.6307
2026-03-19 10:00:00+00:00,35384.9763,35862.8697,35242.6445,35840.7958
2026-03-19 11:00:00+00:00,35836.1316,36110.2058,35498.5288,35548.9184
2026-03-19 12:00:00+00:00,35548.6878,35961.3159,35438.5259,35961.3159
2026-03-19 13:00:00+00:00,35970.2036,36257.583,35861.7083,36107.2346
2026-03-19 14:00:00+00:00,36115.7591,36739.16,36054.8528,36634.851
2026-03-19 15:00:00+00:00,36637.7041,37063.5343,36598.0915,36928.3922
2026-03-19 16:00:00+00:00,36921.0447,37341.7897,36804.927,37186.1145
2026-03-19 17:00:00+00:00,37179.9286,37276.1595,36828.8405,37124.8588
2026-03-19 18:00:00+00:00,37122.0986,37208.5528,36806.1428,36865.8043
2026-03-19 19:00:00+00:00,36873.5629,37043.3203,36765.6537,36861.6392
2026-03-19 20:00:00+00:00,36856.4712,36903.6395,36068.5393,36230.41
2026-03-19 21:00:00+00:00,36238.4795,36270.3558,35829.4846,35995.7774
2026-03-19 22:00:00+00:00,36004.3208,36222.8237,35897.9202,36115.4062
2026-03-19 23:00:00+00:00,36110.3741,36376.5144,36038.3439,36258.8701
2026-03-20 00:00:00+00:00,36256.752,36655.9504,36216.834,36526.8137
2026-03-20 01:00:00+00:00,36523.5341,36821.7362,36422.858,36727.8729
2026-03-20 02:00:00+00:00,36714.5387,37031.2158,36543.5945,37013.3673
2026-03-20 03:00:00+00:00,37009.8392,37422.6359,36906.1413,37262.5045
2026-03-20 04:00:00+00:00,37256.7367,37551.3481,37163.7055,37537.5508
2026-03-20 05:00:00+00:00,37532.6935,37674.9638,37199.4366,37668.6956
2026-03-20 06:00:00+00:00,37667.7582,37840.8925,37491.724,37491.724
2026-03-20 07:00:00+00:00,37505.0149,37509.3258,36805.7849,36830.7902
2026-03-20 08:00:00+00:00,36828.8833,37198.2971,36786.4244,36895.5378
2026-03-20 09:00:00+00:00,36893.8493,37055.8672,36632.857,37038.4828
2026-03-20 10:00:00+00:00,37040.9277,37145.2322,36683.9626,37116.0363
2026-03-20 11:00:00+00:00,37106.1714,37618.9205,37073.7385,37450.8355
2026-03-20 12:00:00+00:00,37459.0424,37581.3311,37000.3148,37046.7574
2026-03-20 13:00:00+00:00,37044.9355,37189.4782,36858.5288,37115.4225
2026-03-20 14:00:00+00:00,37127.1943,37197.5117,36772.3785,36916.5781
2026-03-20 15:00:00+00:00,36907.2803,36966.1988,36517.2083,36517.2083
2026-03-20 16:00:00+00:00,36513.3344,36773.9411,36435.0819,36456.8993
2026-03-20 17:00:00+00:00,36463.2464,36844.7028,36422.1496,36820.1684
2026-03-20 18:00:00+00:00,36835.1081,36963.4423,36618.837,36656.9805
2026-03-20 19:00:00+00:00,36657.1824,36716.5179,36327.3807,36375.685
2026-03-20 20:00:00+00:00,36386.2409,36472.1216,35960.5859,36228.4249
2026-03-20 21:00:00+00:00,36233.3098,36334.4036,35908.2811,35982.0312
2026-03-20 22:00:00+00:00,35987.4634,36377.0343,35966.6334,36330.8828
2026-03-20 23:00:00+00:00,36327.761,36823.3354,36314.9592,36668.5653
2026-03-21 00:00:00+00:00,36670.0335,37261.3759,36634.8172,37240.5887
2026-03-21 01:00:00+00:00,37247.8915,37250.2413,36660.8778,36748.2655
2026-03-21 02:00:00+00:00,36746.0386,36780.1292,36481.1987,36666.6787
2026-03-21 03:00:00+00:00,36665.6492,36819.1743,36384.6495,36654.1661
2026-03-21 04:00:00+00:00,36653.2488,36825.3777,36509.5759,36542.9817
2026-03-21 05:00:00+00:00,36546.1502,36770.9321,36354.5661,36706.5939
2026-03-21 06:00:00+00:00,36697.3025,36970.4675,36553.4061,36857.6754
2026-03-21 07:00:00+00:00,36849.031,37001.2538,36648.3049,36978.3294
2026-03-21 08:00:00+00:00,36969.9689,37014.516,36687.4546,36949.353
2026-03-21 09:00:00+00:00,36944.6792,37017.7619,36782.2883,36951.1488
2026-03-21 10:00:00+00:00,36955.7504,37185.8194,36399.0803,36399.0803
2026-03-21 11:00:00+00:00,36409.9111,36848.4723,36302.417,36833.0076
2026-03-21 12:00:00+00:00,36842.5817,36892.0883,36424.2917,36606.6086
2026-03-21 13:00:00+00:00,36600.8396,37210.9642,36578.8238,37207.7362
2026-03-21 14:00:00+00:00,37207.7743,37509.0003,37156.4069,37400.2709
2026-03-21 15:00:00+00:00,37394.7021,37570.4312,36980.2756,37080.9244
2026-03-21 16:00:00+00:00,37085.855,37222.8802,36475.5833,36518.3934
2026-03-21 17:00:00+00:00,36533.1897,36679.7754,36263.5823,36419.4046
2026-03-21 18:00:00+00:00,36420.596,36602.9267,36108.3563,36144.7293
2026-03-21 19:00:00+00:00,36144.3345,36359.0212,35953.8055,36348.5183
2026-03-21 20:00:00+00:00,36344.1593,36388.9666,35733.4057,35747.716
2026-03-21 21:00:00+00:00,35756.5438,36125.36,35717.8196,36090.3733
2026-03-21 22:00:00+00:00,36090.3638,36146.7665,35955.5261,36066.5944
2026-03-21 23:00:00+00:00,36068.5983,36123.4935,35654.9886,35709.9181
2026-03-22 00:00:00+00:00,35705.9907,35728.6604,35288.6712,35642.0794
2026-03-22 01:00:00+00:00,35641.9806,35713.2463,35272.342,35309.5644
2026-03-22 02:00:00+00:00,35301.6983,35410.0854,35045.6056,35287.2759
2026-03-22 03:00:00+00:00,35289.2254,35727.9931,35170.6158,35302.8505
2026-03-22 04:00:00+00:00,35311.3308,35441.076,34925.5487,34984.7904
2026-03-22 05:00:00+00:00,34983.2581,35000.8326,34667.6387,34729.6872
2026-03-22 06:00:00+00:00,34723.4381,34869.2731,34401.6656,34637.5174
2026-03-22 07:00:00+00:00,34644.9633,34694.7358,34143.5385,34155.8663
2026-03-22 08:00:00+00:00,34147.5732,34376.2022,33971.9814,34369.5171
2026-03-22 09:00:00+00:00,34368.1491,34370.3775,34003.0222,34263.2016
2026-03-22 10:00:00+00:00,34264.7811,34341.188,33893.1955,33987.9628
2026-03-22 11:00:00+00:00,33987.0762,34125.6967,33710.7777,33926.0491
2026-03-22 12:00:00+00:00,33923.9323,34174.7887,33839.9511,33984.9275
2026-03-22 13:00:00+00:00,33986.032,34180.1379,33878.487,34101.4379
2026-03-22 14:00:00+00:00,34102.4632,34429.1492,34054.42,34410.6572
2026-03-22 15:00:00+00:00,34401.4364,34668.1078,34162.6339,34235.6306
2026-03-22 16:00:00+00:00,34239.6795,34755.7292,34189.0767,34550.3679
2026-03-22 17:00:00+00:00,34552.3043,34614.853,34135.8662,34188.0002
2026-03-22 18:00:00+00:00,34185.1497,34214.9499,33802.4937,33846.2441
2026-03-22 19:00:00+00:00,33850.2411,33863.2316,33452.6067,33818.0316
2026-03-22 20:00:00+00:00,33813.0468,33839.2421,33231.3474,33282.179
2026-03-22 21:00:00+00:00,33289.6602,33298.63,32933.3737,33029.6977
2026-03-22 22:00:00+00:00,33037.2351,33046.205,32683.2413,32729.072
2026-03-22 23:00:00+00:00,32725.7164,32829.9624,32488.158,32821.1981
2026-03-23 00:00:00+00:00,32821.3865,33172.7116,32808.7481,33073.2422
2026-03-23 01:00:00+00:00,33071.229,33340.202,32707.0684,33228.9832
2026-03-23 02:00:00+00:00,33227.148,33261.7062,32977.3219,32990.6735
2026-03-23 03:00:00+00:00,32981.7768,33203.6713,32490.8425,32537.343
2026-03-23 04:00:00+00:00,32542.0034,32695.6782,32335.2328,32421.6921
2026-03-23 05:00:00+00:00,32422.5267,32614.6964,32053.5267,32070.274
2026-03-23 06:00:00+00:00,32073.6488,32538.8748,32031.6913,32396.8482
2026-03-23 07:00:00+00:00,32391.5578,32449.7414,32162.949,32259.8291
2026-03-23 08:00:00+00:00,32259.3548,32308.1902,31911.847,32146.2339
2026-03-23 09:00:00+00:00,32135.7377,32294.8117,31803.8917,31909.3414
2026-03-23 10:00:00+00:00,31906.23,32007.0168,31730.3033,31799.4543
2026-03-23 11:00:00+00:00,31792.3125,31944.1453,31574.0058,31725.705
2026-03-23 12:00:00+00:00,31717.8931,32029.5136,31646.3828,31753.6015
2026-03-23 13:00:00+00:00,31755.4329,32170.0977,31755.4329,32143.9525
2026-03-23 14:00:00+00:00,32137.3299,32364.5454,31983.7525,32301.2033
2026-03-23 15:00:00+00:00,32305.2028,32522.4093,32134.4736,32356.6703
2026-03-23 16:00:00+00:00,32355.3095,32475.5269,32052.9679,32091.1646
2026-03-23 17:00:00+00:00,32083.8462,32347.1447,31905.8921,32177.1865
2026-03-23 18:00:00+00:00,32186.4626,32286.1905,31860.5596,32073.3152
2026-03-23 19:00:00+00:00,32070.4304,32463.784,32014.6238,32461.4
2026-03-23 20:00:00+00:00,32464.7877,32601.338,32361.6195,32441.9673
2026-03-23 21:00:00+00:00,32443.5211,32825.3189,32382.4183,32821.0733
2026-03-23 22:00:00+00:00,32813.2331,32958.1059,32418.1211,32452.1037
2026-03-23 23:00:00+00:00,32453.1305,32709.8182,32086.3562,32114.9601
2026-03-24 00:00:00+00:00,32118.8747,32142.4198,31762.836,31798.4113
2026-03-24 01:00:00+00:00,31804.8948,32092.4766,31722.9502,31887.9888
2026-03-24 02:00:00+00:00,31883.5897,32463.7138,31822.4113,32456.9553
2026-03-24 03:00:00+00:00,32455.8083,32630.2344,32212.3692,32268.5423
2026-03-24 04:00:00+00:00,32279.2352,32499.1053,32094.1722,32102.4341
2026-03-24 05:00:00+00:00,32106.1134,32135.9943,31908.8599,32033.434
2026-03-24 06:00:00+00:00,32034.3162,32396.3163,31967.3838,32369.4646
2026-03-24 07:00:00+00:00,32370.3511,32711.2329,32226.063,32579.6241
2026-03-24 08:00:00+00:00,32586.8846,32728.5409,32468.1952,32606.1909
2026-03-24 09:00:00+00:00,32598.2352,32783.0118,32469.1777,32734.4049
2026-03-24 10:00:00+00:00,32737.5021,33122.1654,32687.3976,32979.8982
2026-03-24 11:00:00+00:00,32981.3063,33191.6766,32916.7523,33042.0714
2026-03-24 12:00:00+00:00,33044.1139,33389.9695,32924.476,33362.327
2026-03-24 13:00:00+00:00,33363.9082,33535.7294,33349.1189,33451.0486
2026-03-24 14:00:00+00:00,33461.3182,33523.6695,33091.2454,33215.7499
2026-03-24 15:00:00+00:00,33222.7297,33386.2481,32912.1606,33352.1899
2026-03-24 16:00:00+00:00,33357.1617,33455.4187,33066.7555,33288.827
2026-03-24 17:00:00+00:00,33297.9754,33474.8702,33243.1323,33344.2509
2026-03-24 18:00:00+00:00,33355.1758,33394.7006,33081.794,33208.6499
2026-03-24 19:00:00+00:00,33207.5929,33396.3175,33083.7544,33348.1394
2026-03-24 20:00:00+00:00,33346.813,33911.0752,33283.7695,33808.3925
2026-03-24 21:00:00+00:00,33808.5377,33999.1386,33654.4447,33709.7689
2026-03-24 22:00:00+00:00,33720.3104,34081.1636,33595.1617,34001.0042
2026-03-24 23:00:00+00:00,34001.2946,34035.1923,33673.9186,33776.6343
2026-03-25 00:00:00+00:00,33779.7455,34336.5959,33693.9603,34249.4128
2026-03-25 01:00:00+00:00,34242.2936,34255.6454,33848.1278,33913.6415
2026-03-25 02:00:00+00:00,33908.0181,34031.7434,33567.5035,33709.1819
2026-03-25 03:00:00+00:00,33714.6373,33817.1787,33358.8508,33383.7144
2026-03-25 04:00:00+00:00,33389.5288,33416.4131,33154.1266,33288.8559
2026-03-25 05:00:00+00:00,33292.1983,33435.1403,32980.6102,32996.7704
2026-03-25 06:00:00+00:00,33001.2423,33009.1336,32716.4348,32843.1805
2026-03-25 07:00:00+00:00,32850.916,32854.6841,32574.9123,32680.7224
2026-03-25 08:00:00+00:00,32680.3045,32865.2294,32439.5334,32763.91
2026-03-25 09:00:00+00:00,32752.907,32921.8447,32707.3445,32830.6053
2026-03-25 10:00:00+00:00,32824.1872,33058.3963,32552.7573,32562.5965
2026-03-25 11:00:00+00:00,32559.8307,32676.6594,32290.7173,32437.7231
2026-03-25 12:00:00+00:00,32448.911,32458.7092,32178.2904,32412.2407
2026-03-25 13:00:00+00:00,32414.1505,32419.9036,32092.2438,32173.4608
2026-03-25 14:00:00+00:00,32164.6832,32175.3449,31741.2909,31878.6235
2026-03-25 15:00:00+00:00,31874.5067,32012.7807,31651.7849,31853.1496
2026-03-25 16:00:00+00:00,31851.344,32332.13,31837.9989,32318.395
2026-03-25 17:00:00+00:00,32320.8135,32404.683,32128.2851,32324.1748
2026-03-25 18:00:00+00:00,32323.771,32346.8507,32010.1037,32100.1236
2026-03-25 19:00:00+00:00,32103.6999,32186.6353,31873.1433,32081.9555
2026-03-25 20:00:00+00:00,32078.9336,32083.0402,31722.4113,31996.6615
2026-03-25 21:00:00+00:00,31991.8093,32121.5409,31835.2113,31972.4921
2026-03-25 22:00:00+00:00,31978.9021,32179.4683,31797.1081,31912.3398
2026-03-25 23:00:00+00:00,31915.773,31924.1492,31386.0991,31468.6647
2026-03-26 00:00:00+00:00,31470.6813,31881.2745,31439.7818,31881.2745
2026-03-26 01:00:00+00:00,31884.5398,31996.5023,31771.5044,31806.541
2026-03-26 02:00:00+00:00,31812.3933,32002.5696,31654.9936,31912.1392
2026-03-26 03:00:00+00:00,31915.563,31967.8488,31634.0428,31766.8923
2026-03-26 04:00:00+00:00,31759.5833,32053.1905,31481.895,31883.5883
2026-03-26 05:00:00+00:00,31884.7015,32464.3201,31822.9662,32458.1466
2026-03-26 06:00:00+00:00,32455.1921,32755.632,32390.3911,32534.576
2026-03-26 07:00:00+00:00,32533.2673,33231.8498,32528.5812,33183.3508
2026-03-26 08:00:00+00:00,33186.2869,33244.4684,32794.7429,33002.2703
2026-03-26 09:00:00+00:00,33000.3508,33147.7922,32887.2382,33004.3522
2026-03-26 10:00:00+00:00,33006.3201,33055.6206,32834.1101,32991.9362
2026-03-26 11:00:00+00:00,32995.8451,33070.5255,32606.5241,32647.1221
2026-03-26 12:00:00+00:00,32650.0722,32948.8597,32471.9994,32913.9103
2026-03-26 13:00:00+00:00,32910.3838,33113.0327,32791.725,32951.4642
2026-03-26 14:00:00+00:00,32953.8541,33324.0637,32920.8463,33324.0637
2026-03-26 15:00:00+00:00,33316.6649,33614.4559,33154.8356,33614.4559
2026-03-26 16:00:00+00:00,33612.9535,33864.3283,33474.8637,33718.0863
2026-03-26 17:00:00+00:00,33715.2352,33782.5434,33441.055,33554.4736
2026-03-26 18:00:00+00:00,33553.8187,33737.3382,33263.9265,33338.7923
2026-03-26 19:00:00+00:00,33342.7051,33402.172,32823.6894,32901.1836
2026-03-26 20:00:00+00:00,32887.1353,33068.1448,32742.6122,32874.3615
2026-03-26 21:00:00+00:00,32882.0944,33449.3847,32875.7785,33314.8182
2026-03-26 22:00:00+00:00,33306.9043,33787.5482,33276.652,33691.9223
2026-03-26 23:00:00+00:00,33686.8464,33897.5956,33581.0206,33709.1488
2026-03-27 00:00:00+00:00,33722.6181,34231.5414,33722.6181,33993.2301
2026-03-27 01:00:00+00:00,33984.5034,34241.7109,33922.0821,34220.0402
2026-03-27 02:00:00+00:00,34222.21,34389.7399,34052.2584,34339.8459
2026-03-27 03:00:00+00:00,34334.3811,34546.0303,34235.9833,34436.9198
2026-03-27 04:00:00+00:00,34437.6406,34691.8026,34353.2717,34564.2997
2026-03-27 05:00:00+00:00,34576.0924,34750.9877,34430.9615,34471.3032
2026-03-27 06:00:00+00:00,34480.9302,34791.7973,34463.1941,34530.8939
2026-03-27 07:00:00+00:00,34533.3875,34580.4888,34302.1934,34405.598
2026-03-27 08:00:00+00:00,34406.1282,34709.2107,34375.9389,34625.9326
2026-03-27 09:00:00+00:00,34624.0748,35117.1012,34595.4331,34736.5387
2026-03-27 10:00:00+00:00,34737.4035,34785.1372,34348.2732,34482.6513
2026-03-27 11:00:00+00:00,34478.3245,34633.797,34295.571,34427.1327
2026-03-27 12:00:00+00:00,34420.9721,34819.806,34390.2166,34819.806
2026-03-27 13:00:00+00:00,34805.4909,35042.3382,34718.029,34952.9188
2026-03-27 14:00:00+00:00,34953.5177,35067.0677,34703.403,35041.6909
2026-03-27 15:00:00+00:00,35053.1108,35204.9753,34871.0268,35009.7274
2026-03-27 16:00:00+00:00,35013.2835,35425.5417,34931.9818,35218.0351
2026-03-27 17:00:00+00:00,35216.4673,35572.0869,35211.1729,35464.2152
2026-03-27 18:00:00+00:00,35460.6286,35519.9199,35040.3732,35280.8353
2026-03-27 19:00:00+00:00,35281.4204,35539.7775,35069.6064,35143.7333
2026-03-27 20:00:00+00:00,35127.4324,35408.887,35127.4324,35142.4981
2026-03-27 21:00:00+00:00,35142.9382,35263.4716,34866.8475,34945.5134
2026-03-27 22:00:00+00:00,34942.9166,35261.0625,34851.7275,35097.4713
2026-03-27 23:00:00+00:00,35096.051,35127.3129,34799.849,34799.849
2026-03-28 00:00:00+00:00,34807.4613,35180.1017,34728.0267,35166.3515
2026-03-28 01:00:00+00:00,35162.1864,35213.6974,34409.6343,34415.1869
2026-03-28 02:00:00+00:00,34411.8309,34741.4832,34286.5824,34572.1092
2026-03-28 03:00:00+00:00,34563.4856,34589.8541,34260.6546,34573.74
2026-03-28 04:00:00+00:00,34567.7718,34838.9699,34435.4647,34557.5888
2026-03-28 05:00:00+00:00,34556.3686,34614.9579,34144.4828,34251.9774
2026-03-28 06:00:00+00:00,34253.0474,34419.2655,34031.5743,34048.8907
2026-03-28 07:00:00+00:00,34041.5273,34440.0791,33890.7888,34386.2435
2026-03-28 08:00:00+00:00,34392.7096,34579.6388,34229.7931,34535.4627
2026-03-28 09:00:00+00:00,34528.5937,34588.362,34203.3606,34267.1545
2026-03-28 10:00:00+00:00,34282.6732,34543.4698,34261.2338,34387.4977
2026-03-28 11:00:00+00:00,34395.9676,34731.1356,34234.4628,34724.2694
2026-03-28 12:00:00+00:00,34722.6362,35050.1077,34667.862,34674.2964
2026-03-28 13:00:00+00:00,34676.6905,34857.9936,34431.034,34721.5047
2026-03-28 14:00:00+00:00,34721.9225,34860.4773,34597.5828,34679.6821
2026-03-28 15:00:00+00:00,34680.4833,34889.8459,34454.0871,34564.8411
2026-03-28 16:00:00+00:00,34556.2938,34626.551,34235.1207,34236.6493
2026-03-28 17:00:00+00:00,34241.0767,34830.7671,34210.3509,34771.5821
2026-03-28 18:00:00+00:00,34764.9125,35053.7457,34634.7206,35008.7585
2026-03-28 19:00:00+00:00,35005.0191,35383.7687,34922.9255,35335.7686
2026-03-28 20:00:00+00:00,35344.6399,35530.5552,34995.2886,34998.5247
2026-03-28 21:00:00+00:00,35001.6152,35144.3493,34816.3051,34944.9309
2026-03-28 22:00:00+00:00,34951.1503,35251.3638,34803.7614,35089.59
2026-03-28 23:00:00+00:00,35079.1199,35172.3378,34887.7016,35098.1083
2026-03-29 00:00:00+00:00,35097.0625,35376.8683,35010.9954,35245.6873
2026-03-29 01:00:00+00:00,35262.2378,35727.4898,35186.236,35464.5746
2026-03-29 02:00:00+00:00,35463.1397,35669.013,35083.1247,35202.8565
2026-03-29 03:00:00+00:00,35203.1012,35609.2434,35134.0173,35387.5572
2026-03-29 04:00:00+00:00,35397.6841,35814.0449,35257.0891,35684.6997
2026-03-29 05:00:00+00:00,35666.5572,35710.5296,35049.9485,35063.7872
2026-03-29 06:00:00+00:00,35061.9992,35412.8173,34908.5842,34917.1258
2026-03-29 07:00:00+00:00,34928.3669,35403.8848,34909.5405,35168.2528
2026-03-29 08:00:00+00:00,35169.3548,35238.5838,34609.412,34670.0241
2026-03-29 09:00:00+00:00,34671.7648,34869.4355,34348.5162,34424.5953
2026-03-29 10:00:00+00:00,34423.6998,35107.7291,34423.6998,35002.036
2026-03-29 11:00:00+00:00,35001.4754,35248.9804,34840.3713,34918.6147
2026-03-29 12:00:00+00:00,34917.3475,35027.4463,34629.578,34780.1321
2026-03-29 13:00:00+00:00,34778.0151,34990.5667,34577.4406,34687.6685
2026-03-29 14:00:00+00:00,34683.8968,34901.2607,34390.8824,34833.4694
2026-03-29 15:00:00+00:00,34840.691,34937.7849,34453.1971,34495.0536
2026-03-29 16:00:00+00:00,34497.6736,34597.7887,34187.8871,34240.5464
2026-03-29 17:00:00+00:00,34236.5279,34338.9007,33723.6662,33976.8887
2026-03-29 18:00:00+00:00,33970.0247,34553.1284,33935.0203,34479.7616
2026-03-29 19:00:00+00:00,34475.226,34531.9764,34030.3522,34049.8234
2026-03-29 20:00:00+00:00,34062.7405,34141.796,33862.2366,34053.8586
2026-03-29 21:00:00+00:00,34059.0532,34311.9659,33875.898,34057.0092
2026-03-29 22:00:00+00:00,34057.1729,34292.86,33961.4716,34277.0339
2026-03-29 23:00:00+00:00,34281.9056,34596.1407,34161.2148,34375.5669
2026-03-30 00:00:00+00:00,34370.2884,34565.5863,34229.0544,34418.4951
2026-03-30 01:00:00+00:00,34413.1144,34513.1395,34215.3314,34412.0506
2026-03-30 02:00:00+00:00,34421.6041,34699.0711,33969.6242,34068.7873
2026-03-30 03:00:00+00:00,34077.3956,34086.9524,33835.6447,33949.7975
2026-03-30 04:00:00+00:00,33955.4559,34234.1487,33936.5697,34095.1085
2026-03-30 05:00:00+00:00,34095.0163,34162.3445,33852.7355,34139.8078
2026-03-30 06:00:00+00:00,34128.543,34222.447,33908.7574,34022.6364
2026-03-30 07:00:00+00:00,34003.7053,34011.3505,33718.6969,33872.491
2026-03-30 08:00:00+00:00,33861.0093,33889.6551,33454.3088,33544.8894
2026-03-30 09:00:00+00:00,33538.2022,33586.0539,33325.1734,33436.2813
2026-03-30 10:00:00+00:00,33442.0589,33602.5277,33220.7821,33274.5221
2026-03-30 11:00:00+00:00,33274.9497,33445.2179,33227.0917,33297.6489
2026-03-30 12:00:00+00:00,33295.2597,33540.7324,33201.2618,33518.9504
2026-03-30 13:00:00+00:00,33520.3009,33602.4442,33334.1668,33445.5634
2026-03-30 14:00:00+00:00,33449.9743,33773.4213,33320.8968,33669.5557
2026-03-30 15:00:00+00:00,33666.1805,33752.0812,33529.4887,33738.2587
2026-03-30 16:00:00+00:00,33735.9739,33840.321,33499.8942,33555.0215
2026-03-30 17:00:00+00:00,33559.3067,33812.3227,33527.0407,33562.1518
2026-03-30 18:00:00+00:00,33569.0745,33740.4502,33247.3953,33381.0491
2026-03-30 19:00:00+00:00,33379.7774,33746.0766,33257.4574,33731.8355
2026-03-30 20:00:00+00:00,33731.7158,33859.4906,33568.6294,33749.1444
2026-03-30 21:00:00+00:00,33755.3777,33910.5147,33338.7667,33528.6045
2026-03-30 22:00:00+00:00,33530.8909,33715.2496,33237.7783,33685.312
2026-03-30 23:00:00+00:00,33683.6849,33858.6325,33381.9994,33486.2169
2026-03-31 00:00:00+00:00,33481.3713,33522.3061,33138.4319,33162.3805
2026-03-31 01:00:00+00:00,33168.5701,33543.4652,33156.531,33416.3509
2026-03-31 02:00:00+00:00,33415.7175,33743.8355,33316.7637,33401.5983
2026-03-31 03:00:00+00:00,33410.3126,33607.3664,33313.6525,33589.8597
2026-03-31 04:00:00+00:00,33593.7602,33700.3015,33305.6426,33393.3323
2026-03-31 05:00:00+00:00,33388.0552,33544.2672,33154.5972,33256.2258
2026-03-31 06:00:00+00:00,33264.1781,33275.0271,33026.595,33113.8994
2026-03-31 07:00:00+00:00,33106.4159,33232.3548,32844.9621,32883.4154
2026-03-31 08:00:00+00:00,32873.9002,32896.4251,32547.4138,32798.0393
2026-03-31 09:00:00+00:00,32807.8977,32862.1,32469.7898,32567.7696
2026-03-31 10:00:00+00:00,32560.5769,32654.8461,32253.7444,32374.065
2026-03-31 11:00:00+00:00,32370.2323,32624.1386,32323.0337,32364.7806
2026-03-31 12:00:00+00:00,32361.8711,32687.938,32328.9108,32449.0099
2026-03-31 13:00:00+00:00,32448.3841,32951.6914,32381.8623,32863.3092
2026-03-31 14:00:00+00:00,32862.2105,32944.0487,32420.2663,32430.1883
2026-03-31 15:00:00+00:00,32430.0631,32593.5292,32299.2109,32343.9483
2026-03-31 16:00:00+00:00,32342.7625,32557.445,32153.6281,32446.8953
2026-03-31 17:00:00+00:00,32435.2425,32537.1528,32187.0328,32503.5727
2026-03-31 18:00:00+00:00,32500.4257,32512.8631,32238.9069,32444.6835
2026-03-31 19:00:00+00:00,32438.0919,32497.9564,32145.8097,32241.4332
2026-03-31 20:00:00+00:00,32248.049,32628.0004,32147.6818,32615.0143
2026-03-31 21:00:00+00:00,32620.6338,33032.0825,32585.4289,33001.7829
2026-03-31 22:00:00+00:00,33001.7776,33680.1971,32966.3473,33499.5495
2026-03-31 23:00:00+00:00,33502.7175,33897.7205,33419.7555,33859.0607
2026-04-01 00:00:00+00:00,33854.9771,33857.4064,33383.6096,33581.9757
2026-04-01 01:00:00+00:00,33578.8291,33711.6069,33397.7297,33412.8351
2026-04-01 02:00:00+00:00,33401.6477,33769.7861,33330.7452,33646.4646
2026-04-01 03:00:00+00:00,33648.3172,33856.2694,33436.0397,33492.3147
2026-04-01 04:00:00+00:00,33484.0091,33602.2031,33262.0982,33280.0761
2026-04-01 05:00:00+00:00,33288.8796,33288.8796,32877.7726,32895.6252
2026-04-01 06:00:00+00:00,32893.9253,33050.0325,32784.6095,32899.7438
2026-04-01 07:00:00+00:00,32895.9491,33036.2152,32697.1208,32861.7653
2026-04-01 08:00:00+00:00,32854.862,32946.4556,32449.9408,32500.4044
2026-04-01 09:00:00+00:00,32498.2379,32561.8448,32223.205,32235.6913
2026-04-01 10:00:00+00:00,32228.8882,32240.5735,32010.2983,32130.7939
2026-04-01 11:00:00+00:00,32129.4387,32387.9609,32000.7984,32149.3724
2026-04-01 12:00:00+00:00,32144.2307,32394.2018,32062.8096,32099.1262
2026-04-01 13:00:00+00:00,32106.3773,32324.1681,31939.8097,32063.3005
2026-04-01 14:00:00+00:00,32061.6019,32402.6003,31862.6462,32232.5471
2026-04-01 15:00:00+00:00,32236.466,32531.1467,32216.6627,32338.0421
2026-04-01 16:00:00+00:00,32338.2228,32432.8552,32019.1394,32120.8452
2026-04-01 17:00:00+00:00,32134.0237,32431.7473,32104.3975,32150.2872
2026-04-01 18:00:00+00:00,32145.6719,32711.8547,32084.9826,32601.9407
2026-04-01 19:00:00+00:00,32603.3451,32919.6096,32502.219,32912.8801
2026-04-01 20:00:00+00:00,32905.4478,33360.2858,32822.9153,32822.9153
2026-04-01 21:00:00+00:00,32825.3228,33299.4122,32817.8748,32987.7544
2026-04-01 22:00:00+00:00,32982.5829,33527.1879,32806.4271,33455.8744
2026-04-01 23:00:00+00:00,33452.8443,33610.7531,33318.8722,33415.1895
2026-04-02 00:00:00+00:00,33422.5522,33981.8364,33402.3579,33636.1653
2026-04-02 01:00:00+00:00,33646.5161,33952.1555,33562.3077,33897.5868
2026-04-02 02:00:00+00:00,33912.8084,33999.9849,33430.841,33456.1709
2026-04-02 03:00:00+00:00,33457.5677,33977.0763,33278.2482,33951.8223
2026-04-02 04:00:00+00:00,33961.7742,34443.3997,33961.7742,34264.5628
2026-04-02 05:00:00+00:00,34269.8874,34417.2649,34134.4148,34227.901
2026-04-02 06:00:00+00:00,34224.1386,34426.048,33848.9695,34322.5344
2026-04-02 07:00:00+00:00,34320.4249,34560.0112,34255.938,34483.7608
2026-04-02 08:00:00+00:00,34481.1628,34786.6272,34328.3272,34446.858
2026-04-02 09:00:00+00:00,34464.3201,34561.0271,33790.5507,33957.3394
2026-04-02 10:00:00+00:00,33957.576,34261.0035,33839.6203,33986.5534
2026-04-02 11:00:00+00:00,33990.967,34345.8132,33960.606,34344.0473
2026-04-02 12:00:00+00:00,34344.6813,34440.1368,34088.5868,34414.1012
2026-04-02 13:00:00+00:00,34408.1435,34765.1712,34360.9101,34647.8041
2026-04-02 14:00:00+00:00,34645.1553,35192.5625,34645.1553,35034.6972
2026-04-02 15:00:00+00:00,35035.1091,35195.2725,34966.8705,34988.8536
2026-04-02 16:00:00+00:00,34983.3227,35025.4737,34526.8501,34708.5497
2026-04-02 17:00:00+00:00,34715.1963,34925.7998,34529.0937,34727.2163
2026-04-02 18:00:00+00:00,34724.7619,34923.2597,34536.1003,34574.3771
2026-04-02 19:00:00+00:00,34572.5973,34659.3852,34190.9611,34368.9354
2026-04-02 20:00:00+00:00,34374.2937,34414.5191,33804.8778,33860.1887
2026-04-02 21:00:00+00:00,33853.3063,34309.4314,33746.2324,34180.1761
2026-04-02 22:00:00+00:00,34179.4571,34759.2291,34040.8891,34640.9829
2026-04-02 23:00:00+00:00,34633.5162,34667.0783,34159.1358,34187.5894
2026-04-03 00:00:00+00:00,34187.9671,34484.2779,34078.0477,34392.6118
2026-04-03 01:00:00+00:00,34387.6547,34596.402,34299.8855,34399.825
2026-04-03 02:00:00+00:00,34403.1014,34606.3003,34203.7726,34574.5385
2026-04-03 03:00:00+00:00,34575.3812,34956.2976,34442.429,34902.5124
2026-04-03 04:00:00+00:00,34907.5447,34949.8112,34554.2101,34765.2777
2026-04-03 05:00:00+00:00,34769.4137,34856.9835,34538.8926,34735.7753
2026-04-03 06:00:00+00:00,34738.8616,34863.6847,34392.9601,34448.334
2026-04-03 07:00:00+00:00,34445.847,34707.3233,34143.6315,34698.4096
2026-04-03 08:00:00+00:00,34698.674,34763.1464,34236.785,34396.1112
2026-04-03 09:00:00+00:00,34392.893,34657.5472,34360.848,34485.5684
2026-04-03 10:00:00+00:00,34484.2498,34554.188,34159.2132,34213.7322
2026-04-03 11:00:00+00:00,34221.5473,34436.5746,34038.5073,34054.8741
2026-04-03 12:00:00+00:00,34058.9614,34466.0209,34041.5838,34362.1772
2026-04-03 13:00:00+00:00,34370.7863,34908.3931,34361.9674,34765.4788
2026-04-03 14:00:00+00:00,34766.8675,34779.0259,34173.0777,34229.5365
2026-04-03 15:00:00+00:00,34216.1764,34279.853,33864.7683,33868.8793
2026-04-03 16:00:00+00:00,33862.7432,34074.4813,33722.2818,34010.2331
2026-04-03 17:00:00+00:00,34010.1546,34142.796,33922.8557,34010.4862
2026-04-03 18:00:00+00:00,34009.948,34244.828,33956.3418,34139.1482
2026-04-03 19:00:00+00:00,34138.8134,34194.8581,33838.1073,33892.1866
2026-04-03 20:00:00+00:00,33896.0363,34161.9617,33715.2111,33772.7843
2026-04-03 21:00:00+00:00,33771.5406,34155.1928,33581.6894,34000.9258
2026-04-03 22:00:00+00:00,34003.378,34144.3645,33576.4397,33658.2113
2026-04-03 23:00:00+00:00,33659.2496,33827.2116,33632.9557,33797.4767
2026-04-04 00:00:00+00:00,33790.0536,34026.0445,33708.8339,33867.3592
2026-04-04 01:00:00+00:00,33868.3304,34176.9349,33839.6422,33963.3959
2026-04-04 02:00:00+00:00,33973.6816,34191.7957,33838.4645,33988.9255
2026-04-04 03:00:00+00:00,33983.1328,34342.6479,33927.7757,34331.7247
2026-04-04 04:00:00+00:00,34328.9786,34601.5907,34212.6607,34482.4415
2026-04-04 05:00:00+00:00,34479.8348,34479.8348,34195.3436,34333.0235
2026-04-04 06:00:00+00:00,34342.4381,34546.1036,34239.6627,34457.6476
2026-04-04 07:00:00+00:00,34453.8691,34471.3674,34217.5507,34222.5686
2026-04-04 08:00:00+00:00,34231.1026,34300.0933,34014.7341,34046.308
2026-04-04 09:00:00+00:00,34050.0327,34091.8171,33758.734,33956.1154
2026-04-04 10:00:00+00:00,33959.4078,34114.0723,33862.3352,33907.4666
2026-04-04 11:00:00+00:00,33914.209,34004.1346,33610.1056,33721.7016
2026-04-04 12:00:00+00:00,33729.8162,34047.5929,33649.0858,33649.0858
2026-04-04 13:00:00+00:00,33641.9961,33843.8641,33521.4752,33728.2018
2026-04-04 14:00:00+00:00,33714.0892,33964.5815,33604.4522,33804.4226
2026-04-04 15:00:00+00:00,33799.4577,33876.5005,33539.2699,33584.6254
2026-04-04 16:00:00+00:00,33578.8076,33827.9162,33475.2767,33785.7303
2026-04-04 17:00:00+00:00,33791.1813,34019.3989,33755.8907,33833.1965
2026-04-04 18:00:00+00:00,33829.5559,34048.2197,33649.4148,33967.154
2026-04-04 19:00:00+00:00,33970.4822,34188.7519,33676.7564,33814.0009
2026-04-04 20:00:00+00:00,33816.0301,34177.249,33657.4233,33672.7555
2026-04-04 21:00:00+00:00,33674.9527,33916.7728,33491.9981,33607.8149
2026-04-04 22:00:00+00:00,33605.8513,34215.2963,33526.0014,34108.583
2026-04-04 23:00:00+00:00,34125.3137,34279.611,33944.5229,34161.2994
2026-04-05 00:00:00+00:00,34171.1644,34272.6901,33841.4469,33963.4497
2026-04-05 01:00:00+00:00,33955.1783,33987.1852,33579.2486,33661.3139
2026-04-05 02:00:00+00:00,33665.045,33759.1949,33447.8088,33543.7728
2026-04-05 03:00:00+00:00,33548.8401,33669.7054,33353.7648,33437.5612
2026-04-05 04:00:00+00:00,33426.2076,33995.8289,33388.798,33750.4397
2026-04-05 05:00:00+00:00,33756.0396,33919.1916,33634.3147,33853.8945
2026-04-05 06:00:00+00:00,33850.6348,34079.3056,33765.0248,33968.3075
2026-04-05 07:00:00+00:00,33966.38,34096.0822,33650.3418,33909.7965
2026-04-05 08:00:00+00:00,33896.403,34153.124,33738.5091,34064.1521
2026-04-05 09:00:00+00:00,34057.9516,34078.3039,33374.7605,33374.8044
2026-04-05 10:00:00+00:00,33380.1057,33433.2317,33009.94,33275.6463
2026-04-05 11:00:00+00:00,33270.6145,33407.6753,32911.1963,32956.4804
2026-04-05 12:00:00+00:00,32950.4858,33224.6603,32737.7586,32793.5593
2026-04-05 13:00:00+00:00,32797.2382,32941.5958,32680.6486,32774.7978
2026-04-05 14:00:00+00:00,32770.4218,32953.5284,32665.6389,32911.5637
2026-04-05 15:00:00+00:00,32904.3655,32951.6908,32462.7796,32940.9486
2026-04-05 16:00:00+00:00,32938.4929,33069.4042,32557.527,32739.2538
2026-04-05 17:00:00+00:00,32732.2884,33097.4594,32701.8142,32725.8527
2026-04-05 18:00:00+00:00,32718.0363,33087.7331,32681.8738,32841.3818
2026-04-05 19:00:00+00:00,32842.8522,33319.5792,32814.2829,33258.4134
2026-04-05 20:00:00+00:00,33263.491,33345.0209,32950.8118,33029.5507
2026-04-05 21:00:00+00:00,33033.3331,33320.1404,32974.2041,33032.2764
2026-04-05 22:00:00+00:00,33025.5118,33196.6182,32891.875,33153.2438
2026-04-05 23:00:00+00:00,33151.4515,33369.7444,33107.6918,33141.4666
2026-04-06 00:00:00+00:00,33140.3398,33155.5137,32823.7276,32913.8043
2026-04-06 01:00:00+00:00,32912.9843,33090.5977,32791.9342,33004.2902
2026-04-06 02:00:00+00:00,32998.7303,33455.1958,32909.8205,33410.46
2026-04-06 03:00:00+00:00,33417.6464,33442.5445,32963.3894,33080.8956
2026-04-06 04:00:00+00:00,33077.0377,33092.5352,32662.0456,32843.5454
2026-04-06 05:00:00+00:00,32849.3808,32931.8473,32530.4795,32530.4795
2026-04-06 06:00:00+00:00,32524.5431,32761.8717,32512.9165,32651.6308
2026-04-06 07:00:00+00:00,32650.8584,32663.6514,32377.4094,32581.8519
2026-04-06 08:00:00+00:00,32579.6287,32826.2444,32380.1521,32773.1907
2026-04-06 09:00:00+00:00,32770.8364,33161.1695,32702.9449,32750.4087
2026-04-06 10:00:00+00:00,32753.1403,32889.5264,32618.6407,32877.1745
2026-04-06 11:00:00+00:00,32881.9558,33397.2846,32782.8955,33379.8998
2026-04-06 12:00:00+00:00,33383.0175,33759.8418,33191.1725,33756.592
2026-04-06 13:00:00+00:00,33765.6569,34200.1207,33764.5098,34071.5756
2026-04-06 14:00:00+00:00,34064.1172,34202.1668,33863.9172,33965.9592
2026-04-06 15:00:00+00:00,33967.8334,34635.6345,33958.2204,34601.4073
2026-04-06 16:00:00+00:00,34599.0899,35005.4667,34468.3458,34890.5896
2026-04-06 17:00:00+00:00,34887.1444,35036.8861,34728.2042,34879.5882
2026-04-06 18:00:00+00:00,34881.6741,34929.0022,34634.9806,34762.0227
2026-04-06 19:00:00+00:00,34765.5696,34837.8664,34248.5097,34346.1767
2026-04-06 20:00:00+00:00,34353.808,34733.3355,34267.641,34272.3427
2026-04-06 21:00:00+00:00,34273.1001,34570.8832,34202.6297,34315.208
2026-04-06 22:00:00+00:00,34316.286,34600.4412,34198.9001,34455.9252
2026-04-06 23:00:00+00:00,34457.7932,34543.5689,34288.437,34419.4471
2026-04-07 00:00:00+00:00,34415.4321,34480.7133,34198.0305,34324.9231
2026-04-07 01:00:00+00:00,34323.3629,34500.9325,34018.5917,34018.5917
2026-04-07 02:00:00+00:00,34015.4618,34021.0828,33668.7682,33668.7682
2026-04-07 03:00:00+00:00,33666.7777,33764.1134,33290.4621,33764.1134
2026-04-07 04:00:00+00:00,33771.9693,33848.8347,33557.5716,33646.0527
2026-04-07 05:00:00+00:00,33643.4898,33849.77,33304.1121,33342.2856
2026-04-07 06:00:00+00:00,33333.2195,33415.7779,33083.136,33153.1334
2026-04-07 07:00:00+00:00,33147.4675,33161.4896,32771.2549,32974.3576
2026-04-07 08:00:00+00:00,32979.0274,33188.6847,32930.5711,33156.2686
2026-04-07 09:00:00+00:00,33147.4533,33147.4533,32499.9529,32625.2446
2026-04-07 10:00:00+00:00,32625.2882,33032.5562,32537.0882,33023.4511
2026-04-07 11:00:00+00:00,33024.6381,33070.4007,32800.5897,32843.5661
2026-04-07 12:00:00+00:00,32836.906,33105.586,32716.9816,32936.3238
2026-04-07 13:00:00+00:00,32934.9833,33288.4981,32934.9833,33157.6091
2026-04-07 14:00:00+00:00,33163.7337,33385.4385,33048.7707,33344.6473
2026-04-07 15:00:00+00:00,33346.0553,33453.3843,33027.7747,33053.6721
2026-04-07 16:00:00+00:00,33040.068,33188.9296,32812.8257,32812.8257
2026-04-07 17:00:00+00:00,32813.1409,33176.1773,32793.0817,33083.13
2026-04-07 18:00:00+00:00,33091.0283,33172.699,32803.1643,32871.5739
2026-04-07 19:00:00+00:00,32877.6885,33223.4245,32777.0986,33058.3457
2026-04-07 20:00:00+00:00,33058.2137,33593.9959,33021.9657,33533.1301
2026-04-07 21:00:00+00:00,33531.6662,33872.1032,33473.7108,33701.7235
2026-04-07 22:00:00+00:00,33709.1885,33829.4607,33418.8199,33742.5699
2026-04-07 23:00:00+00:00,33748.4103,34027.2232,33696.8658,33758.4582
2026-04-08 00:00:00+00:00,33754.8281,33844.225,33453.6013,33556.8523
2026-04-08 01:00:00+00:00,33551.662,33764.1917,33323.1173,33516.4758
2026-04-08 02:00:00+00:00,33528.8502,33592.8243,33191.5415,33228.115
2026-04-08 03:00:00+00:00,33225.8564,33321.2388,32987.7172,33090.1373
2026-04-08 04:00:00+00:00,33091.1104,33266.643,32893.009,32923.3355
2026-04-08 05:00:00+00:00,32921.9502,33047.3935,32752.9813,32992.1754
2026-04-08 06:00:00+00:00,32991.9531,33164.9905,32687.9786,32704.523
2026-04-08 07:00:00+00:00,32704.6888,32804.9484,32399.4769,32598.5288
2026-04-08 08:00:00+00:00,32607.1861,32706.8693,32224.4672,32271.2767
2026-04-08 09:00:00+00:00,32277.983,32415.4794,32042.2482,32153.2933
2026-04-08 10:00:00+00:00,32146.7795,32362.5243,32087.0218,32226.9196
2026-04-08 11:00:00+00:00,32216.6548,32584.3869,32077.336,32413.2655
2026-04-08 12:00:00+00:00,32413.2912,32423.9308,32044.5492,32268.2488
2026-04-08 13:00:00+00:00,32268.2996,32481.7782,32221.945,32396.3385
2026-04-08 14:00:00+00:00,32392.3503,32565.4112,31917.2632,32099.6694
2026-04-08 15:00:00+00:00,32103.7947,32313.1286,31844.1652,31988.4937
2026-04-08 16:00:00+00:00,31988.8127,32129.2302,31660.9149,31703.7695
2026-04-08 17:00:00+00:00,31701.3784,31737.437,31464.879,31544.5204
2026-04-08 18:00:00+00:00,31538.6003,31666.0343,31094.9477,31158.6436
2026-04-08 19:00:00+00:00,31154.2867,31392.4951,31012.8182,31199.7337
2026-04-08 20:00:00+00:00,31198.7289,31198.7289,30366.2378,30436.4209
2026-04-08 21:00:00+00:00,30441.9052,30741.1367,30357.8993,30634.6964
2026-04-08 22:00:00+00:00,30635.188,30874.7082,30594.9697,30718.7414
2026-04-08 23:00:00+00:00,30720.7772,30870.0753,30659.0104,30805.4708
2026-04-09 00:00:00+00:00,30803.2576,30875.9336,30306.5551,30462.812
2026-04-09 01:00:00+00:00,30467.1165,30843.8813,30377.2344,30842.4068
2026-04-09 02:00:00+00:00,30848.543,30930.6657,30695.5129,30846.2806
2026-04-09 03:00:00+00:00,30845.0775,30884.149,30464.881,30495.2963
2026-04-09 04:00:00+00:00,30495.3056,30677.553,30463.531,30529.5704
2026-04-09 05:00:00+00:00,30529.7347,30742.9088,30445.3338,30527.6689
2026-04-09 06:00:00+00:00,30529.2816,30556.5637,30248.1227,30378.6123
2026-04-09 07:00:00+00:00,30376.5756,30461.0057,29896.2571,30011.4454
2026-04-09 08:00:00+00:00,30015.8967,30438.7916,29858.6577,30420.3616
2026-04-09 09:00:00+00:00,30423.6818,30627.2592,30349.0749,30469.6058
2026-04-09 10:00:00+00:00,30466.9214,30767.4218,30398.9964,30761.3434
2026-04-09 11:00:00+00:00,30754.7082,31267.2182,30693.085,31215.2816
2026-04-09 12:00:00+00:00,31224.2538,31314.7929,30918.8255,31145.0263
2026-04-09 13:00:00+00:00,31146.9637,31464.6074,31092.1444,31385.5649
2026-04-09 14:00:00+00:00,31386.3073,31700.0449,31247.7284,31684.8097
2026-04-09 15:00:00+00:00,31692.3079,31860.6106,31538.7357,31635.7522
2026-04-09 16:00:00+00:00,31637.9566,31718.1818,31529.7281,31644.0479
2026-04-09 17:00:00+00:00,31631.868,31688.8251,31422.3868,31482.1363
2026-04-09 18:00:00+00:00,31486.4535,31986.3334,31362.4087,31888.1519
2026-04-09 19:00:00+00:00,31887.1356,32226.7272,31850.8576,32104.0535
2026-04-09 20:00:00+00:00,32098.4398,32268.7642,31892.8497,31946.2707
2026-04-09 21:00:00+00:00,31954.9187,32598.7844,31909.1513,32494.5994
2026-04-09 22:00:00+00:00,32488.2868,32813.6973,32417.9889,32774.1426
2026-04-09 23:00:00+00:00,32769.3005,32877.3632,32541.1841,32770.265
2026-04-10 00:00:00+00:00,32758.5702,32968.735,32673.1547,32855.5964
2026-04-10 01:00:00+00:00,32862.9623,33049.871,32647.7777,33031.8242
2026-04-10 02:00:00+00:00,33031.771,33188.7708,32719.5057,32719.5057
2026-04-10 03:00:00+00:00,32724.9047,32833.8357,32466.1372,32743.9531
2026-04-10 04:00:00+00:00,32754.5389,32956.7294,32666.0316,32704.1735
2026-04-10 05:00:00+00:00,32710.3172,32716.3773,32481.3548,32611.8118
2026-04-10 06:00:00+00:00,32610.0655,33064.0498,32436.0687,33023.6895
2026-04-10 07:00:00+00:00,33022.0475,33208.7535,32791.9628,32805.3381
2026-04-10 08:00:00+00:00,32806.5816,32903.8711,32561.8008,32766.033
2026-04-10 09:00:00+00:00,32766.3313,33260.3504,32757.3904,33237.4797
2026-04-10 10:00:00+00:00,33238.223,33518.23,33118.5638,33429.923
2026-04-10 11:00:00+00:00,33432.1222,33651.903,33239.0472,33429.0549
2026-04-10 12:00:00+00:00,33432.1517,33484.3874,33079.9748,33370.2664
2026-04-10 13:00:00+00:00,33358.1448,33534.0473,33077.8904,33114.7597
2026-04-10 14:00:00+00:00,33117.8014,33192.9516,32815.874,32926.9973
2026-04-10 15:00:00+00:00,32926.0073,33045.1303,32769.5975,32909.0278
2026-04-10 16:00:00+00:00,32914.5939,32962.4651,32596.5797,32767.6375
2026-04-10 17:00:00+00:00,32768.4244,33048.8206,32658.8968,33040.7756
2026-04-10 18:00:00+00:00,33038.8001,33111.6239,32799.4121,33056.5259
2026-04-10 19:00:00+00:00,33045.2827,33335.4685,32979.3089,33198.5502
2026-04-10 20:00:00+00:00,33195.2936,33273.603,32710.8943,32846.1238
2026-04-10 21:00:00+00:00,32842.2937,33503.9255,32770.2234,33476.6741
2026-04-10 22:00:00+00:00,33487.0687,33798.3404,33324.2176,33737.1149
2026-04-10 23:00:00+00:00,33735.4718,33743.8419,33102.6521,33109.1367
2026-04-11 00:00:00+00:00,33097.8863,33267.1121,33047.3968,33210.6564
2026-04-11 01:00:00+00:00,33216.3714,33266.9982,33023.5325,33196.9106
2026-04-11 02:00:00+00:00,33180.384,33595.4188,33016.7992,33541.9888
2026-04-11 03:00:00+00:00,33542.8562,34153.9138,33464.4363,34070.5835
2026-04-11 04:00:00+00:00,34069.6291,34355.7027,33958.0219,34075.1024
2026-04-11 05:00:00+00:00,34071.7966,34242.7972,33811.696,33955.2725
2026-04-11 06:00:00+00:00,33956.3814,34097.6049,33666.1969,33680.6951
2026-04-11 07:00:00+00:00,33661.9569,33754.6799,33302.7608,33621.2991
2026-04-11 08:00:00+00:00,33635.6423,33702.3742,33275.3649,33275.3649
2026-04-11 09:00:00+00:00,33269.8321,33552.5214,33200.1904,33318.0692
2026-04-11 10:00:00+00:00,33318.5055,33531.306,33283.5694,33488.4749
2026-04-11 11:00:00+00:00,33482.3707,33638.9177,33231.7695,33333.8403
2026-04-11 12:00:00+00:00,33341.2291,33478.2659,33016.7926,33025.7253
2026-04-11 13:00:00+00:00,33021.5119,33503.4027,33001.5153,33399.4929
2026-04-11 14:00:00+00:00,33396.9855,33632.9129,33318.244,33481.3872
2026-04-11 15:00:00+00:00,33486.8423,33778.8045,33440.8054,33695.4441
2026-04-11 16:00:00+00:00,33702.6156,34118.1417,33577.0332,34076.0804
2026-04-11 17:00:00+00:00,34067.4828,34171.2259,33635.2253,33714.8595
2026-04-11 18:00:00+00:00,33707.7722,33909.6104,33661.7014,33720.8069
2026-04-11 19:00:00+00:00,33724.6805,33805.245,33280.7809,33477.8035
2026-04-11 20:00:00+00:00,33469.3743,33831.2889,33436.5885,33797.6091
2026-04-11 21:00:00+00:00,33806.7915,33928.1177,33464.9575,33549.3811
2026-04-11 22:00:00+00:00,33550.3262,33645.0868,33303.2943,33460.368
2026-04-11 23:00:00+00:00,33468.8566,33498.8012,32922.6921,33089.7227
2026-04-12 00:00:00+00:00,33095.9938,33181.0606,32883.8081,32965.8031
2026-04-12 01:00:00+00:00,32971.6359,33196.8461,32860.1101,33070.3696
2026-04-12 02:00:00+00:00,33067.588,33265.0584,32975.0898,33127.8299
2026-04-12 03:00:00+00:00,33133.8436,33186.5787,32819.8626,33114.5698
2026-04-12 04:00:00+00:00,33106.5719,33424.5905,33052.1847,33236.8301
2026-04-12 05:00:00+00:00,33242.7017,33391.0825,32995.2174,33295.8039
2026-04-12 06:00:00+00:00,33281.8379,33632.1688,33266.2249,33323.4885
2026-04-12 07:00:00+00:00,33322.9003,33729.7007,33235.2496,33345.985
2026-04-12 08:00:00+00:00,33347.2704,33405.0431,33037.3984,33290.703
2026-04-12 09:00:00+00:00,33281.5773,33443.8257,33141.3624,33199.2175
2026-04-12 10:00:00+00:00,33198.7691,33352.7571,32956.5042,33218.13
2026-04-12 11:00:00+00:00,33227.4528,33464.2419,33118.6246,33360.4661
2026-04-12 12:00:00+00:00,33364.4873,33880.6702,33340.6583,33726.4142
2026-04-12 13:00:00+00:00,33726.4846,34040.7325,33698.654,34026.7941
2026-04-12 14:00:00+00:00,34022.3633,34096.8228,33855.4283,33898.7188
2026-04-12 15:00:00+00:00,33890.8125,33935.6436,33505.3334,33507.2217
2026-04-12 16:00:00+00:00,33498.7478,33988.8837,33461.4309,33695.5682
2026-04-12 17:00:00+00:00,33700.6797,33940.0145,33438.2815,33922.6098
2026-04-12 18:00:00+00:00,33922.1286,34141.3863,33782.1714,33797.0515
2026-04-12 19:00:00+00:00,33799.4031,33928.7044,33536.0286,33618.8552
2026-04-12 20:00:00+00:00,33618.3742,34257.3618,33498.4536,34167.3066
2026-04-12 21:00:00+00:00,34175.4604,34358.4945,34090.9616,34303.4534
2026-04-12 22:00:00+00:00,34303.6638,34603.1964,34285.8608,34497.3488
2026-04-12 23:00:00+00:00,34495.3724,34510.6816,34200.3997,34200.3997
2026-04-13 00:00:00+00:00,34195.6173,34702.3905,34161.3263,34606.256
2026-04-13 01:00:00+00:00,34614.6911,35017.9826,34567.6044,35003.0757
2026-04-13 02:00:00+00:00,34991.0718,35237.9061,34908.9241,35108.4692
2026-04-13 03:00:00+00:00,35104.4141,35402.9272,35104.4141,35269.552
2026-04-13 04:00:00+00:00,35275.4405,35413.1347,35012.2169,35393.1214
2026-04-13 05:00:00+00:00,35396.4708,35410.3255,35206.412,35320.1119
2026-04-13 06:00:00+00:00,35319.3281,35792.2972,35190.6055,35474.7411
2026-04-13 07:00:00+00:00,35476.847,35533.1894,35054.0647,35166.4132
2026-04-13 08:00:00+00:00,35162.2327,35410.0326,34473.183,34520.6275
2026-04-13 09:00:00+00:00,34520.5214,34627.4928,34340.1752,34521.1952
2026-04-13 10:00:00+00:00,34529.6262,34792.5855,34324.5834,34678.9523
2026-04-13 11:00:00+00:00,34686.4911,34751.666,34489.3359,34684.0793
2026-04-13 12:00:00+00:00,34677.9565,34677.9565,34087.0556,34159.4819
2026-04-13 13:00:00+00:00,34161.5369,34632.5851,34115.4238,34583.5049
2026-04-13 14:00:00+00:00,34583.115,34583.115,34237.0795,34241.2771
2026-04-13 15:00:00+00:00,34238.6378,34461.1162,34237.596,34441.3744
2026-04-13 16:00:00+00:00,34450.2479,34810.5907,34252.5121,34473.55
2026-04-13 17:00:00+00:00,34479.6052,34548.8769,33997.3216,34026.0953
2026-04-13 18:00:00+00:00,34021.0802,34377.879,33932.4847,34216.1273
2026-04-13 19:00:00+00:00,34229.7926,34249.7834,33900.706,33976.3517
2026-04-13 20:00:00+00:00,33975.6983,34167.2397,33781.4755,33839.7726
2026-04-13 21:00:00+00:00,33844.341,34004.6486,33663.1078,33775.5554
2026-04-13 22:00:00+00:00,33774.6794,33778.4562,33491.688,33620.0795
2026-04-13 23:00:00+00:00,33622.6179,33647.6632,32884.0901,32892.3229
