setup_id,structural_episode_id,direction,decision_time,entry,stop,tp1,tp2,fill_status,filled_time,resolution_time,outcome,gross_r,cost_price_conservative,cost_atr_conservative,cost_r_conservative,net_r_zero_cost,net_r_base_cost,net_r_conservative_cost,mfe_r,mae_r,maximum_holding_candles,resolution_candle,ambiguity_flag,m5_index_at_entry
vsp-setup-7701a8bdcb0854d38c85,2025-10-31 10:00:00+00:00,buy,2025-11-01 02:30:00+00:00,49046.133,48747.54068285714,49500.3059,49520.5939,FILLED,2025-11-01 02:30:00+00:00,2025-11-01T02:45:00.000000,STOP,-1.0,29.859231714285855,0.19957074476549092,0.1,-1.0,-1.05,-1.1,0.5813555474601987,-inf,4,2025-11-01T02:45:00.000000,False,4925
vsp-setup-316042efe25fae68cd77,2025-10-31 11:00:00+00:00,buy,2025-11-01 03:55:00+00:00,48652.01555,48221.10363642857,49406.3549,49500.3059,FILLED,2025-11-01 03:55:00+00:00,2025-11-01T12:30:00.000000,STOP,-1.0,43.09119135714282,0.243043905183671,0.1,-1.0,-1.05,-1.1,1.5917451534704699,-inf,104,2025-11-01T12:30:00.000000,False,4942
vsp-setup-68f0af60674f8c8f1323,2025-10-31 11:00:00+00:00,buy,2025-11-01 05:20:00+00:00,48776.311,48363.05603214286,49406.3549,49500.3059,FILLED,2025-11-01 05:20:00+00:00,2025-11-01T06:20:00.000000,STOP,-1.0,41.3254967857145,0.27787298626755946,0.1,-1.0,-1.05,-1.1,0.25849731596432846,-inf,13,2025-11-01T06:20:00.000000,False,4959
vsp-setup-e6fe595737494a2f0285,2025-10-31 11:00:00+00:00,buy,2025-11-01 08:05:00+00:00,48888.5004,48320.47272107143,49752.8089,49781.8782,FILLED,2025-11-01 08:05:00+00:00,2025-11-01T11:15:00.000000,STOP,-1.0,56.80276789285636,0.3079838603330221,0.1,-1.0,-1.05,-1.1,0.7911887337034605,-inf,39,2025-11-01T11:15:00.000000,False,4992
vsp-setup-ca8ce68761bbdc59e5a0,2025-10-31 11:00:00+00:00,buy,2025-11-01 09:25:00+00:00,49018.2763,48655.52140285714,49752.8089,49781.8782,FILLED,2025-11-01 09:25:00+00:00,2025-11-01T10:40:00.000000,STOP,-1.0,36.275489714285506,0.25010315033623687,0.1,-1.0,-1.05,-1.1,0.8811492346969719,-inf,16,2025-11-01T10:40:00.000000,False,5008
vsp-setup-f2d77c27426ed8780422,2025-10-31 11:00:00+00:00,buy,2025-11-01 09:50:00+00:00,49216.1172,48851.9556625,49781.8782,49809.9031,FILLED,2025-11-01 09:50:00+00:00,2025-11-01T10:05:00.000000,STOP,-1.0,36.416153750000376,0.2371921429038698,0.1,-1.0,-1.05,-1.1,0.02955144597059598,-inf,4,2025-11-01T10:05:00.000000,False,5013
vsp-setup-32a29fceadca6fb3aae0,2025-11-01 16:00:00+00:00,sell,2025-11-01 22:20:00+00:00,46845.52195,47106.02343,46138.2486,46130.0432,FILLED,2025-11-01 22:20:00+00:00,2025-11-01T22:30:00.000000,STOP,-1.0,26.0501479999999,0.16647215598977722,0.1,-1.0,-1.05,-1.1,0.22269297663876159,-inf,3,2025-11-01T22:30:00.000000,False,5163
vsp-setup-5fcf8ccbb96e74efae2c,2025-11-01 16:00:00+00:00,sell,2025-11-02 02:20:00+00:00,47057.5646,47540.63725642857,46138.2486,46130.0432,FILLED,2025-11-02 02:20:00+00:00,2025-11-02T03:35:00.000000,STOP,-1.0,48.30726564285724,0.3023372036986694,0.1,-1.0,-1.05,-1.1,0.6254102689926643,-inf,16,2025-11-02T03:35:00.000000,False,5211
vsp-setup-90c6be79b7a501c88974,2025-11-01 16:00:00+00:00,sell,2025-11-02 02:40:00+00:00,47040.89195,47540.76370285714,46138.2486,46130.0432,FILLED,2025-11-02 02:40:00+00:00,2025-11-02T03:35:00.000000,STOP,-1.0,49.98717528571433,0.3052009306481022,0.1,-1.0,-1.05,-1.1,0.571038368078323,-inf,12,2025-11-02T03:35:00.000000,False,5215
vsp-setup-cd8735a6d54e60457d14,2025-11-02 06:00:00+00:00,buy,2025-11-02 06:40:00+00:00,48313.03885,47172.985563214286,50093.5219,50175.8008,FILLED,2025-11-02 06:40:00+00:00,2025-11-03T02:20:00.000000,STOP,-1.0,114.0053286785711,0.7477238945411946,0.1,-1.0,-1.05,-1.1,1.032461520565088,-inf,237,2025-11-03T02:20:00.000000,False,5263
vsp-setup-14fbf7635b7952bc14d6,2025-11-02 06:00:00+00:00,buy,2025-11-02 06:55:00+00:00,48188.248,47172.25671928572,50093.5219,50175.8008,FILLED,2025-11-02 06:55:00+00:00,2025-11-03T02:20:00.000000,STOP,-1.0,101.59912807142828,0.6549396860019842,0.1,-1.0,-1.05,-1.1,1.2813613903110908,-inf,234,2025-11-03T02:20:00.000000,False,5266
vsp-setup-4b2e448fdf873c4f5b3c,2025-11-02 06:00:00+00:00,buy,2025-11-02 08:10:00+00:00,47864.087,47581.07784214286,48414.1577,48587.2308,FILLED,2025-11-02 08:10:00+00:00,2025-11-02T09:30:00.000000,TP1,1.9436498244967708,28.300915785713734,0.17836483052872845,0.1,1.9436498244967708,1.8936498244967708,1.8436498244967707,1.9895716600246494,-inf,17,2025-11-02T09:30:00.000000,False,5281
vsp-setup-8b1a6645a7ab7deb2901,2025-11-02 06:00:00+00:00,buy,2025-11-02 08:35:00+00:00,47976.4661,47600.03547678571,48587.2308,48601.262,FILLED,2025-11-02 08:35:00+00:00,2025-11-02T09:40:00.000000,TP1,1.622515975944709,37.643062321428445,0.22758433778306444,0.1,1.622515975944709,1.572515975944709,1.5225159759447089,1.9096403312298873,-inf,14,2025-11-02T09:40:00.000000,False,5286
vsp-setup-4e8c36e4999e278cdada,2025-11-02 06:00:00+00:00,buy,2025-11-02 10:00:00+00:00,48616.41655,47657.59596107143,50093.5219,50220.6083,FILLED,2025-11-02 10:00:00+00:00,2025-11-02T22:35:00.000000,STOP,-1.0,95.88205889285746,0.5097747159114794,0.1,-1.0,-1.05,-1.1,0.911206392612289,-inf,152,2025-11-02T22:35:00.000000,False,5303
vsp-setup-8fd022dce3044ac4f25a,2025-11-02 11:00:00+00:00,buy,2025-11-02 13:40:00+00:00,49229.9073,48588.551855,50220.6083,50768.4856,FILLED,2025-11-02 13:40:00+00:00,2025-11-02T15:05:00.000000,STOP,-1.0,64.13554450000011,0.37277758354875723,0.1,-1.0,-1.05,-1.1,0.0045533253405183865,-inf,18,2025-11-02T15:05:00.000000,False,5347
vsp-setup-f13b77e516e50c590cdc,2025-11-02 14:00:00+00:00,buy,2025-11-02 14:40:00+00:00,49229.9073,48587.85271,50220.6083,50768.4856,FILLED,2025-11-02 14:40:00+00:00,2025-11-02T15:05:00.000000,STOP,-1.0,64.20545899999998,0.3414418858570367,0.1,-1.0,-1.05,-1.1,-0.505222616662548,-inf,6,2025-11-02T15:05:00.000000,False,5359
vsp-setup-147c42d1dedcf750ce19,2025-11-02 11:00:00+00:00,buy,2025-11-02 16:50:00+00:00,48535.82135,48083.0282625,49232.8276,49267.214,FILLED,2025-11-02 16:50:00+00:00,2025-11-02T19:45:00.000000,STOP,-1.0,45.27930874999947,0.23883592028472955,0.1,-1.0,-1.05,-1.1,0.801052975438819,-inf,36,2025-11-02T19:45:00.000000,False,5385
vsp-setup-b2ca75d65986a92ce026,2025-11-02 11:00:00+00:00,buy,2025-11-02 17:00:00+00:00,48714.9016,48083.13445285714,50093.5219,50220.6083,FILLED,2025-11-02 17:00:00+00:00,2025-11-02T19:45:00.000000,STOP,-1.0,63.17671471428548,0.361310379108038,0.1,-1.0,-1.05,-1.1,0.29066247086520103,-inf,34,2025-11-02T19:45:00.000000,False,5387
vsp-setup-905194739da8c106a166,2025-11-02 11:00:00+00:00,buy,2025-11-02 17:25:00+00:00,48744.31165,48620.38287607143,49211.584,49232.8276,FILLED,2025-11-02 17:25:00+00:00,2025-11-02T17:40:00.000000,STOP,-1.0,12.39287739285719,0.06943488361231806,0.1,-1.0,-1.05,-1.1,1.2210993880018597,-inf,4,2025-11-02T17:40:00.000000,False,5392
vsp-setup-e642bf893d87a7fd05d2,2025-11-02 19:00:00+00:00,sell,2025-11-02 19:05:00+00:00,48537.13305,48763.45012964286,48091.9301,48014.101,FILLED,2025-11-02 19:05:00+00:00,2025-11-02T19:45:00.000000,TP1,1.9671646112726069,22.631707964286036,0.12438501117877232,0.1,1.9671646112726069,1.9171646112726068,1.8671646112726068,2.212157609978218,-inf,9,2025-11-02T19:45:00.000000,False,5412
vsp-setup-5ed72e022eb0d5a71ab5,2025-11-02 19:00:00+00:00,sell,2025-11-02 21:00:00+00:00,47925.03305,48617.94863607143,46755.446,46600.9433,FILLED,2025-11-02 21:00:00+00:00,2025-11-03T05:05:00.000000,TP1,1.6879214055944542,69.29155860714309,0.4348801779774127,0.1,1.6879214055944542,1.6379214055944542,1.5879214055944542,1.695465758911204,-inf,98,2025-11-03T05:05:00.000000,False,5435
vsp-setup-50638d676a1c87fc9a43,2025-11-02 22:00:00+00:00,sell,2025-11-02 23:40:00+00:00,47686.61995,48310.35558607143,46600.9433,46138.2486,FILLED,2025-11-02 23:40:00+00:00,2025-11-03T06:30:00.000000,TP1,1.7406038507565162,62.373563607143296,0.39322142719542025,0.1,1.7406038507565162,1.6906038507565162,1.6406038507565162,1.860150651817378,-inf,83,2025-11-03T06:30:00.000000,False,5467
vsp-setup-b65d23774902823f7e7c,2025-11-03 00:00:00+00:00,sell,2025-11-03 00:05:00+00:00,47686.61995,48310.43099678571,46600.9433,46138.2486,FILLED,2025-11-03 00:05:00+00:00,2025-11-03T06:30:00.000000,TP1,1.74039343418833,62.38110467857114,0.39995232892817184,0.1,1.74039343418833,1.69039343418833,1.64039343418833,1.8599257835819696,-inf,78,2025-11-03T06:30:00.000000,False,5472
vsp-setup-ea3fcae31e8b9236e121,2025-11-03 00:00:00+00:00,sell,2025-11-03 01:40:00+00:00,47367.7289,47937.59841571429,46077.6669,,FILLED,2025-11-03 01:40:00+00:00,2025-11-03T08:55:00.000000,TP1,2.2637848918502232,56.986951571428655,0.35956304349040735,0.1,2.2637848918502232,2.2137848918502234,2.163784891850223,2.4794847961448556,-inf,88,2025-11-03T08:55:00.000000,False,5491
vsp-setup-9ae863671290b46baf9d,2025-11-03 11:00:00+00:00,sell,2025-11-03 13:30:00+00:00,46124.00025,46756.488085000005,45098.1093,45056.7506,FILLED,2025-11-03 13:30:00+00:00,2025-11-03T15:10:00.000000,TP1,1.621993172406216,63.24878350000072,0.4366944024317703,0.1,1.621993172406216,1.571993172406216,1.521993172406216,1.7160256528886246,-inf,21,2025-11-03T15:10:00.000000,False,5633
vsp-setup-3239cd125c6f81e37f2c,2025-11-04 05:00:00+00:00,sell,2025-11-04 08:00:00+00:00,42163.5509,42331.31958428572,41750.0479,41338.0766,FILLED,2025-11-04 08:00:00+00:00,2025-11-04T08:20:00.000000,TP1,2.464721004164265,16.776868428571472,0.1257660489404364,0.1,2.464721004164265,2.414721004164265,2.364721004164265,2.59751157884658,-inf,5,2025-11-04T08:20:00.000000,False,5855
vsp-setup-4c29020c0044f47b02c0,2025-11-04 05:00:00+00:00,sell,2025-11-04 08:15:00+00:00,41968.57925,42349.56110785714,41338.0766,,FILLED,2025-11-04 08:15:00+00:00,2025-11-04T09:40:00.000000,STOP,-1.0,38.098185785713575,0.2706450513438173,0.1,-1.0,-1.05,-1.1,0.6320758981922485,-inf,18,2025-11-04T09:40:00.000000,False,5858
vsp-setup-456cbe78adbfac8e679d,2025-11-04 09:00:00+00:00,buy,2025-11-04 09:35:00+00:00,42089.27855,41828.499105,42708.3637,42748.2401,FILLED,2025-11-04 09:35:00+00:00,2025-11-04T11:35:00.000000,TP1,2.373979858726974,26.077944500000015,0.17510027765403968,0.1,2.373979858726974,2.323979858726974,2.2739798587269737,3.1533867632857153,-inf,25,2025-11-04T11:35:00.000000,False,5874
vsp-setup-f76875f1f37f3cc65d07,2025-11-04 09:00:00+00:00,buy,2025-11-04 09:55:00+00:00,42412.5214,41838.67980285714,43375.6937,43514.9193,FILLED,2025-11-04 09:55:00+00:00,2025-11-04T15:45:00.000000,STOP,-1.0,57.38415971428549,0.3803950770789649,0.1,-1.0,-1.05,-1.1,1.0811466144821054,-inf,71,2025-11-04T15:45:00.000000,False,5878
vsp-setup-983e95b57f39bf84a5a3,2025-11-04 09:00:00+00:00,buy,2025-11-04 10:35:00+00:00,42526.43125,41838.67075357143,43605.085,43789.4114,FILLED,2025-11-04 10:35:00+00:00,2025-11-04T15:45:00.000000,STOP,-1.0,68.7760496428571,0.4707153360856684,0.1,-1.0,-1.05,-1.1,0.7364439403399226,-inf,63,2025-11-04T15:45:00.000000,False,5886
vsp-setup-5c51366b3c504aafae3d,2025-11-04 11:00:00+00:00,buy,2025-11-04 11:05:00+00:00,42526.43125,41838.000940357146,43605.085,43789.4114,FILLED,2025-11-04 11:05:00+00:00,2025-11-04T15:45:00.000000,STOP,-1.0,68.84303096428557,0.44119586826925866,0.1,-1.0,-1.05,-1.1,0.7357274119188026,-inf,57,2025-11-04T15:45:00.000000,False,5892
vsp-setup-13e7b5324fb37d2178ba,2025-11-04 11:00:00+00:00,buy,2025-11-04 16:50:00+00:00,42103.26345,41800.30646607142,42656.5767,42946.776,FILLED,2025-11-04 16:50:00+00:00,2025-11-04T18:00:00.000000,TP1,1.8263756221260983,30.295698392857595,0.19997427476283908,0.1,1.8263756221260983,1.7763756221260982,1.7263756221260982,1.932230914135353,-inf,15,2025-11-04T18:00:00.000000,False,5961
vsp-setup-6c90a471cf935e04dc59,2025-11-04 11:00:00+00:00,buy,2025-11-04 17:05:00+00:00,42185.51995,41840.407625,42946.776,43032.9283,FILLED,2025-11-04 17:05:00+00:00,2025-11-04T19:00:00.000000,TP1,2.205821104766375,34.51123250000019,0.2216971079779246,0.1,2.205821104766375,2.155821104766375,2.105821104766375,2.3858479989087455,-inf,24,2025-11-04T19:00:00.000000,False,5964
vsp-setup-93af5834df217df513ec,2025-11-04 11:00:00+00:00,buy,2025-11-04 18:20:00+00:00,42608.4774,42214.40221857143,43219.9567,43375.6937,FILLED,2025-11-04 18:20:00+00:00,2025-11-04T19:50:00.000000,TP1,1.5516818333580507,39.40751814285759,0.30788446490167826,0.1,1.5516818333580507,1.5016818333580506,1.4516818333580506,1.6288166072095955,-inf,19,2025-11-04T19:50:00.000000,False,5979
vsp-setup-f7666962323f7e8fbf9e,2025-11-04 21:00:00+00:00,buy,2025-11-05 05:00:00+00:00,44804.8929,44133.83626821428,46748.6664,46792.9236,FILLED,2025-11-05 05:00:00+00:00,2025-11-05T06:35:00.000000,STOP,-1.0,67.10566317857156,0.38948447680468096,0.1,-1.0,-1.05,-1.1,-0.3090794281371951,-inf,20,2025-11-05T06:35:00.000000,False,6107
vsp-setup-2709a5a87853c5c1855b,2025-11-04 21:00:00+00:00,buy,2025-11-05 09:20:00+00:00,43700.48995,43404.181045,44493.8308,44597.4831,FILLED,2025-11-05 09:20:00+00:00,2025-11-05T10:10:00.000000,STOP,-1.0,29.630890500000532,0.22291552786059865,0.1,-1.0,-1.05,-1.1,0.9462896499853432,-inf,11,2025-11-05T10:10:00.000000,False,6159
vsp-setup-a13b29edd44483e96171,2025-11-04 21:00:00+00:00,buy,2025-11-05 13:55:00+00:00,43703.72495,43445.10264464285,44493.8308,44597.4831,FILLED,2025-11-05 13:55:00+00:00,2025-11-05T14:10:00.000000,STOP,-1.0,25.86223053571521,0.15433338408567662,0.1,-1.0,-1.05,-1.1,0.1109140604109326,-inf,4,2025-11-05T14:10:00.000000,False,6214
vsp-setup-3ab3bcc2eefbb919509d,2025-11-05 16:00:00+00:00,buy,2025-11-05 17:05:00+00:00,44348.963950000005,43883.60484071429,46748.6664,46792.9236,FILLED,2025-11-05 17:05:00+00:00,2025-11-05T17:10:00.000000,STOP,-1.0,46.53591092857169,0.2769385598142049,0.1,-1.0,-1.05,-1.1,-0.4330473949662659,-inf,2,2025-11-05T17:10:00.000000,False,6252
vsp-setup-f24bb0a600682b02ff2f,2025-11-05 16:00:00+00:00,buy,2025-11-05 21:10:00+00:00,43371.87485,43018.48835178571,44042.2033,44492.5968,FILLED,2025-11-05 21:10:00+00:00,2025-11-05T22:40:00.000000,TP1,1.8968705748161265,35.33864982142914,0.23307850135671254,0.1,1.8968705748161265,1.8468705748161265,1.7968705748161264,1.939411532311577,-inf,19,2025-11-05T22:40:00.000000,False,6301
vsp-setup-f0129ceb07239009e1ca,2025-11-05 16:00:00+00:00,buy,2025-11-05 21:25:00+00:00,43492.66005,43018.19925392857,44492.5968,44493.8308,FILLED,2025-11-05 21:25:00+00:00,2025-11-06T01:40:00.000000,TP1,2.107522388107838,47.44607960714275,0.3176054778298977,0.1,2.107522388107838,2.0575223881078384,2.007522388107838,2.223877417769108,-inf,52,2025-11-06T01:40:00.000000,False,6304
vsp-setup-68ae3960fcde5afb9f0e,2025-11-05 16:00:00+00:00,buy,2025-11-05 22:05:00+00:00,43673.4552,43333.876130357145,44492.5968,44493.8308,FILLED,2025-11-05 22:05:00+00:00,2025-11-06T01:40:00.000000,TP1,2.412226409777034,33.957906964285215,0.2260971050947864,0.1,2.412226409777034,2.3622264097770342,2.312226409777034,2.5747979724415497,-inf,44,2025-11-06T01:40:00.000000,False,6312
vsp-setup-1b4574ea1790c7f74973,2025-11-05 16:00:00+00:00,buy,2025-11-05 22:40:00+00:00,43890.299,43596.33732964285,44492.5968,44493.8308,FILLED,2025-11-05 22:40:00+00:00,2025-11-06T01:40:00.000000,TP1,2.0488990937771994,29.39616703571519,0.20257096790357965,0.1,2.0488990937771994,1.9988990937771993,1.9488990937771993,2.2366987478372944,-inf,37,2025-11-06T01:40:00.000000,False,6319
vsp-setup-2990a20dbf7e4a76eec6,2025-11-05 16:00:00+00:00,buy,2025-11-06 00:55:00+00:00,44039.39115,43861.7636875,44492.5968,44493.8308,FILLED,2025-11-06 00:55:00+00:00,2025-11-06T01:40:00.000000,TP1,2.5514390827938267,17.762746250000056,0.1200991763727888,0.1,2.5514390827938267,2.501439082793827,2.4514390827938266,2.862235055573096,-inf,10,2025-11-06T01:40:00.000000,False,6346
vsp-setup-d0d153e1829d6b6a66c9,2025-11-06 10:00:00+00:00,buy,2025-11-06 12:25:00+00:00,45235.7297,44938.993429642855,45715.7621,45839.5436,FILLED,2025-11-06 12:25:00+00:00,2025-11-06T12:35:00.000000,TP1,1.617707196434848,29.67362703571489,0.1940885940379079,0.1,1.617707196434848,1.567707196434848,1.5177071964348479,1.736619859041043,-inf,3,2025-11-06T12:35:00.000000,False,6484
vsp-setup-6ee8d9109c7f6ca146a0,2025-11-06 10:00:00+00:00,buy,2025-11-06 12:40:00+00:00,45603.64305,44899.773107500005,46748.6664,49490.1,FILLED,2025-11-06 12:40:00+00:00,2025-11-06T22:35:00.000000,STOP,-1.0,70.3869942499994,0.44164107482206244,0.1,-1.0,-1.05,-1.1,1.5421302778531583,-inf,120,2025-11-06T22:35:00.000000,False,6487
vsp-setup-0d848391f04e193ed943,2025-11-06 10:00:00+00:00,buy,2025-11-06 13:05:00+00:00,45655.4552,44899.470076785714,49490.1,50093.5219,FILLED,2025-11-06 13:05:00+00:00,2025-11-06T22:35:00.000000,STOP,-1.0,75.59851232142829,0.4468132803000898,0.1,-1.0,-1.05,-1.1,1.3672848423328283,-inf,115,2025-11-06T22:35:00.000000,False,6492
vsp-setup-914d5d468b68d5816f6d,2025-11-06 10:00:00+00:00,buy,2025-11-06 13:55:00+00:00,45679.1371,45320.369979642855,46748.6664,49490.1,FILLED,2025-11-06 13:55:00+00:00,2025-11-06T20:50:00.000000,STOP,-1.0,35.87671203571445,0.20244652089735068,0.1,-1.0,-1.05,-1.1,2.8150993853466955,-inf,84,2025-11-06T20:50:00.000000,False,6502
vsp-setup-fa1e399a414e2de380a3,2025-11-06 14:00:00+00:00,buy,2025-11-06 14:05:00+00:00,45679.1371,45320.668865,46748.6664,49490.1,FILLED,2025-11-06 14:05:00+00:00,2025-11-06T20:50:00.000000,STOP,-1.0,35.84682350000003,0.2012141069722365,0.1,-1.0,-1.05,-1.1,2.8174465723580795,-inf,82,2025-11-06T20:50:00.000000,False,6504
vsp-setup-c37a934791158bb2e734,2025-11-06 14:00:00+00:00,buy,2025-11-06 14:15:00+00:00,45744.7296,45354.02878642857,46748.6664,49490.1,FILLED,2025-11-06 14:15:00+00:00,2025-11-06T20:45:00.000000,STOP,-1.0,39.070081357142776,0.22963919667339963,0.1,-1.0,-1.05,-1.1,2.4171247338018476,-inf,79,2025-11-06T20:45:00.000000,False,6506
vsp-setup-c0b34e675614590d8f1d,2025-11-06 14:00:00+00:00,buy,2025-11-06 19:25:00+00:00,46167.81565,45952.15154035714,46689.1022,46748.6664,FILLED,2025-11-06 19:25:00+00:00,2025-11-06T19:30:00.000000,STOP,-1.0,21.56641096428575,0.13809006348955777,0.1,-1.0,-1.05,-1.1,-0.07548010666656764,-inf,2,2025-11-06T19:30:00.000000,False,6568
vsp-setup-b677d61006491804b83d,2025-11-06 22:00:00+00:00,sell,2025-11-07 01:25:00+00:00,45309.58355,45635.63834785714,44740.5145,44585.0472,FILLED,2025-11-07 01:25:00+00:00,2025-11-07T06:05:00.000000,TP1,1.7453172096837295,32.6054797857134,0.20658909216411067,0.1,1.7453172096837295,1.6953172096837295,1.6453172096837294,1.9177201320434993,-inf,57,2025-11-07T06:05:00.000000,False,6640
vsp-setup-fdd752ea762d2217a664,2025-11-06 22:00:00+00:00,sell,2025-11-07 01:35:00+00:00,45264.0589,45632.841173214285,44585.0472,44472.6715,FILLED,2025-11-07 01:35:00+00:00,2025-11-07T06:15:00.000000,TP1,1.8412265158023535,36.878227321428135,0.22342618949807136,0.1,1.8412265158023535,1.7912265158023535,1.7412265158023534,1.8933860185689784,-inf,57,2025-11-07T06:15:00.000000,False,6642
vsp-setup-484dfb0a4748f364c48e,2025-11-06 22:00:00+00:00,sell,2025-11-07 01:50:00+00:00,45043.9836,45633.409979642856,42934.0205,41848.2137,FILLED,2025-11-07 01:50:00+00:00,2025-11-08T00:45:00.000000,TP1,3.579688953315022,58.94263796428568,0.35470846569577524,0.1,3.579688953315022,3.529688953315022,3.479688953315022,3.637827511722884,-inf,276,2025-11-08T00:45:00.000000,False,6645
vsp-setup-3fc12ab52c0f3601f572,2025-11-06 22:00:00+00:00,sell,2025-11-07 03:25:00+00:00,45058.0531,45257.14412,44740.5145,44585.0472,FILLED,2025-11-07 03:25:00+00:00,2025-11-07T03:30:00.000000,STOP,-1.0,19.909101999999987,0.12115869344576763,0.1,-1.0,-1.05,-1.1,0.03634920349495809,-inf,2,2025-11-07T03:30:00.000000,False,6664
vsp-setup-53f8f0e659d17dafafe8,2025-11-06 22:00:00+00:00,sell,2025-11-07 05:35:00+00:00,45063.34435,45417.53938321429,42934.0205,41848.2137,FILLED,2025-11-07 05:35:00+00:00,2025-11-07T08:40:00.000000,STOP,-1.0,35.419503321428785,0.25064235788882644,0.1,-1.0,-1.05,-1.1,1.649429538009766,-inf,38,2025-11-07T08:40:00.000000,False,6690
vsp-setup-5df9c5d94f56d4b461e2,2025-11-06 22:00:00+00:00,sell,2025-11-07 06:50:00+00:00,44550.86315,45322.63276857143,42934.0205,41848.2137,FILLED,2025-11-07 06:50:00+00:00,2025-11-07T07:55:00.000000,STOP,-1.0,77.17696185714304,0.46033945513077673,0.1,-1.0,-1.05,-1.1,-0.2426387946530334,-inf,14,2025-11-07T07:55:00.000000,False,6705
vsp-setup-866b77c4fb356b52490f,2025-11-06 22:00:00+00:00,sell,2025-11-07 10:15:00+00:00,44879.66435,45589.26355142857,42934.0205,41848.2137,FILLED,2025-11-07 10:15:00+00:00,2025-11-08T00:45:00.000000,TP1,2.7418912621138927,70.9599201428573,0.4499601044044167,0.1,2.7418912621138927,2.691891262113893,2.6418912621138926,2.7901838756498316,-inf,175,2025-11-08T00:45:00.000000,False,6746
vsp-setup-ac3459abe706de93e0d8,2025-11-06 22:00:00+00:00,sell,2025-11-07 10:35:00+00:00,44831.1295,45589.34734,42934.0205,41848.2137,FILLED,2025-11-07 10:35:00+00:00,2025-11-08T00:45:00.000000,TP1,2.502063259287081,75.82178399999975,0.4962424482912175,0.1,2.502063259287081,2.452063259287081,2.4020632592870808,2.547259241486604,-inf,171,2025-11-08T00:45:00.000000,False,6750
vsp-setup-bfdf58d769923e6cb076,2025-11-06 22:00:00+00:00,sell,2025-11-07 12:00:00+00:00,44876.45145,45447.38580142857,42934.0205,41848.2137,FILLED,2025-11-07 12:00:00+00:00,2025-11-08T00:45:00.000000,TP1,3.402196671368116,57.0934351428572,0.33300235853105065,0.1,3.402196671368116,3.3521966713681164,3.302196671368116,3.462218283159832,-inf,154,2025-11-08T00:45:00.000000,False,6767
vsp-setup-7e39c7cf06e95ea08b2d,2025-11-07 12:00:00+00:00,sell,2025-11-07 12:05:00+00:00,44876.45145,45447.68554178572,42934.0205,41848.2137,FILLED,2025-11-07 12:05:00+00:00,2025-11-08T00:45:00.000000,TP1,3.4004114564097754,57.12340917857219,0.3425937662091379,0.1,3.4004114564097754,3.3504114564097756,3.3004114564097753,3.460401573408702,-inf,153,2025-11-08T00:45:00.000000,False,6768
vsp-setup-a04eaaa27ba2b3dc385c,2025-11-07 15:00:00+00:00,sell,2025-11-07 16:05:00+00:00,43533.61175,44292.01200464286,41807.7383,41338.0766,FILLED,2025-11-07 16:05:00+00:00,2025-11-07T20:35:00.000000,STOP,-1.0,75.84002546428601,0.5444785853674136,0.1,-1.0,-1.05,-1.1,-0.2590333386590396,-inf,55,2025-11-07T20:35:00.000000,False,6816
vsp-setup-943d7dbedf41098bb354,2025-11-07 15:00:00+00:00,sell,2025-11-07 19:45:00+00:00,43824.8808,44241.75439785714,42934.0205,41807.7383,FILLED,2025-11-07 19:45:00+00:00,2025-11-07T20:00:00.000000,STOP,-1.0,41.68735978571422,0.27272740471845797,0.1,-1.0,-1.05,-1.1,-0.22480027634687855,-inf,4,2025-11-07T20:00:00.000000,False,6860
vsp-setup-bf7291b5a2ca98ba974e,2025-11-07 15:00:00+00:00,sell,2025-11-07 21:35:00+00:00,43797.6953,44321.94960142857,42934.0205,41807.7383,FILLED,2025-11-07 21:35:00+00:00,2025-11-08T00:45:00.000000,TP1,1.647434837723841,52.42543014285693,0.360136056170853,0.1,1.647434837723841,1.597434837723841,1.547434837723841,1.7128008250063889,-inf,39,2025-11-08T00:45:00.000000,False,6882
vsp-setup-40c8fa305cae97e80530,2025-11-07 15:00:00+00:00,sell,2025-11-07 23:20:00+00:00,43913.2156,44306.11996,42934.0205,41807.7383,FILLED,2025-11-07 23:20:00+00:00,2025-11-08T00:45:00.000000,TP1,2.492197083280021,39.29043600000005,0.27901123605536254,0.1,2.492197083280021,2.4421970832800213,2.392197083280021,2.579415255152689,-inf,18,2025-11-08T00:45:00.000000,False,6903
vsp-setup-4a82b6ace3c84580c0ec,2025-11-07 15:00:00+00:00,sell,2025-11-07 23:35:00+00:00,43861.43965,44306.2207025,42934.0205,41807.7383,FILLED,2025-11-07 23:35:00+00:00,2025-11-08T00:45:00.000000,TP1,2.085113888703694,44.478105250000226,0.3078979106729717,0.1,2.085113888703694,2.035113888703694,1.9851138887036939,2.1621594368613475,-inf,15,2025-11-08T00:45:00.000000,False,6906
vsp-setup-44ee42ccfdba836e0edc,2025-11-08 00:00:00+00:00,sell,2025-11-08 02:15:00+00:00,42959.8451,43966.45162892857,41338.0766,,FILLED,2025-11-08 02:15:00+00:00,,TIME_LIMIT,0.0,100.66065289285689,0.6139065817229382,0.1,0.0,-0.05,-0.1,1.5915904119013367,-inf,576,,False,6938
vsp-setup-d6ce43fd45561dcb8f23,2025-11-08 00:00:00+00:00,sell,2025-11-08 03:00:00+00:00,43142.125,43351.40332678572,41807.7383,41338.0766,FILLED,2025-11-08 03:00:00+00:00,2025-11-08T03:25:00.000000,STOP,-1.0,20.927832678572305,0.14738591663267084,0.1,-1.0,-1.05,-1.1,-0.004801739460717349,-inf,6,2025-11-08T03:25:00.000000,False,6947
vsp-setup-cce890ce7c940f27ac0c,2025-11-08 12:00:00+00:00,sell,2025-11-08 14:15:00+00:00,42424.8648,42686.32934142857,41763.4671,41579.1466,FILLED,2025-11-08 14:15:00+00:00,2025-11-08T15:50:00.000000,TP1,2.529588510879173,26.146454142856967,0.18739813317750723,0.1,2.529588510879173,2.4795885108791733,2.429588510879173,2.6287663950324744,-inf,20,2025-11-08T15:50:00.000000,False,7082
vsp-setup-be654a76348d1bdd2027,2025-11-08 12:00:00+00:00,sell,2025-11-08 14:25:00+00:00,42347.5286,42686.27073142857,41763.4671,41579.1466,FILLED,2025-11-08 14:25:00+00:00,2025-11-08T15:50:00.000000,TP1,1.724206839984261,33.87421314285748,0.2525182976852279,0.1,1.724206839984261,1.674206839984261,1.6242068399842609,1.8007591716668836,-inf,18,2025-11-08T15:50:00.000000,False,7084
vsp-setup-cfe54437f4b023d404bb,2025-11-08 12:00:00+00:00,sell,2025-11-08 14:55:00+00:00,42227.5998,42686.2881125,41357.7398,41338.0766,FILLED,2025-11-08 14:55:00+00:00,2025-11-09T01:30:00.000000,STOP,-1.0,45.868831249999495,0.3494411902939015,0.1,-1.0,-1.05,-1.1,1.3298581703016668,-inf,128,2025-11-09T01:30:00.000000,False,7090
vsp-setup-427528e13f8213a83a27,2025-11-08 12:00:00+00:00,sell,2025-11-08 15:10:00+00:00,42038.0045,42391.91696785714,41357.7398,41338.0766,FILLED,2025-11-08 15:10:00+00:00,2025-11-08T21:50:00.000000,STOP,-1.0,35.39124678571388,0.27247755010033786,0.1,-1.0,-1.05,-1.1,1.187850494630495,-inf,81,2025-11-08T21:50:00.000000,False,7093
vsp-setup-aba42129b1acf6628d69,2025-11-08 12:00:00+00:00,sell,2025-11-08 16:10:00+00:00,41945.2879,42263.35080607143,41357.7398,41338.0766,FILLED,2025-11-08 16:10:00+00:00,2025-11-08T19:10:00.000000,STOP,-1.0,31.806290607142728,0.2360579818574512,0.1,-1.0,-1.05,-1.1,1.0302317363798945,-inf,37,2025-11-08T19:10:00.000000,False,7105
vsp-setup-2bd914397519323e028c,2025-11-08 12:00:00+00:00,sell,2025-11-08 22:30:00+00:00,42019.5038,42442.11093071429,41357.7398,41338.0766,FILLED,2025-11-08 22:30:00+00:00,2025-11-08T22:50:00.000000,STOP,-1.0,42.2607130714292,0.272446481521555,0.1,-1.0,-1.05,-1.1,-0.2518921056066271,-inf,5,2025-11-08T22:50:00.000000,False,7181
vsp-setup-59fc23a4456241ba9cd9,2025-11-08 12:00:00+00:00,sell,2025-11-08 23:15:00+00:00,42065.58615,42499.21707,41357.7398,41338.0766,FILLED,2025-11-08 23:15:00+00:00,2025-11-09T00:55:00.000000,STOP,-1.0,43.3630919999996,0.2559698086451757,0.1,-1.0,-1.05,-1.1,0.6434406245754074,-inf,21,2025-11-09T00:55:00.000000,False,7190
vsp-setup-9a0acad4a0af5470cbd3,2025-11-08 12:00:00+00:00,sell,2025-11-08 23:35:00+00:00,42048.73705,42499.22362678572,41357.7398,41338.0766,FILLED,2025-11-08 23:35:00+00:00,2025-11-09T00:55:00.000000,STOP,-1.0,45.048657678571914,0.25918439162099827,0.1,-1.0,-1.05,-1.1,0.5819632892740112,-inf,17,2025-11-09T00:55:00.000000,False,7194
vsp-setup-53117637f6d054eb3601,2025-11-09 01:00:00+00:00,buy,2025-11-09 03:00:00+00:00,42675.70885,42300.95820428572,43442.1961,43475.5422,FILLED,2025-11-09 03:00:00+00:00,2025-11-09T05:15:00.000000,STOP,-1.0,37.475064571428085,0.2758904908312875,0.1,-1.0,-1.05,-1.1,0.5647660715743361,-inf,28,2025-11-09T05:15:00.000000,False,7235
vsp-setup-48879ed80cb8bf042d50,2025-11-09 06:00:00+00:00,buy,2025-11-09 06:15:00+00:00,42597.7202,42415.09761214286,42887.3553,42914.4995,FILLED,2025-11-09 06:15:00+00:00,2025-11-09T06:25:00.000000,TP1,1.585976320884077,18.26225878571422,0.14124292933556307,0.1,1.585976320884077,1.5359763208840769,1.4859763208840768,1.726631977456496,-inf,3,2025-11-09T06:25:00.000000,False,7274
vsp-setup-423ed410d7d0dc921415,2025-11-09 06:00:00+00:00,buy,2025-11-09 14:05:00+00:00,42936.25845,42411.73043428572,43733.2145,44299.0253,FILLED,2025-11-09 14:05:00+00:00,2025-11-09T17:55:00.000000,STOP,-1.0,52.45280157142843,0.3604255090867172,0.1,-1.0,-1.05,-1.1,0.37515336474836686,-inf,47,2025-11-09T17:55:00.000000,False,7368
vsp-setup-1e75a39d1961400bfc66,2025-11-09 06:00:00+00:00,buy,2025-11-09 16:20:00+00:00,42790.51645,42573.34229928572,43286.8083,43613.0331,FILLED,2025-11-09 16:20:00+00:00,2025-11-09T16:45:00.000000,STOP,-1.0,21.71741507142797,0.17535770181166174,0.1,-1.0,-1.05,-1.1,0.4669015611042886,-inf,6,2025-11-09T16:45:00.000000,False,7395
vsp-setup-44912f281b37aeee55de,2025-11-09 06:00:00+00:00,buy,2025-11-09 17:20:00+00:00,43009.02255,42555.62748285715,43733.2145,44299.0253,FILLED,2025-11-09 17:20:00+00:00,2025-11-09T17:40:00.000000,STOP,-1.0,45.339506714285385,0.31719737806100257,0.1,-1.0,-1.05,-1.1,-0.046833659073122424,-inf,5,2025-11-09T17:40:00.000000,False,7407
vsp-setup-16e51f6b8f4d53496d4d,2025-11-09 06:00:00+00:00,buy,2025-11-09 18:55:00+00:00,42646.37445,42312.435450714285,43286.8083,43613.0331,FILLED,2025-11-09 18:55:00+00:00,2025-11-09T19:30:00.000000,STOP,-1.0,33.39389992857178,0.20337869500904396,0.1,-1.0,-1.05,-1.1,0.40120396325845836,-inf,8,2025-11-09T19:30:00.000000,False,7426
vsp-setup-60fe2a83ef96ef386286,2025-11-09 19:00:00+00:00,sell,2025-11-09 20:45:00+00:00,42320.76745,42787.62888964285,41617.6094,41357.7398,FILLED,2025-11-09 20:45:00+00:00,2025-11-09T22:00:00.000000,STOP,-1.0,46.68614396428529,0.3109788342216836,0.1,-1.0,-1.05,-1.1,0.10037335710537194,-inf,16,2025-11-09T22:00:00.000000,False,7448
vsp-setup-892b67fdd963a48ce591,2025-11-10 00:00:00+00:00,buy,2025-11-10 00:10:00+00:00,43060.388600000006,42657.12977035715,43733.2145,44299.0253,FILLED,2025-11-10 00:10:00+00:00,2025-11-10T03:15:00.000000,STOP,-1.0,40.32588296428585,0.2590162980102736,0.1,-1.0,-1.05,-1.1,1.0372697861828533,-inf,38,2025-11-10T03:15:00.000000,False,7489
vsp-setup-99b9f37527601871d070,2025-11-10 00:00:00+00:00,buy,2025-11-10 01:15:00+00:00,43101.69835,42720.11177821429,43733.2145,44299.0253,FILLED,2025-11-10 01:15:00+00:00,2025-11-10T02:50:00.000000,STOP,-1.0,38.15865717857087,0.29754056474878593,0.1,-1.0,-1.05,-1.1,0.9879237842040884,-inf,20,2025-11-10T02:50:00.000000,False,7502
vsp-setup-4991932cb546abd94341,2025-11-09 19:00:00+00:00,sell,2025-11-10 02:55:00+00:00,42859.7473,43487.70431678571,41786.5704,41617.6094,FILLED,2025-11-10 02:55:00+00:00,2025-11-10T06:05:00.000000,TP1,1.708997385670154,62.795701678570914,0.35582013513995614,0.1,1.708997385670154,1.6589973856701539,1.6089973856701538,1.8340893870336907,-inf,39,2025-11-10T06:05:00.000000,False,7522
vsp-setup-ae3f7885e131973655b2,2025-11-09 19:00:00+00:00,sell,2025-11-10 03:25:00+00:00,42729.81465,43486.81942571429,41357.7398,41338.0766,FILLED,2025-11-10 03:25:00+00:00,2025-11-10T12:20:00.000000,TP1,1.8125048797814314,75.70047757142893,0.44139376344284226,0.1,1.8125048797814314,1.7625048797814313,1.7125048797814313,1.8417070733595935,-inf,108,2025-11-10T12:20:00.000000,False,7528
vsp-setup-032b0e7d49417df5750c,2025-11-10 11:00:00+00:00,sell,2025-11-10 16:35:00+00:00,41257.6245,41465.52234857143,40933.2015,,FILLED,2025-11-10 16:35:00+00:00,2025-11-10T17:05:00.000000,STOP,-1.0,20.789784857143243,0.14432194092557318,0.1,-1.0,-1.05,-1.1,0.9435042322364376,-inf,7,2025-11-10T17:05:00.000000,False,7686
vsp-setup-088810f355624d9943c2,2025-11-10 21:00:00+00:00,buy,2025-11-10 23:25:00+00:00,43020.4853,42648.74564607143,43733.2145,44299.0253,FILLED,2025-11-10 23:25:00+00:00,2025-11-10T23:25:00.000000,STOP,-1.0,37.17396539285692,0.23576005662747404,0.1,-1.0,-1.05,-1.1,-0.6698480976362311,-inf,1,2025-11-10T23:25:00.000000,False,7768
vsp-setup-fb964ccaa3d2ae2e6593,2025-11-10 21:00:00+00:00,buy,2025-11-11 00:40:00+00:00,43125.7276,42606.87197357143,44314.4572,45581.3603,FILLED,2025-11-11 00:40:00+00:00,2025-11-11T00:50:00.000000,STOP,-1.0,51.885562642856534,0.3100102213195179,0.1,-1.0,-1.05,-1.1,-0.5248510108186867,-inf,3,2025-11-11T00:50:00.000000,False,7783
vsp-setup-3d1bb0dfc220844258c1,2025-11-10 21:00:00+00:00,buy,2025-11-11 01:55:00+00:00,42718.37915,42377.463962500005,43339.3162,43402.2611,FILLED,2025-11-11 01:55:00+00:00,2025-11-11T05:25:00.000000,TP1,1.8213827742714137,34.09151874999952,0.2419452403148363,0.1,1.8213827742714137,1.7713827742714137,1.7213827742714136,1.8246871151787794,-inf,43,2025-11-11T05:25:00.000000,False,7798
vsp-setup-a88e007e4eda68a98fbe,2025-11-10 21:00:00+00:00,buy,2025-11-11 02:45:00+00:00,42793.72755,42560.50081321428,43339.3162,43402.2611,FILLED,2025-11-11 02:45:00+00:00,2025-11-11T05:25:00.000000,TP1,2.339305765364559,23.32267367857203,0.1661245384693654,0.1,2.339305765364559,2.289305765364559,2.2393057653645587,2.3441358290850554,-inf,33,2025-11-11T05:25:00.000000,False,7808
vsp-setup-980953b142952aec7016,2025-11-10 21:00:00+00:00,buy,2025-11-11 04:55:00+00:00,43241.619300000006,42665.93857607143,44314.4572,45581.3603,FILLED,2025-11-11 04:55:00+00:00,2025-11-11T06:50:00.000000,TP1,1.8635987890626242,57.56807239285772,0.4626040394574922,0.1,1.8635987890626242,1.8135987890626242,1.7635987890626241,1.8651887328664645,-inf,24,2025-11-11T06:50:00.000000,False,7834
vsp-setup-3c3314963ec1b68cb48f,2025-11-11 05:00:00+00:00,buy,2025-11-11 05:05:00+00:00,43241.619300000006,42666.0032775,44314.4572,45581.3603,FILLED,2025-11-11 05:05:00+00:00,2025-11-11T06:50:00.000000,TP1,1.8638082646491665,57.56160225000058,0.4791335498245148,0.1,1.8638082646491665,1.8138082646491664,1.7638082646491664,1.865398387168733,-inf,22,2025-11-11T06:50:00.000000,False,7836
vsp-setup-fbdc534682d75506c69b,2025-11-11 06:00:00+00:00,buy,2025-11-11 08:10:00+00:00,44099.4338,43443.50325107143,45581.3603,45714.3855,FILLED,2025-11-11 08:10:00+00:00,2025-11-11T10:55:00.000000,STOP,-1.0,65.5930548928569,0.3998354372779229,0.1,-1.0,-1.05,-1.1,0.34323923526318134,-inf,34,2025-11-11T10:55:00.000000,False,7873
vsp-setup-fd49645b955a1a01368c,2025-11-11 07:00:00+00:00,buy,2025-11-11 09:30:00+00:00,44155.4592,43742.27118214286,45581.3603,45714.3855,FILLED,2025-11-11 09:30:00+00:00,2025-11-11T09:55:00.000000,STOP,-1.0,41.31880178571373,0.2905346458599441,0.1,-1.0,-1.05,-1.1,-0.14754542088652406,-inf,6,2025-11-11T09:55:00.000000,False,7889
vsp-setup-68212a70ffa18c997f7e,2025-11-11 07:00:00+00:00,buy,2025-11-11 14:15:00+00:00,44024.7123,43140.17457464286,45581.3603,45714.3855,FILLED,2025-11-11 14:15:00+00:00,2025-11-11T23:15:00.000000,TP1,1.7598435379016608,88.45377253571424,0.49853746927198994,0.1,1.7598435379016608,1.7098435379016608,1.6598435379016607,1.7699239445868582,-inf,109,2025-11-11T23:15:00.000000,False,7946
vsp-setup-01b422ef76d32bbe2f55,2025-11-11 17:00:00+00:00,buy,2025-11-11 20:25:00+00:00,44881.20285,44539.043274642856,45581.3603,45714.3855,FILLED,2025-11-11 20:25:00+00:00,2025-11-11T23:15:00.000000,TP1,2.046289218325034,34.21595753571455,0.22505241162884687,0.1,2.046289218325034,1.9962892183250338,1.9462892183250338,2.072348696539818,-inf,35,2025-11-11T23:15:00.000000,False,8020
vsp-setup-dd5d26f816628130acda,2025-11-11 23:00:00+00:00,buy,2025-11-12 00:15:00+00:00,45530.38515,44879.54490071429,46689.1022,46748.6664,FILLED,2025-11-12 00:15:00+00:00,2025-11-12T12:35:00.000000,STOP,-1.0,65.08402492857131,0.383455982112778,0.1,-1.0,-1.05,-1.1,1.5184335189543006,-inf,149,2025-11-12T12:35:00.000000,False,8066
vsp-setup-e3f0dafae1a9ceb37e75,2025-11-12 03:00:00+00:00,buy,2025-11-12 05:00:00+00:00,46152.512050000005,45439.13548678572,49490.1,50093.5219,FILLED,2025-11-12 05:00:00+00:00,2025-11-12T08:45:00.000000,STOP,-1.0,71.33765632142823,0.5202670123384907,0.1,-1.0,-1.05,-1.1,0.5132363030687612,-inf,46,2025-11-12T08:45:00.000000,False,8123
vsp-setup-a4cf4bf4f1c35d3e6d8b,2025-11-12 03:00:00+00:00,buy,2025-11-12 06:50:00+00:00,46324.2134,45573.12618607143,49490.1,50093.5219,FILLED,2025-11-12 06:50:00+00:00,2025-11-12T08:30:00.000000,STOP,-1.0,75.10872139285712,0.4435072055225725,0.1,-1.0,-1.05,-1.1,-0.22579162160538416,-inf,21,2025-11-12T08:30:00.000000,False,8145
vsp-setup-d6e23e030760e2f18681,2025-11-12 04:00:00+00:00,buy,2025-11-12 07:05:00+00:00,46324.2134,45573.15152107143,49490.1,50093.5219,FILLED,2025-11-12 07:05:00+00:00,2025-11-12T08:30:00.000000,STOP,-1.0,75.10618789285728,0.4430203419073514,0.1,-1.0,-1.05,-1.1,-0.2625388207444253,-inf,18,2025-11-12T08:30:00.000000,False,8148
vsp-setup-a27d4584cf1a74beb4f4,2025-11-12 03:00:00+00:00,buy,2025-11-12 10:35:00+00:00,45635.04315,45168.49787071429,46518.6428,46689.1022,FILLED,2025-11-12 10:35:00+00:00,2025-11-12T11:30:00.000000,STOP,-1.0,46.65452792857104,0.27783586526093684,0.1,-1.0,-1.05,-1.1,0.10725914980131432,-inf,12,2025-11-12T11:30:00.000000,False,8190
vsp-setup-2887d28d58d6f1016d5b,2025-11-12 21:00:00+00:00,sell,2025-11-12 22:00:00+00:00,43424.0523,43960.95088785714,42384.4659,41061.472,FILLED,2025-11-12 22:00:00+00:00,2025-11-13T01:45:00.000000,STOP,-1.0,53.68985878571402,0.3586779980632081,0.1,-1.0,-1.05,-1.1,0.27818158471250043,-inf,46,2025-11-13T01:45:00.000000,False,8327
vsp-setup-0c26b9a011bf030c58cf,2025-11-12 21:00:00+00:00,sell,2025-11-12 23:40:00+00:00,43557.34995,43961.37022785714,42384.4659,41061.472,FILLED,2025-11-12 23:40:00+00:00,2025-11-13T01:45:00.000000,STOP,-1.0,40.40202778571402,0.2623947894239053,0.1,-1.0,-1.05,-1.1,0.6996008999824217,-inf,26,2025-11-13T01:45:00.000000,False,8347
vsp-setup-c8c42bd9b4c88194fb40,2025-11-12 21:00:00+00:00,sell,2025-11-13 01:30:00+00:00,43364.8356,43902.95894571429,42384.4659,41061.472,FILLED,2025-11-13 01:30:00+00:00,2025-11-13T01:45:00.000000,STOP,-1.0,53.812334571428806,0.3745998396232915,0.1,-1.0,-1.05,-1.1,-0.4483990555728736,-inf,4,2025-11-13T01:45:00.000000,False,8369
vsp-setup-59001e570a5434477ac2,2025-11-12 21:00:00+00:00,sell,2025-11-13 04:05:00+00:00,43436.7099,43997.498585,42384.4659,41061.472,FILLED,2025-11-13 04:05:00+00:00,2025-11-13T04:35:00.000000,STOP,-1.0,56.078868499999956,0.3808700153458145,0.1,-1.0,-1.05,-1.1,-0.20796657122281237,-inf,7,2025-11-13T04:35:00.000000,False,8400
vsp-setup-d3dafed0eedd8c92c493,2025-11-13 05:00:00+00:00,buy,2025-11-13 08:25:00+00:00,44870.45970000001,43835.196155714286,46518.6428,46689.1022,FILLED,2025-11-13 08:25:00+00:00,2025-11-13T09:55:00.000000,STOP,-1.0,103.52635442857209,0.6874192106243755,0.1,-1.0,-1.05,-1.1,-0.3326535565758936,-inf,19,2025-11-13T09:55:00.000000,False,8452
vsp-setup-072f83f9d2efe90fe4ba,2025-11-13 05:00:00+00:00,buy,2025-11-13 11:35:00+00:00,44088.46705,43649.390810714285,44835.2803,45158.5508,FILLED,2025-11-13 11:35:00+00:00,2025-11-13T15:25:00.000000,TP1,1.7008737507976048,43.90762392857141,0.27257168097730133,0.1,1.7008737507976048,1.6508737507976048,1.6008737507976047,1.8103934553441998,-inf,47,2025-11-13T15:25:00.000000,False,8490
vsp-setup-36916d2e7d736a9e6485,2025-11-13 05:00:00+00:00,buy,2025-11-13 13:15:00+00:00,44247.07255,43827.5139875,45158.5508,45176.5901,FILLED,2025-11-13 13:15:00+00:00,2025-11-13T20:15:00.000000,TP1,2.1724696656620166,41.95585624999949,0.25384998712775486,0.1,2.1724696656620166,2.122469665662017,2.0724696656620165,2.203860515896435,-inf,85,2025-11-13T20:15:00.000000,False,8510
vsp-setup-3517e291cdea66cbe75e,2025-11-13 05:00:00+00:00,buy,2025-11-13 13:25:00+00:00,44278.76515000001,43827.74018035714,45158.5508,45176.5901,FILLED,2025-11-13 13:25:00+00:00,2025-11-13T20:15:00.000000,TP1,1.9506362379374034,45.10249696428655,0.26815903196806395,0.1,1.9506362379374034,1.9006362379374033,1.8506362379374033,1.9798370602564734,-inf,83,2025-11-13T20:15:00.000000,False,8512
vsp-setup-d663f70bac416c18db6f,2025-11-13 05:00:00+00:00,buy,2025-11-13 13:50:00+00:00,44416.90345,43828.58303678571,46518.6428,46689.1022,FILLED,2025-11-13 13:50:00+00:00,2025-11-14T17:20:00.000000,STOP,-1.0,58.832041321428555,0.3891077875075187,0.1,-1.0,-1.05,-1.1,2.8795238308057205,-inf,331,2025-11-14T17:20:00.000000,False,8517
vsp-setup-9a41e07f119a017e0d56,2025-11-13 05:00:00+00:00,buy,2025-11-13 15:00:00+00:00,44590.54465,44203.62577035715,46518.6428,46689.1022,FILLED,2025-11-13 15:00:00+00:00,2025-11-13T16:15:00.000000,STOP,-1.0,38.69188796428571,0.29443515654699987,0.1,-1.0,-1.05,-1.1,1.0491973159198347,-inf,16,2025-11-13T16:15:00.000000,False,8531
vsp-setup-486c423403dbfba1928a,2025-11-13 05:00:00+00:00,buy,2025-11-13 15:15:00+00:00,44629.3955,44203.50985535714,46518.6428,46689.1022,FILLED,2025-11-13 15:15:00+00:00,2025-11-13T16:15:00.000000,STOP,-1.0,42.58856446428618,0.29541448630155587,0.1,-1.0,-1.05,-1.1,0.861976459215583,-inf,13,2025-11-13T16:15:00.000000,False,8534
vsp-setup-f20af94b15dc119727fd,2025-11-13 05:00:00+00:00,buy,2025-11-13 15:50:00+00:00,44857.02125,44530.11737357143,46518.6428,46689.1022,FILLED,2025-11-13 15:50:00+00:00,2025-11-13T15:50:00.000000,STOP,-1.0,32.690387642856514,0.20750240049038607,0.1,-1.0,-1.05,-1.1,-0.7574246371902684,-inf,1,2025-11-13T15:50:00.000000,False,8541
vsp-setup-552df2b834c498a1c23c,2025-11-13 05:00:00+00:00,buy,2025-11-13 18:45:00+00:00,44896.8388,44319.9458925,46518.6428,46689.1022,FILLED,2025-11-13 18:45:00+00:00,2025-11-14T05:50:00.000000,STOP,-1.0,57.689290749999785,0.35879161114944563,0.1,-1.0,-1.05,-1.1,2.10463204559333,-inf,134,2025-11-14T05:50:00.000000,False,8576
vsp-setup-3c49c635aaaca765edb0,2025-11-13 22:00:00+00:00,buy,2025-11-13 22:35:00+00:00,45916.6763,44648.29583678571,49490.1,,FILLED,2025-11-13 22:35:00+00:00,2025-11-14T04:10:00.000000,STOP,-1.0,126.83804632142856,0.7947497837382217,0.1,-1.0,-1.05,-1.1,-0.34192587522276463,-inf,68,2025-11-14T04:10:00.000000,False,8622
vsp-setup-d594260b30b70002d593,2025-11-13 22:00:00+00:00,buy,2025-11-14 00:30:00+00:00,45213.8308,44759.439498928565,45942.5847,46110.9861,FILLED,2025-11-14 00:30:00+00:00,2025-11-14T01:00:00.000000,STOP,-1.0,45.43913010714387,0.3209451016768641,0.1,-1.0,-1.05,-1.1,0.010608477734125954,-inf,7,2025-11-14T01:00:00.000000,False,8645
vsp-setup-1833534e9f43e5c3dfae,2025-11-14 05:00:00+00:00,sell,2025-11-14 09:30:00+00:00,44834.97455,45191.47237821428,44289.3613,44108.1044,FILLED,2025-11-14 09:30:00+00:00,2025-11-14T10:05:00.000000,TP1,1.5304812731483033,35.64978282142838,0.22413228236761976,0.1,1.5304812731483033,1.4804812731483032,1.4304812731483032,1.7045474106920615,-inf,8,2025-11-14T10:05:00.000000,False,8753
vsp-setup-a0bc0acc30b75db1736b,2025-11-14 05:00:00+00:00,sell,2025-11-14 09:40:00+00:00,44619.70535,45191.62834464286,43747.931,43643.9421,FILLED,2025-11-14 09:40:00+00:00,2025-11-14T11:20:00.000000,STOP,-1.0,57.192299464286044,0.34485994208346943,0.1,-1.0,-1.05,-1.1,0.690825257422489,-inf,21,2025-11-14T11:20:00.000000,False,8755
vsp-setup-37485891755dda063dc2,2025-11-14 05:00:00+00:00,sell,2025-11-14 10:20:00+00:00,44413.39565,45192.15372928571,43114.3858,42384.4659,FILLED,2025-11-14 10:20:00+00:00,2025-11-14T11:20:00.000000,STOP,-1.0,77.87580792857116,0.4502523166743557,0.1,-1.0,-1.05,-1.1,-0.08327098199672296,-inf,13,2025-11-14T11:20:00.000000,False,8763
vsp-setup-c42f26d4da5751b8d33c,2025-11-14 05:00:00+00:00,sell,2025-11-14 13:45:00+00:00,44969.3101,45566.9361125,43473.8135,43295.5443,FILLED,2025-11-14 13:45:00+00:00,2025-11-14T17:40:00.000000,TP1,2.5023954257680727,59.76260124999972,0.3406666821525679,0.1,2.5023954257680727,2.452395425768073,2.4023954257680726,2.525818770313332,-inf,48,2025-11-14T17:40:00.000000,False,8804
vsp-setup-f9a2be690990026ac0a9,2025-11-14 05:00:00+00:00,sell,2025-11-14 14:00:00+00:00,44868.7375,45566.79111607143,43473.8135,43295.5443,FILLED,2025-11-14 14:00:00+00:00,2025-11-14T17:40:00.000000,TP1,1.9983049552131773,69.80536160714256,0.40744981460205926,0.1,1.9983049552131773,1.9483049552131773,1.8983049552131772,2.018358429155162,-inf,45,2025-11-14T17:40:00.000000,False,8807
vsp-setup-0843c0402fdd3b01ff74,2025-11-14 14:00:00+00:00,sell,2025-11-14 14:05:00+00:00,44868.7375,45566.817315,43473.8135,43295.5443,FILLED,2025-11-14 14:05:00+00:00,2025-11-14T17:40:00.000000,TP1,1.9982299588479173,69.80798149999974,0.41736127793950006,0.1,1.9982299588479173,1.9482299588479173,1.8982299588479172,2.018282680183223,-inf,44,2025-11-14T17:40:00.000000,False,8808
vsp-setup-45c65e86db4026395784,2025-11-14 23:00:00+00:00,sell,2025-11-15 00:35:00+00:00,43097.7778,43934.61685071429,40933.2015,,FILLED,2025-11-15 00:35:00+00:00,2025-11-15T03:15:00.000000,STOP,-1.0,83.68390507142831,0.6062623927866261,0.1,-1.0,-1.05,-1.1,0.05706007619893898,-inf,33,2025-11-15T03:15:00.000000,False,8934
vsp-setup-d0fd2885c41aeaa695e7,2025-11-15 13:00:00+00:00,buy,2025-11-15 16:40:00+00:00,46226.8985,45965.20598071429,46689.1022,46748.6664,FILLED,2025-11-15 16:40:00+00:00,2025-11-15T16:45:00.000000,STOP,-1.0,26.16925192857161,0.15800631499919623,0.1,-1.0,-1.05,-1.1,-0.43062713564604477,-inf,2,2025-11-15T16:45:00.000000,False,9127
vsp-setup-547c12b1b61c6d70f2a5,2025-11-15 23:00:00+00:00,buy,2025-11-16 03:45:00+00:00,47500.96185,47137.63037571428,48310.2643,,FILLED,2025-11-16 03:45:00+00:00,2025-11-16T04:45:00.000000,TP1,2.2274493328468976,36.33314742857183,0.20440125189040487,0.1,2.2274493328468976,2.177449332846898,2.1274493328468975,2.3014087938399994,-inf,13,2025-11-16T04:45:00.000000,False,9260
vsp-setup-7576023e1eb5ccb252c4,2025-11-16 10:00:00+00:00,sell,2025-11-16 10:05:00+00:00,47740.8181,48028.35313428571,47269.7177,47146.3711,FILLED,2025-11-16 10:05:00+00:00,2025-11-16T10:40:00.000000,TP1,1.6384104329070417,28.75350342857128,0.18716313485206576,0.1,1.6384104329070417,1.5884104329070416,1.5384104329070416,1.809526276658842,-inf,8,2025-11-16T10:40:00.000000,False,9336
vsp-setup-6c9e38818e87a4ca9575,2025-11-16 13:00:00+00:00,sell,2025-11-16 18:55:00+00:00,46075.343,46739.09483428572,42888.707,42384.4659,FILLED,2025-11-16 18:55:00+00:00,2025-11-16T20:40:00.000000,STOP,-1.0,66.3751834285722,0.38811078591246456,0.1,-1.0,-1.05,-1.1,-0.00941903235073311,-inf,22,2025-11-16T20:40:00.000000,False,9442
vsp-setup-a4f2ef50441769de94a8,2025-11-16 13:00:00+00:00,sell,2025-11-17 02:00:00+00:00,46681.47585,47016.32987892857,46081.5949,45897.9919,FILLED,2025-11-17 02:00:00+00:00,2025-11-17T02:30:00.000000,TP1,1.7914700083479569,33.485402892856655,0.2039809464447094,0.1,1.7914700083479569,1.7414700083479568,1.6914700083479568,1.8069952807080591,-inf,7,2025-11-17T02:30:00.000000,False,9527
vsp-setup-6d57a59d8e5c853c6381,2025-11-17 02:00:00+00:00,sell,2025-11-17 02:05:00+00:00,46681.47585,47016.286485357145,46081.5949,45897.9919,FILLED,2025-11-17 02:05:00+00:00,2025-11-17T02:30:00.000000,TP1,1.7917021941675,33.481063535714206,0.2209481479376012,0.1,1.7917021941675,1.7417021941675,1.6917021941675,1.8072294787008845,-inf,6,2025-11-17T02:30:00.000000,False,9528
vsp-setup-5e6283e85d8ee06f8a79,2025-11-17 06:00:00+00:00,sell,2025-11-17 14:15:00+00:00,43942.21715,44378.385200357145,42888.707,42384.4659,FILLED,2025-11-17 14:15:00+00:00,2025-11-17T14:40:00.000000,STOP,-1.0,43.61680503571479,0.28439182855246803,0.1,-1.0,-1.05,-1.1,-0.4733445052450481,-inf,6,2025-11-17T14:40:00.000000,False,9674
vsp-setup-571c75f52c459fa06418,2025-11-17 06:00:00+00:00,sell,2025-11-17 15:15:00+00:00,44235.55865,44357.97677178571,43902.0969,43823.526,FILLED,2025-11-17 15:15:00+00:00,2025-11-17T15:20:00.000000,STOP,-1.0,12.241812178571127,0.08519116486245272,0.1,-1.0,-1.05,-1.1,0.20034084531150576,-inf,2,2025-11-17T15:20:00.000000,False,9686
vsp-setup-e9616fb3dac450764a10,2025-11-18 04:00:00+00:00,sell,2025-11-18 04:25:00+00:00,42253.0993,42692.57943642857,41446.082,40933.2015,FILLED,2025-11-18 04:25:00+00:00,2025-11-18T05:20:00.000000,TP1,1.8362998304274267,43.94801364285668,0.3061167919440597,0.1,1.8362998304274267,1.7862998304274267,1.7362998304274266,1.840195797180136,-inf,12,2025-11-18T05:20:00.000000,False,9844
vsp-setup-f32af67a9811f36de7fb,2025-11-19 00:00:00+00:00,sell,2025-11-19 02:35:00+00:00,39540.8595,39742.94597607142,39234.4805,38670.319,FILLED,2025-11-19 02:35:00+00:00,2025-11-19T03:05:00.000000,TP1,1.5160786904499,20.208647607142485,0.1615851750330011,0.1,1.5160786904499,1.4660786904499,1.4160786904498999,1.5986621484052952,-inf,7,2025-11-19T03:05:00.000000,False,10110
vsp-setup-9536edbde9a7d38b220f,2025-11-19 00:00:00+00:00,sell,2025-11-19 02:50:00+00:00,39504.90225,39760.5009025,38670.319,38643.5619,FILLED,2025-11-19 02:50:00+00:00,2025-11-19T06:15:00.000000,TP1,3.265209897771201,25.559865250000442,0.19144463808004372,0.1,3.265209897771201,3.215209897771201,3.165209897771201,3.272565570352464,-inf,42,2025-11-19T06:15:00.000000,False,10113
vsp-setup-a207034df5029e0d88a1,2025-11-19 00:00:00+00:00,sell,2025-11-19 03:15:00+00:00,39343.0037,39608.1057125,38670.319,38643.5619,FILLED,2025-11-19 03:15:00+00:00,2025-11-19T06:15:00.000000,TP1,2.5374560293087143,26.510201249999955,0.18188714814888354,0.1,2.5374560293087143,2.4874560293087145,2.437456029308714,2.544548016209425,-inf,37,2025-11-19T06:15:00.000000,False,10118
vsp-setup-b555c467e379b5f1a973,2025-11-19 00:00:00+00:00,sell,2025-11-19 04:15:00+00:00,39335.8751,39496.934325,38670.319,38643.5619,FILLED,2025-11-19 04:15:00+00:00,2025-11-19T06:15:00.000000,TP1,4.13236869853295,16.105922500000453,0.12126175071029897,0.1,4.13236869853295,4.08236869853295,4.0323686985329505,4.144042044160946,-inf,25,2025-11-19T06:15:00.000000,False,10130
vsp-setup-539fc5414c97fca16ebc,2025-11-19 00:00:00+00:00,sell,2025-11-19 04:35:00+00:00,39270.1176,39457.45614071429,38670.319,38643.5619,FILLED,2025-11-19 04:35:00+00:00,2025-11-19T06:15:00.000000,TP1,3.2016828876378405,18.73385407142923,0.16311507782631018,0.1,3.2016828876378405,3.1516828876378407,3.1016828876378404,3.2117187296639056,-inf,21,2025-11-19T06:15:00.000000,False,10134
vsp-setup-34f6122b5afccdb07ed8,2025-11-19 00:00:00+00:00,sell,2025-11-19 05:00:00+00:00,39125.1127,39457.88488964286,38437.3841,,FILLED,2025-11-19 05:00:00+00:00,2025-11-19T08:25:00.000000,STOP,-1.0,33.2772189642863,0.27598920470470006,0.1,-1.0,-1.05,-1.1,1.3723316256989724,-inf,42,2025-11-19T08:25:00.000000,False,10139
vsp-setup-531382efdbccdae60d21,2025-11-19 00:00:00+00:00,sell,2025-11-19 05:35:00+00:00,39014.8335,39274.13339892857,38437.3841,,FILLED,2025-11-19 05:35:00+00:00,2025-11-19T08:15:00.000000,STOP,-1.0,25.929989892856977,0.2040345934375044,0.1,-1.0,-1.05,-1.1,1.3358840532962266,-inf,33,2025-11-19T08:15:00.000000,False,10146
vsp-setup-24d5f1451d4b4498271f,2025-11-19 00:00:00+00:00,sell,2025-11-19 12:45:00+00:00,39163.0008,39588.47454821428,38437.3841,,FILLED,2025-11-19 12:45:00+00:00,2025-11-19T13:10:00.000000,STOP,-1.0,42.54737482142809,0.2816074311411472,0.1,-1.0,-1.05,-1.1,0.13552351993985795,-inf,6,2025-11-19T13:10:00.000000,False,10232
vsp-setup-410a650d634b0b38b98b,2025-11-19 13:00:00+00:00,buy,2025-11-19 14:55:00+00:00,39964.268500000006,39032.15315464285,42685.3148,43452.9326,FILLED,2025-11-19 14:55:00+00:00,,TIME_LIMIT,0.0,93.21153453571533,0.6381802706101228,0.1,0.0,-0.05,-0.1,1.197565521863907,-inf,576,,False,10258
vsp-setup-2339e9efaac349015708,2025-11-19 13:00:00+00:00,buy,2025-11-19 16:35:00+00:00,39468.8262,39264.96980535714,40000.3566,40088.7774,FILLED,2025-11-19 16:35:00+00:00,2025-11-19T16:35:00.000000,STOP,-1.0,20.385639464286214,0.16290115841756586,0.1,-1.0,-1.05,-1.1,-0.25048171821865856,-inf,1,2025-11-19T16:35:00.000000,False,10278
vsp-setup-5ef65237e7fcad00f02f,2025-11-19 13:00:00+00:00,buy,2025-11-19 20:40:00+00:00,40349.4252,39802.67460357143,42685.3148,43452.9326,FILLED,2025-11-19 20:40:00+00:00,2025-11-19T20:45:00.000000,STOP,-1.0,54.67505964285665,0.32579225912988524,0.1,-1.0,-1.05,-1.1,-0.3458366597771137,-inf,2,2025-11-19T20:45:00.000000,False,10327
vsp-setup-1ec26fdfa3400216faa3,2025-11-19 13:00:00+00:00,buy,2025-11-19 22:25:00+00:00,39430.83615,39098.941192142855,40543.8062,40828.1846,FILLED,2025-11-19 22:25:00+00:00,2025-11-20T03:40:00.000000,TP1,3.353380410434052,33.189495785714826,0.21928614823027187,0.1,3.353380410434052,3.3033804104340523,3.253380410434052,3.565894334885887,-inf,64,2025-11-20T03:40:00.000000,False,10348
vsp-setup-d2c54b7aa3549a993f2a,2025-11-19 13:00:00+00:00,buy,2025-11-19 22:40:00+00:00,39489.51825,39219.420182857146,40543.8062,40828.1846,FILLED,2025-11-19 22:40:00+00:00,2025-11-20T00:20:00.000000,STOP,-1.0,27.009806714285517,0.17944794897366154,0.1,-1.0,-1.05,-1.1,0.1301821607683121,-inf,21,2025-11-20T00:20:00.000000,False,10351
vsp-setup-e41d32f06914352cb324,2025-11-19 13:00:00+00:00,buy,2025-11-20 01:00:00+00:00,39576.59215,39145.06770035715,40543.8062,40828.1846,FILLED,2025-11-20 01:00:00+00:00,2025-11-20T03:40:00.000000,TP1,2.241388757463257,43.15244496428495,0.3214232895301587,0.1,2.241388757463257,2.1913887574632573,2.141388757463257,2.4048378970389517,-inf,33,2025-11-20T03:40:00.000000,False,10379
vsp-setup-5dba802675d66c7b4624,2025-11-19 13:00:00+00:00,buy,2025-11-20 01:15:00+00:00,39713.3488,39144.94083071429,42685.3148,43452.9326,FILLED,2025-11-20 01:15:00+00:00,2025-11-21T14:30:00.000000,STOP,-1.0,56.84079692857122,0.42042958016856785,0.1,-1.0,-1.05,-1.1,2.405295094152311,-inf,448,2025-11-21T14:30:00.000000,False,10382
vsp-setup-aeee9de8da78a2fc2f1e,2025-11-19 13:00:00+00:00,buy,2025-11-20 02:10:00+00:00,39849.3711,39586.44211357143,40543.8062,40828.1846,FILLED,2025-11-20 02:10:00+00:00,2025-11-20T03:40:00.000000,TP1,2.6411507891643837,26.292898642856745,0.18538002139345225,0.1,2.6411507891643837,2.591150789164384,2.5411507891643836,2.909406872139705,-inf,19,2025-11-20T03:40:00.000000,False,10393
vsp-setup-4a95c77170d311449b37,2025-11-19 13:00:00+00:00,buy,2025-11-20 08:35:00+00:00,39771.256,39472.786322142856,40535.347,40874.3874,FILLED,2025-11-20 08:35:00+00:00,2025-11-20T12:45:00.000000,STOP,-1.0,29.846967785714515,0.22233476013075001,0.1,-1.0,-1.05,-1.1,1.3509161228531286,-inf,51,2025-11-20T12:45:00.000000,False,10470
vsp-setup-6a713cd319c6bdf09091,2025-11-19 13:00:00+00:00,buy,2025-11-20 08:45:00+00:00,39813.3437,39636.49079,40535.347,40874.3874,FILLED,2025-11-20 08:45:00+00:00,2025-11-20T10:35:00.000000,STOP,-1.0,17.685290999999417,0.12918959815176873,0.1,-1.0,-1.05,-1.1,2.0419217303238737,-inf,23,2025-11-20T10:35:00.000000,False,10472
vsp-setup-1e18067630488d38ce66,2025-11-19 13:00:00+00:00,buy,2025-11-20 09:50:00+00:00,40073.64405,39637.23468714286,40874.3874,42685.3148,FILLED,2025-11-20 09:50:00+00:00,2025-11-20T10:35:00.000000,STOP,-1.0,43.640936285714275,0.3513411402355681,0.1,-1.0,-1.05,-1.1,0.047920717976991226,-inf,10,2025-11-20T10:35:00.000000,False,10485
vsp-setup-5bf1c6f2f93fbf8688c6,2025-11-19 13:00:00+00:00,buy,2025-11-20 11:30:00+00:00,39925.899000000005,39496.90275,40874.3874,42685.3148,FILLED,2025-11-20 11:30:00+00:00,2025-11-20T12:45:00.000000,STOP,-1.0,42.899625000000384,0.25205578766024056,0.1,-1.0,-1.05,-1.1,0.36740927222555425,-inf,16,2025-11-20T12:45:00.000000,False,10505
vsp-setup-c81aa578547cc4ce3397,2025-11-19 13:00:00+00:00,buy,2025-11-20 13:05:00+00:00,39787.7908,39626.29374964286,40083.5162,40094.5571,FILLED,2025-11-20 13:05:00+00:00,2025-11-20T13:35:00.000000,STOP,-1.0,16.14970503571458,0.11032772788947715,0.1,-1.0,-1.05,-1.1,1.3527132509038504,-inf,7,2025-11-20T13:35:00.000000,False,10524
vsp-setup-9472cd95bcbab15683b3,2025-11-19 13:00:00+00:00,buy,2025-11-20 13:10:00+00:00,39874.0015,39446.083913928574,40535.347,40874.3874,FILLED,2025-11-20 13:10:00+00:00,2025-11-20T14:35:00.000000,STOP,-1.0,42.791758607142405,0.29128863228963686,0.1,-1.0,-1.05,-1.1,0.30905133208974456,-inf,18,2025-11-20T14:35:00.000000,False,10525
vsp-setup-35cc2542707faa260253,2025-11-19 13:00:00+00:00,buy,2025-11-20 13:25:00+00:00,39906.959050000005,39446.18216892857,40874.3874,42685.3148,FILLED,2025-11-20 13:25:00+00:00,2025-11-20T14:35:00.000000,STOP,-1.0,46.07768810714333,0.32584212103597676,0.1,-1.0,-1.05,-1.1,0.07682557752829021,-inf,15,2025-11-20T14:35:00.000000,False,10528
vsp-setup-60e093cf2c4756251bb3,2025-11-20 14:00:00+00:00,sell,2025-11-20 15:55:00+00:00,39483.7156,39759.021024285714,39039.286,38897.4951,FILLED,2025-11-20 15:55:00+00:00,2025-11-20T15:55:00.000000,STOP,-1.0,27.530542428571064,0.208163291384465,0.1,-1.0,-1.05,-1.1,-0.7633038852947412,-inf,1,2025-11-20T15:55:00.000000,False,10558
vsp-setup-6455881a302f7564fcac,2025-11-20 14:00:00+00:00,sell,2025-11-20 18:30:00+00:00,40115.1542,40407.37069428572,39352.5406,39229.6808,FILLED,2025-11-20 18:30:00+00:00,2025-11-20T22:40:00.000000,STOP,-1.0,29.221649428571983,0.23941818368240086,0.1,-1.0,-1.05,-1.1,2.1783527365761786,-inf,51,2025-11-20T22:40:00.000000,False,10589
vsp-setup-2d38ff427ab3a64a43ce,2025-11-20 14:00:00+00:00,sell,2025-11-20 18:55:00+00:00,40046.3377,40408.057328928575,39352.5406,39229.6808,FILLED,2025-11-20 18:55:00+00:00,2025-11-20T22:40:00.000000,STOP,-1.0,36.17196289285785,0.24635637564920637,0.1,-1.0,-1.05,-1.1,1.5695418622473853,-inf,46,2025-11-20T22:40:00.000000,False,10594
vsp-setup-12aea054e9a45c1642ce,2025-11-20 14:00:00+00:00,sell,2025-11-20 19:10:00+00:00,39779.37045,40214.37807071429,39106.5418,39039.286,FILLED,2025-11-20 19:10:00+00:00,2025-11-20T22:10:00.000000,STOP,-1.0,43.500762071428476,0.2839895198045198,0.1,-1.0,-1.05,-1.1,0.6914059333170746,-inf,37,2025-11-20T22:10:00.000000,False,10597
vsp-setup-62322e7655353a98babb,2025-11-20 14:00:00+00:00,sell,2025-11-20 19:45:00+00:00,39661.9427,40002.24337464286,39106.5418,39039.286,FILLED,2025-11-20 19:45:00+00:00,2025-11-20T21:05:00.000000,STOP,-1.0,34.03006746428582,0.22492875539086635,0.1,-1.0,-1.05,-1.1,0.5387562049132278,-inf,17,2025-11-20T21:05:00.000000,False,10604
vsp-setup-2f4e254993682309f427,2025-11-20 22:00:00+00:00,buy,2025-11-20 22:25:00+00:00,40013.3626,39604.30215,40874.3874,42685.3148,FILLED,2025-11-20 22:25:00+00:00,2025-11-21T02:30:00.000000,TP1,2.1048840091971863,40.90604499999972,0.3122913359922331,0.1,2.1048840091971863,2.0548840091971865,2.0048840091971862,2.3694189941853496,-inf,50,2025-11-21T02:30:00.000000,False,10636
vsp-setup-54bd79e93525552acbd8,2025-11-20 22:00:00+00:00,buy,2025-11-20 23:25:00+00:00,40751.29065,40087.474475,42685.3148,44512.7108,FILLED,2025-11-20 23:25:00+00:00,2025-11-21T10:55:00.000000,STOP,-1.0,66.38161749999999,0.4349133751089372,0.1,-1.0,-1.05,-1.1,0.49599130361654437,-inf,139,2025-11-21T10:55:00.000000,False,10648
vsp-setup-177108b1e517ee6aff4a,2025-11-20 22:00:00+00:00,buy,2025-11-21 00:05:00+00:00,40311.257150000005,40195.82454357143,40867.6361,40874.3874,FILLED,2025-11-21 00:05:00+00:00,2025-11-21T02:30:00.000000,TP1,4.819946176509922,11.543260642857787,0.07686051421977246,0.1,4.819946176509922,4.769946176509922,4.719946176509922,5.815870149439772,-inf,30,2025-11-21T02:30:00.000000,False,10656
vsp-setup-cc86a1cb396ee51bae65,2025-11-20 22:00:00+00:00,buy,2025-11-21 00:40:00+00:00,40569.7834,40158.83784357143,42685.3148,44512.7108,FILLED,2025-11-21 00:40:00+00:00,2025-11-21T10:45:00.000000,STOP,-1.0,41.094555642856726,0.3028984062926949,0.1,-1.0,-1.05,-1.1,1.2428758311413513,-inf,122,2025-11-21T10:45:00.000000,False,10663
vsp-setup-e8e014db7f2da542d83a,2025-11-21 01:00:00+00:00,buy,2025-11-21 01:05:00+00:00,40569.7834,40158.37385178571,42685.3148,44512.7108,FILLED,2025-11-21 01:05:00+00:00,2025-11-21T10:45:00.000000,STOP,-1.0,41.14095482142875,0.28472956262775834,0.1,-1.0,-1.05,-1.1,1.2414741034011396,-inf,117,2025-11-21T10:45:00.000000,False,10668
vsp-setup-43c197ad44a9910c6963,2025-11-21 01:00:00+00:00,buy,2025-11-21 04:05:00+00:00,40877.49065,40571.403833928576,42685.3148,44512.7108,FILLED,2025-11-21 04:05:00+00:00,2025-11-21T04:05:00.000000,STOP,-1.0,30.608681607142355,0.22521672012119068,0.1,-1.0,-1.05,-1.1,-0.7188939165176372,-inf,1,2025-11-21T04:05:00.000000,False,10704
vsp-setup-63fc05be03b4ebbd7843,2025-11-21 01:00:00+00:00,buy,2025-11-21 06:15:00+00:00,40979.6958,40337.522222142856,42685.3148,44512.7108,FILLED,2025-11-21 06:15:00+00:00,2025-11-21T06:30:00.000000,STOP,-1.0,64.21735778571455,0.414270826987858,0.1,-1.0,-1.05,-1.1,-0.448189726149131,-inf,4,2025-11-21T06:30:00.000000,False,10730
vsp-setup-ec6c16a3b434d255d002,2025-11-21 01:00:00+00:00,buy,2025-11-21 07:55:00+00:00,40799.297,40217.61235892857,42685.3148,44512.7108,FILLED,2025-11-21 07:55:00+00:00,2025-11-21T10:45:00.000000,STOP,-1.0,58.168464107142796,0.374189762521209,0.1,-1.0,-1.05,-1.1,0.44269864084029953,-inf,35,2025-11-21T10:45:00.000000,False,10750
vsp-setup-85d508d85a21c67f9cc0,2025-11-21 01:00:00+00:00,buy,2025-11-21 08:20:00+00:00,40930.0313,40217.332196071424,42685.3148,44512.7108,FILLED,2025-11-21 08:20:00+00:00,2025-11-21T10:45:00.000000,STOP,-1.0,71.26991039285785,0.45601341794821804,0.1,-1.0,-1.05,-1.1,-0.13188875849831672,-inf,30,2025-11-21T10:45:00.000000,False,10755
vsp-setup-52e29d95de57f44b34ac,2025-11-21 10:00:00+00:00,sell,2025-11-21 10:05:00+00:00,40470.2268,40843.02711892857,39707.4638,39610.8536,FILLED,2025-11-21 10:05:00+00:00,2025-11-21T13:35:00.000000,TP1,2.0460363397546875,37.28003189285737,0.27186603405292153,0.1,2.0460363397546875,1.9960363397546874,1.9460363397546874,2.3342732176329686,-inf,43,2025-11-21T13:35:00.000000,False,10776
vsp-setup-f6d208caa26c4568973e,2025-11-21 10:00:00+00:00,sell,2025-11-21 12:10:00+00:00,39872.750100000005,40660.02371142857,38668.4389,38643.5619,FILLED,2025-11-21 12:10:00+00:00,2025-11-21T19:10:00.000000,TP1,1.529723824750957,78.72736114285654,0.5975428996532051,0.1,1.529723824750957,1.479723824750957,1.429723824750957,1.5617584308064523,-inf,85,2025-11-21T19:10:00.000000,False,10801
vsp-setup-513a2763f2f86f346b00,2025-11-21 21:00:00+00:00,sell,2025-11-22 03:40:00+00:00,38272.43105,38569.611013214286,37799.883,,FILLED,2025-11-22 03:40:00+00:00,2025-11-22T04:45:00.000000,TP1,1.5901073709308557,29.717996321428657,0.20526400339945955,0.1,1.5901073709308557,1.5401073709308557,1.4901073709308557,1.6292896895301963,-inf,14,2025-11-22T04:45:00.000000,False,10987
vsp-setup-277c7cd193df38c913dd,2025-11-21 21:00:00+00:00,sell,2025-11-22 09:10:00+00:00,38255.0196,38613.60471357143,37651.8291,,FILLED,2025-11-22 09:10:00+00:00,2025-11-22T17:30:00.000000,STOP,-1.0,35.85851135714329,0.2958582771533508,0.1,-1.0,-1.05,-1.1,1.404800648255713,-inf,101,2025-11-22T17:30:00.000000,False,11053
vsp-setup-18c1fdc9884676beb94e,2025-11-21 21:00:00+00:00,sell,2025-11-22 09:55:00+00:00,38407.8834,38692.18009214285,37651.8291,,FILLED,2025-11-22 09:55:00+00:00,2025-11-22T22:00:00.000000,TP1,2.6593847937565753,28.42966921428524,0.2131051780684656,0.1,2.6593847937565753,2.6093847937565755,2.5593847937565752,2.8512544197759873,-inf,146,2025-11-22T22:00:00.000000,False,11062
vsp-setup-25b46f0f9460b930b09f,2025-11-21 21:00:00+00:00,sell,2025-11-22 18:50:00+00:00,38283.6118,38422.2183575,37877.7731,37751.279,FILLED,2025-11-22 18:50:00+00:00,2025-11-22T19:00:00.000000,STOP,-1.0,13.860655750000298,0.1057242589082282,0.1,-1.0,-1.05,-1.1,0.7432469419781476,-inf,3,2025-11-22T19:00:00.000000,False,11169
vsp-setup-283f53646c6e89ded30a,2025-11-21 21:00:00+00:00,sell,2025-11-22 19:55:00+00:00,38120.5817,38285.43645714285,37751.279,37651.8291,FILLED,2025-11-22 19:55:00+00:00,2025-11-22T20:45:00.000000,STOP,-1.0,16.485475714284984,0.12676646099773484,0.1,-1.0,-1.05,-1.1,0.6785779308938514,-inf,11,2025-11-22T20:45:00.000000,False,11182
vsp-setup-3a1ea8293203b5c916f9,2025-11-22 22:00:00+00:00,sell,2025-11-23 04:00:00+00:00,38054.38275,38399.13075464286,37454.139,37338.8539,FILLED,2025-11-23 04:00:00+00:00,2025-11-23T05:35:00.000000,TP1,1.7411086994450111,34.47480046428609,0.266326744166097,0.1,1.7411086994450111,1.691108699445011,1.641108699445011,1.7960555004268703,-inf,20,2025-11-23T05:35:00.000000,False,11279
vsp-setup-5826ac39cb6716e048c4,2025-11-23 10:00:00+00:00,sell,2025-11-23 16:55:00+00:00,37262.44115,37487.31165321428,36461.3117,36228.7414,FILLED,2025-11-23 16:55:00+00:00,2025-11-23T17:40:00.000000,STOP,-1.0,22.487050321428253,0.16796286197900745,0.1,-1.0,-1.05,-1.1,0.7343562078599408,-inf,10,2025-11-23T17:40:00.000000,False,11434
vsp-setup-3b5a7b3ce322383b65cb,2025-11-23 10:00:00+00:00,sell,2025-11-23 17:10:00+00:00,37176.944950000005,37486.79236071429,36461.3117,36228.7414,FILLED,2025-11-23 17:10:00+00:00,2025-11-23T17:40:00.000000,STOP,-1.0,30.98474107142829,0.2712808466579655,0.1,-1.0,-1.05,-1.1,-0.04284673533140379,-inf,7,2025-11-23T17:40:00.000000,False,11437
vsp-setup-5294d40d9490055b1251,2025-11-23 10:00:00+00:00,sell,2025-11-23 18:35:00+00:00,37395.00895,37533.30223571428,37097.3061,37064.1361,FILLED,2025-11-23 18:35:00+00:00,2025-11-23T19:05:00.000000,TP1,2.1526920013677855,13.82932857142805,0.12191401578019509,0.1,2.1526920013677855,2.1026920013677857,2.0526920013677854,3.1337671077928113,-inf,7,2025-11-23T19:05:00.000000,False,11454
vsp-setup-082bcb41e5342b8f5e9c,2025-11-23 10:00:00+00:00,sell,2025-11-23 18:45:00+00:00,37234.9005,37533.63128821429,36461.3117,36228.7414,FILLED,2025-11-23 18:45:00+00:00,2025-11-24T02:30:00.000000,STOP,-1.0,29.8730788214285,0.251445296804793,0.1,-1.0,-1.05,-1.1,2.1338058383950833,-inf,94,2025-11-24T02:30:00.000000,False,11456
vsp-setup-d250986e38cec62293a8,2025-11-23 10:00:00+00:00,sell,2025-11-23 19:15:00+00:00,37112.7277,37534.68906535714,36461.3117,36228.7414,FILLED,2025-11-23 19:15:00+00:00,2025-11-24T02:30:00.000000,STOP,-1.0,42.1961365357136,0.2964776462839307,0.1,-1.0,-1.05,-1.1,1.2211087135048593,-inf,88,2025-11-24T02:30:00.000000,False,11462
vsp-setup-71b15e755339def1f37d,2025-11-23 10:00:00+00:00,sell,2025-11-23 19:30:00+00:00,36865.4757,37416.85868464286,35805.2373,35702.7219,FILLED,2025-11-23 19:30:00+00:00,2025-11-23T20:15:00.000000,STOP,-1.0,55.13829846428562,0.39028432161965676,0.1,-1.0,-1.05,-1.1,0.43211797722472817,-inf,10,2025-11-23T20:15:00.000000,False,11465
vsp-setup-896217cb7689fc691990,2025-11-23 10:00:00+00:00,sell,2025-11-23 19:50:00+00:00,36734.7071,37416.40326,35702.7219,,FILLED,2025-11-23 19:50:00+00:00,2025-11-23T20:15:00.000000,STOP,-1.0,68.16961599999995,0.5036137644087697,0.1,-1.0,-1.05,-1.1,0.06326088150474594,-inf,6,2025-11-23T20:15:00.000000,False,11469
vsp-setup-535e8ea949122949e75a,2025-11-23 10:00:00+00:00,sell,2025-11-23 21:05:00+00:00,37055.73955,37424.41308464286,36461.3117,36228.7414,FILLED,2025-11-23 21:05:00+00:00,2025-11-24T00:10:00.000000,STOP,-1.0,36.86735346428613,0.2752987769932141,0.1,-1.0,-1.05,-1.1,1.2430307763857686,-inf,38,2025-11-24T00:10:00.000000,False,11484
vsp-setup-dbcaaba5fef0d516cda7,2025-11-23 10:00:00+00:00,sell,2025-11-23 21:35:00+00:00,36832.76635,37225.68668857143,36228.7414,35805.2373,FILLED,2025-11-23 21:35:00+00:00,2025-11-23T23:35:00.000000,STOP,-1.0,39.292033857143544,0.32741124237463615,0.1,-1.0,-1.05,-1.1,0.26270528620455325,-inf,25,2025-11-23T23:35:00.000000,False,11490
vsp-setup-117e0fbf7f71ecfc5282,2025-11-23 10:00:00+00:00,sell,2025-11-23 23:10:00+00:00,36801.487550000005,37160.43823821429,36228.7414,35805.2373,FILLED,2025-11-23 23:10:00+00:00,2025-11-23T23:30:00.000000,STOP,-1.0,35.89506882142814,0.2933906250510821,0.1,-1.0,-1.05,-1.1,-0.3361220745953011,-inf,5,2025-11-23T23:30:00.000000,False,11509
vsp-setup-e83881972182bcb99c26,2025-11-23 10:00:00+00:00,sell,2025-11-24 00:50:00+00:00,37228.013900000005,37462.652025,36729.5441,36597.467,FILLED,2025-11-24 00:50:00+00:00,2025-11-24T02:15:00.000000,STOP,-1.0,23.46381249999977,0.2026742527801795,0.1,-1.0,-1.05,-1.1,1.4976619848117434,-inf,18,2025-11-24T02:15:00.000000,False,11529
vsp-setup-b762753af6ea4489adef,2025-11-23 10:00:00+00:00,sell,2025-11-24 01:15:00+00:00,37086.5374,37337.51335214286,36597.467,36461.3117,FILLED,2025-11-24 01:15:00+00:00,2025-11-24T02:10:00.000000,STOP,-1.0,25.097595214285686,0.2127902030336637,0.1,-1.0,-1.05,-1.1,0.8364630085375817,-inf,12,2025-11-24T02:10:00.000000,False,11534
vsp-setup-f8a2943f028b716c5c28,2025-11-24 02:00:00+00:00,buy,2025-11-24 03:25:00+00:00,37694.0192,37397.7320325,38142.4627,38392.7529,FILLED,2025-11-24 03:25:00+00:00,2025-11-24T04:35:00.000000,STOP,-1.0,29.628716750000606,0.23736866933196016,0.1,-1.0,-1.05,-1.1,0.27274687824607535,-inf,15,2025-11-24T04:35:00.000000,False,11560
vsp-setup-72e9918ef520eb08482e,2025-11-24 02:00:00+00:00,buy,2025-11-24 09:50:00+00:00,36859.75295,36534.238553928575,37490.1677,37797.0683,FILLED,2025-11-24 09:50:00+00:00,2025-11-24T13:55:00.000000,TP1,1.9366724102170463,32.551439607142676,0.2599463614109964,0.1,1.9366724102170463,1.8866724102170462,1.8366724102170462,2.1816056634379093,-inf,50,2025-11-24T13:55:00.000000,False,11637
vsp-setup-b5e82b6404df09da5a8e,2025-11-24 02:00:00+00:00,buy,2025-11-24 10:25:00+00:00,37173.48585,36721.9408325,37890.2313,38437.9125,FILLED,2025-11-24 10:25:00+00:00,2025-11-24T15:10:00.000000,TP1,1.587317813777009,45.15450175000006,0.31053222377803325,0.1,1.587317813777009,1.537317813777009,1.487317813777009,1.6696681854096673,-inf,58,2025-11-24T15:10:00.000000,False,11644
vsp-setup-c5f220697e7190968f15,2025-11-24 02:00:00+00:00,buy,2025-11-24 12:15:00+00:00,37144.174750000006,36880.01163392857,37797.0683,37834.4271,FILLED,2025-11-24 12:15:00+00:00,2025-11-24T15:05:00.000000,TP1,2.471554544440749,26.41631160714387,0.18285051208555742,0.1,2.471554544440749,2.4215545444407494,2.371554544440749,2.8041331470350803,-inf,35,2025-11-24T15:05:00.000000,False,11666
vsp-setup-395110a9c67ff7866508,2025-11-24 02:00:00+00:00,buy,2025-11-24 14:20:00+00:00,37495.2811,37046.2533525,38437.9125,38491.4916,FILLED,2025-11-24 14:20:00+00:00,2025-11-24T17:00:00.000000,STOP,-1.0,44.902774749999665,0.348192031547813,0.1,-1.0,-1.05,-1.1,0.9623795019482683,-inf,33,2025-11-24T17:00:00.000000,False,11691
vsp-setup-cc5e28fafb661698494f,2025-11-24 02:00:00+00:00,buy,2025-11-24 16:00:00+00:00,37770.5946,37243.77867535714,38669.0387,38685.3558,FILLED,2025-11-24 16:00:00+00:00,2025-11-24T16:15:00.000000,STOP,-1.0,52.6815924642855,0.4237206135007682,0.1,-1.0,-1.05,-1.1,-0.3196412487229872,-inf,4,2025-11-24T16:15:00.000000,False,11711
vsp-setup-1a19edc6d4b535f512e8,2025-11-24 02:00:00+00:00,buy,2025-11-24 17:40:00+00:00,37339.14775,36986.86498321429,37927.4162,38437.9125,FILLED,2025-11-24 17:40:00+00:00,2025-11-24T19:40:00.000000,STOP,-1.0,35.228276678570545,0.2656187922128393,0.1,-1.0,-1.05,-1.1,0.5202424508931177,-inf,25,2025-11-24T19:40:00.000000,False,11731
vsp-setup-f03e3677bc6f9406ca0a,2025-11-24 02:00:00+00:00,buy,2025-11-24 18:05:00+00:00,37419.4268,37200.25160142857,37927.4162,38437.9125,FILLED,2025-11-24 18:05:00+00:00,2025-11-24T18:10:00.000000,STOP,-1.0,21.917519857142906,0.15452504384152316,0.1,-1.0,-1.05,-1.1,-0.33367598376405433,-inf,2,2025-11-24T18:10:00.000000,False,11736
vsp-setup-b73dde46c4fee5ff776d,2025-11-24 02:00:00+00:00,buy,2025-11-24 23:00:00+00:00,37064.0512,36601.0594675,37927.4162,38437.9125,FILLED,2025-11-24 23:00:00+00:00,2025-11-25T02:05:00.000000,STOP,-1.0,46.29917324999988,0.3861375372956725,0.1,-1.0,-1.05,-1.1,0.660335549296227,-inf,38,2025-11-25T02:05:00.000000,False,11795
vsp-setup-22ad5008861e0fe6c7fe,2025-11-24 02:00:00+00:00,buy,2025-11-24 23:20:00+00:00,37025.16165,36600.39705571429,37927.4162,38437.9125,FILLED,2025-11-24 23:20:00+00:00,2025-11-25T02:05:00.000000,STOP,-1.0,42.47645942857125,0.32615547129560185,0.1,-1.0,-1.05,-1.1,0.8113186801256661,-inf,34,2025-11-25T02:05:00.000000,False,11799
vsp-setup-c5ab9ba3c78d572abe3e,2025-11-24 02:00:00+00:00,buy,2025-11-24 23:45:00+00:00,37266.3732,36950.629755,37927.4162,38437.9125,FILLED,2025-11-24 23:45:00+00:00,2025-11-24T23:55:00.000000,STOP,-1.0,31.57434450000001,0.22086765942674091,0.1,-1.0,-1.05,-1.1,0.2759579062678571,-inf,3,2025-11-24T23:55:00.000000,False,11804
vsp-setup-93528a82c6350f9ee606,2025-11-24 02:00:00+00:00,buy,2025-11-25 01:40:00+00:00,36970.2051,36649.24128428572,37522.4202,37927.4162,FILLED,2025-11-25 01:40:00+00:00,2025-11-25T02:05:00.000000,STOP,-1.0,32.09638157142763,0.24640891019432917,0.1,-1.0,-1.05,-1.1,0.36891853287727094,-inf,6,2025-11-25T02:05:00.000000,False,11827
vsp-setup-53190bf87a56526c002f,2025-11-25 03:00:00+00:00,sell,2025-11-25 04:40:00+00:00,36475.5508,36739.17801464286,35702.7219,,FILLED,2025-11-25 04:40:00+00:00,2025-11-25T04:40:00.000000,STOP,-1.0,26.362721464286007,0.23053176202239145,0.1,-1.0,-1.05,-1.1,-0.8544451691194369,-inf,1,2025-11-25T04:40:00.000000,False,11863
vsp-setup-6028e72869375db3515a,2025-11-25 20:00:00+00:00,sell,2025-11-25 22:10:00+00:00,37054.77465,37374.89703857143,36451.9257,36123.1518,FILLED,2025-11-25 22:10:00+00:00,2025-11-26T02:50:00.000000,TP1,1.8831827186166568,32.012238857142805,0.26564548274225186,0.1,1.8831827186166568,1.8331827186166567,1.7831827186166567,1.9639508901756135,-inf,57,2025-11-26T02:50:00.000000,False,12073
vsp-setup-7775499a4922a8b7e5d9,2025-11-25 20:00:00+00:00,sell,2025-11-25 23:30:00+00:00,36761.64575,37252.74043928571,35921.1673,35702.7219,FILLED,2025-11-25 23:30:00+00:00,2025-11-26T03:15:00.000000,TP1,1.7114386865442708,49.109468928571005,0.3897764274609063,0.1,1.7114386865442708,1.6614386865442707,1.6114386865442707,1.7539549272113641,-inf,46,2025-11-26T03:15:00.000000,False,12089
vsp-setup-ca49e532fefcf3583704,2025-11-25 20:00:00+00:00,sell,2025-11-26 01:55:00+00:00,36689.56105,36985.484325000005,36123.1518,36048.0888,FILLED,2025-11-26 01:55:00+00:00,2025-11-26T03:05:00.000000,TP1,1.9140408945527556,29.59232750000083,0.21171454185543778,0.1,1.9140408945527556,1.8640408945527556,1.8140408945527555,2.1125747881777164,-inf,15,2025-11-26T03:05:00.000000,False,12118
vsp-setup-4ab1f2fd0553b93317bf,2025-11-26 02:00:00+00:00,sell,2025-11-26 02:05:00+00:00,36689.56105,36985.1233875,36123.1518,36048.0888,FILLED,2025-11-26 02:05:00+00:00,2025-11-26T03:05:00.000000,TP1,1.9163783003982497,29.556233750000686,0.23441310144417749,0.1,1.9163783003982497,1.8663783003982497,1.8163783003982497,2.1151546414467783,-inf,13,2025-11-26T03:05:00.000000,False,12120
vsp-setup-ee777b51652de1861215,2025-11-26 08:00:00+00:00,sell,2025-11-26 15:50:00+00:00,35920.9119,36162.260180714286,35537.4489,,FILLED,2025-11-26 15:50:00+00:00,2025-11-26T19:00:00.000000,STOP,-1.0,24.13482807142864,0.23153073267058574,0.1,-1.0,-1.05,-1.1,1.46342165336622,-inf,39,2025-11-26T19:00:00.000000,False,12285
vsp-setup-6314440977b3de0a685e,2025-11-26 21:00:00+00:00,buy,2025-11-26 21:05:00+00:00,36451.19475,36040.65257035714,37246.0984,37369.2157,FILLED,2025-11-26 21:05:00+00:00,2025-11-26T23:55:00.000000,TP1,1.9362289416680594,41.054217964286366,0.2769065330026962,0.1,1.9362289416680594,1.8862289416680593,1.8362289416680593,2.108777107270968,-inf,35,2025-11-26T23:55:00.000000,False,12348
vsp-setup-d5f63f522e878607fc79,2025-11-27 01:00:00+00:00,buy,2025-11-27 01:10:00+00:00,37344.8176,36801.01093892857,38437.9125,38669.0387,FILLED,2025-11-27 01:10:00+00:00,2025-11-27T01:10:00.000000,STOP,-1.0,54.38066610714304,0.40866642488302257,0.1,-1.0,-1.05,-1.1,-0.8734681533031322,-inf,1,2025-11-27T01:10:00.000000,False,12397
vsp-setup-fed21d4a022e37f93557,2025-11-27 02:00:00+00:00,buy,2025-11-27 05:05:00+00:00,37587.515,37094.92911321428,38437.9125,38669.0387,FILLED,2025-11-27 05:05:00+00:00,2025-11-27T05:15:00.000000,STOP,-1.0,49.25858867857169,0.36798695088057515,0.1,-1.0,-1.05,-1.1,-0.4661924065638006,-inf,3,2025-11-27T05:15:00.000000,False,12444
vsp-setup-22bdfa5fa46ac459af0f,2025-11-27 02:00:00+00:00,buy,2025-11-27 08:35:00+00:00,37159.78125,37005.21520607143,37414.4626,37440.2978,FILLED,2025-11-27 08:35:00+00:00,2025-11-27T08:40:00.000000,TP1,1.6477186290521453,15.456604392857116,0.1301749653992628,0.1,1.6477186290521453,1.5977186290521452,1.5477186290521452,1.9759537233232354,-inf,2,2025-11-27T08:40:00.000000,False,12486
vsp-setup-b3ece03d6124fb66d0cf,2025-11-27 02:00:00+00:00,buy,2025-11-27 09:10:00+00:00,37509.4565,36964.91566321429,38437.9125,38669.0387,FILLED,2025-11-27 09:10:00+00:00,2025-11-27T17:15:00.000000,STOP,-1.0,54.454083678570896,0.4354893312258284,0.1,-1.0,-1.05,-1.1,0.7746340981328447,-inf,98,2025-11-27T17:15:00.000000,False,12493
vsp-setup-21fe8983f6dd29fe4bd5,2025-11-27 02:00:00+00:00,buy,2025-11-27 11:00:00+00:00,37518.167,37258.43654535714,37967.5608,38437.9125,FILLED,2025-11-27 11:00:00+00:00,2025-11-27T16:35:00.000000,STOP,-1.0,25.973045464286407,0.1944890583448558,0.1,-1.0,-1.05,-1.1,1.5905312319575193,-inf,68,2025-11-27T16:35:00.000000,False,12515
vsp-setup-b00dd372942a591fb205,2025-11-27 02:00:00+00:00,buy,2025-11-27 14:20:00+00:00,37783.4264,37463.98131321429,38437.9125,38669.0387,FILLED,2025-11-27 14:20:00+00:00,2025-11-27T14:40:00.000000,STOP,-1.0,31.944508678570855,0.2466118385318523,0.1,-1.0,-1.05,-1.1,-0.205390856563739,-inf,5,2025-11-27T14:40:00.000000,False,12555
vsp-setup-667b853a7436fcb2400c,2025-11-27 02:00:00+00:00,buy,2025-11-27 15:25:00+00:00,37821.23865,37451.83002892857,38437.9125,38669.0387,FILLED,2025-11-27 15:25:00+00:00,2025-11-27T15:30:00.000000,STOP,-1.0,36.94086210714304,0.2724433623560212,0.1,-1.0,-1.05,-1.1,-0.595144610762855,-inf,2,2025-11-27T15:30:00.000000,False,12568
vsp-setup-e7d3a307ca0532399a90,2025-11-27 02:00:00+00:00,buy,2025-11-27 18:20:00+00:00,37366.9742,36909.30702928572,38437.9125,38669.0387,FILLED,2025-11-27 18:20:00+00:00,2025-11-27T21:05:00.000000,TP1,2.3399937083724067,45.766717071427415,0.31625625741486263,0.1,2.3399937083724067,2.289993708372407,2.2399937083724066,2.4439111467278276,-inf,34,2025-11-27T21:05:00.000000,False,12603
vsp-setup-4286050b6af86b9ab584,2025-11-27 02:00:00+00:00,buy,2025-11-27 19:00:00+00:00,37508.7879,37173.567382500005,38437.9125,38669.0387,FILLED,2025-11-27 19:00:00+00:00,2025-11-27T21:05:00.000000,TP1,2.771681778099996,33.52205174999981,0.25957942526433453,0.1,2.771681778099996,2.7216817780999962,2.671681778099996,2.9135573421456864,-inf,26,2025-11-27T21:05:00.000000,False,12611
vsp-setup-67a1fe83fa087f6f50a3,2025-11-27 02:00:00+00:00,buy,2025-11-27 19:30:00+00:00,37631.0879,37445.23832964286,37931.2764,37967.5608,FILLED,2025-11-27 19:30:00+00:00,2025-11-27T20:00:00.000000,TP1,1.6152229968740037,18.584957035713888,0.1622877938264705,0.1,1.6152229968740037,1.5652229968740037,1.5152229968740036,1.691606278109008,-inf,7,2025-11-27T20:00:00.000000,False,12617
vsp-setup-59e60aaae4da92aad0db,2025-11-28 04:00:00+00:00,buy,2025-11-28 06:45:00+00:00,40353.7761,39775.564510714285,42685.3148,44512.7108,FILLED,2025-11-28 06:45:00+00:00,2025-11-28T08:40:00.000000,STOP,-1.0,57.821158928571826,0.4678153798303017,0.1,-1.0,-1.05,-1.1,0.09634863955047054,-inf,24,2025-11-28T08:40:00.000000,False,12752
vsp-setup-e3bfc0ec5a50e1d8f8b8,2025-11-28 04:00:00+00:00,buy,2025-11-28 09:25:00+00:00,40053.35015,39761.2743075,40495.7843,41056.808,FILLED,2025-11-28 09:25:00+00:00,2025-11-28T10:30:00.000000,STOP,-1.0,29.207584249999492,0.20362000902606864,0.1,-1.0,-1.05,-1.1,0.44369006656208637,-inf,14,2025-11-28T10:30:00.000000,False,12784
vsp-setup-fa9681a7cf0a529433b2,2025-11-28 12:00:00+00:00,sell,2025-11-28 15:55:00+00:00,39254.1011,39663.757150714286,38144.8628,37835.8276,FILLED,2025-11-28 15:55:00+00:00,2025-11-28T19:15:00.000000,STOP,-1.0,40.965605071428584,0.3133767174444452,0.1,-1.0,-1.05,-1.1,0.27687812691215125,-inf,41,2025-11-28T19:15:00.000000,False,12862
vsp-setup-60c06953bd4832f3d9f3,2025-11-28 12:00:00+00:00,sell,2025-11-28 18:50:00+00:00,39359.7333,39604.58900642857,38950.9064,38933.698,FILLED,2025-11-28 18:50:00+00:00,2025-11-28T19:15:00.000000,STOP,-1.0,24.485570642857056,0.17659957835315396,0.1,-1.0,-1.05,-1.1,0.3896568366391309,-inf,6,2025-11-28T19:15:00.000000,False,12897
vsp-setup-643896f94a5f50c819d3,2025-11-28 20:00:00+00:00,buy,2025-11-28 20:10:00+00:00,39654.0676,39229.57139214286,40309.0469,40409.486,FILLED,2025-11-28 20:10:00+00:00,2025-11-28T21:55:00.000000,TP1,1.5429567752945035,42.449620785714075,0.3342013522932103,0.1,1.5429567752945035,1.4929567752945034,1.4429567752945034,1.655903838454452,-inf,22,2025-11-28T21:55:00.000000,False,12913
vsp-setup-8a59271903da1e007370,2025-11-28 21:00:00+00:00,buy,2025-11-28 23:40:00+00:00,40562.5462,40211.36585,42685.3148,44512.7108,FILLED,2025-11-28 23:40:00+00:00,2025-11-29T00:05:00.000000,STOP,-1.0,35.11803499999951,0.21595818114979978,0.1,-1.0,-1.05,-1.1,-0.22398064128587986,-inf,6,2025-11-29T00:05:00.000000,False,12955
vsp-setup-66f22e65fb20fc998c5b,2025-11-29 01:00:00+00:00,buy,2025-11-29 03:05:00+00:00,40294.5977,39783.071272857145,41080.5377,42685.3148,FILLED,2025-11-29 03:05:00+00:00,2025-11-29T12:25:00.000000,TP1,1.5364602067382807,51.15264271428532,0.4124330524890572,0.1,1.5364602067382807,1.4864602067382806,1.4364602067382806,1.5812874117139413,-inf,113,2025-11-29T12:25:00.000000,False,12996
vsp-setup-bc5df14647b918bfb330,2025-11-29 01:00:00+00:00,buy,2025-11-29 05:15:00+00:00,40294.36675,40150.966551785714,40665.0335,41056.808,FILLED,2025-11-29 05:15:00+00:00,2025-11-29T06:00:00.000000,TP1,2.584841266719159,14.340019821428724,0.1009851559671736,0.1,2.584841266719159,2.5348412667191593,2.484841266719159,2.7571917955731617,-inf,10,2025-11-29T06:00:00.000000,False,13022
vsp-setup-0eeef470a46251d6b33c,2025-11-29 01:00:00+00:00,buy,2025-11-29 05:40:00+00:00,40448.92795,40151.49952892857,41056.808,41080.5377,FILLED,2025-11-29 05:40:00+00:00,2025-11-29T08:30:00.000000,TP1,2.0437860235758114,29.742842107142497,0.23034608105552648,0.1,2.0437860235758114,1.9937860235758114,1.9437860235758113,2.050637419930823,-inf,35,2025-11-29T08:30:00.000000,False,13027
vsp-setup-a1549e2fdfc67b7ef49f,2025-11-29 01:00:00+00:00,buy,2025-11-29 06:40:00+00:00,40748.3937,40310.54287857143,42685.3148,44512.7108,FILLED,2025-11-29 06:40:00+00:00,2025-11-29T09:45:00.000000,STOP,-1.0,43.78508214285685,0.33025075984362046,0.1,-1.0,-1.05,-1.1,0.7090362397564893,-inf,38,2025-11-29T09:45:00.000000,False,13039
vsp-setup-93ef090837ffa5f4af0b,2025-11-29 01:00:00+00:00,buy,2025-11-29 08:45:00+00:00,40847.85475,40597.27126214286,42685.3148,44512.7108,FILLED,2025-11-29 08:45:00+00:00,2025-11-29T09:05:00.000000,STOP,-1.0,25.058348785714045,0.16556702182575944,0.1,-1.0,-1.05,-1.1,0.005657395912739722,-inf,5,2025-11-29T09:05:00.000000,False,13064
vsp-setup-5b522fed8882cca437ca,2025-11-29 14:00:00+00:00,buy,2025-11-29 14:45:00+00:00,40790.5523,40566.255899642856,41151.3206,42685.3148,FILLED,2025-11-29 14:45:00+00:00,2025-11-29T14:55:00.000000,TP1,1.6084444486204197,22.429640035714694,0.16491366393236762,0.1,1.6084444486204197,1.5584444486204196,1.5084444486204196,1.7025806004551265,-inf,3,2025-11-29T14:55:00.000000,False,13136
vsp-setup-56d04eb96deed6c2d45b,2025-11-29 14:00:00+00:00,buy,2025-11-29 15:20:00+00:00,41085.4161,40814.96904392858,42685.3148,44512.7108,FILLED,2025-11-29 15:20:00+00:00,2025-11-29T16:35:00.000000,STOP,-1.0,27.044705607142532,0.20574933830242345,0.1,-1.0,-1.05,-1.1,0.5200204507415913,-inf,16,2025-11-29T16:35:00.000000,False,13143
vsp-setup-cc71e17ad7f70c9c2eae,2025-11-29 16:00:00+00:00,buy,2025-11-29 16:15:00+00:00,40976.428,40875.80605714286,41297.3485,42685.3148,FILLED,2025-11-29 16:15:00+00:00,2025-11-29T16:30:00.000000,STOP,-1.0,10.062194285714213,0.08645906490767352,0.1,-1.0,-1.05,-1.1,2.4808316447875356,-inf,4,2025-11-29T16:30:00.000000,False,13154
vsp-setup-ca5dc639c4e39b0a5c00,2025-11-29 16:00:00+00:00,buy,2025-11-29 16:25:00+00:00,41065.30025,40844.41200928571,42685.3148,44512.7108,FILLED,2025-11-29 16:25:00+00:00,2025-11-29T16:35:00.000000,STOP,-1.0,22.088824071428828,0.17829412971389713,0.1,-1.0,-1.05,-1.1,-0.15130977498813047,-inf,3,2025-11-29T16:35:00.000000,False,13156
vsp-setup-02b7bc2007a3a8fe7520,2025-11-29 16:00:00+00:00,buy,2025-11-29 19:05:00+00:00,41335.59225,40803.46328928572,42685.3148,44512.7108,FILLED,2025-11-29 19:05:00+00:00,2025-11-30T03:20:00.000000,TP1,2.536457606419788,53.21289607142826,0.37286933146236345,0.1,2.536457606419788,2.4864576064197883,2.436457606419788,2.584335850005337,-inf,100,2025-11-30T03:20:00.000000,False,13188
vsp-setup-61e5c6c1ab6c6af409ea,2025-11-29 17:00:00+00:00,buy,2025-11-29 20:05:00+00:00,41335.59225,40803.82219071429,42685.3148,44512.7108,FILLED,2025-11-29 20:05:00+00:00,2025-11-30T03:20:00.000000,TP1,2.538169508476984,53.177005928571454,0.3782708924097334,0.1,2.538169508476984,2.488169508476984,2.438169508476984,2.586080065972878,-inf,88,2025-11-30T03:20:00.000000,False,13200
vsp-setup-07b499ec464811e1e3be,2025-11-29 21:00:00+00:00,buy,2025-11-29 21:05:00+00:00,41335.59225,40803.523980714286,42685.3148,44512.7108,FILLED,2025-11-29 21:05:00+00:00,2025-11-30T03:20:00.000000,TP1,2.5367469325166825,53.20682692857154,0.3885146972503781,0.1,2.5367469325166825,2.4867469325166827,2.4367469325166824,2.584630637429599,-inf,76,2025-11-30T03:20:00.000000,False,13212
vsp-setup-ab2ce428d81c00209a5d,2025-11-30 12:00:00+00:00,buy,2025-11-30 13:50:00+00:00,43466.49915,43073.97292714286,44064.2085,44136.5965,FILLED,2025-11-30 13:50:00+00:00,2025-11-30T16:20:00.000000,STOP,-1.0,39.252622285714466,0.24822925979817992,0.1,-1.0,-1.05,-1.1,0.5620334060593124,-inf,31,2025-11-30T16:20:00.000000,False,13413
vsp-setup-aaa299103c43a0cc0541,2025-11-30 12:00:00+00:00,buy,2025-11-30 14:05:00+00:00,43462.81725,43070.14506,44064.2085,44136.5965,FILLED,2025-11-30 14:05:00+00:00,2025-11-30T16:20:00.000000,STOP,-1.0,39.267218999999756,0.26015985882282605,0.1,-1.0,-1.05,-1.1,0.5712010061114905,-inf,28,2025-11-30T16:20:00.000000,False,13416
vsp-setup-2db1fe7816baf0bcf4d2,2025-11-30 12:00:00+00:00,buy,2025-11-30 17:35:00+00:00,43317.0194,43052.3801575,44064.2085,44136.5965,FILLED,2025-11-30 17:35:00+00:00,2025-11-30T18:45:00.000000,STOP,-1.0,26.4639242499994,0.16924610519649824,0.1,-1.0,-1.05,-1.1,1.8432054724461835,-inf,15,2025-11-30T18:45:00.000000,False,13458
vsp-setup-47e7af679fbd860c4a16,2025-11-30 12:00:00+00:00,buy,2025-11-30 17:45:00+00:00,43402.2846,42982.46761392857,44064.2085,44136.5965,FILLED,2025-11-30 17:45:00+00:00,2025-11-30T18:45:00.000000,STOP,-1.0,41.98169860714261,0.2693087014184164,0.1,-1.0,-1.05,-1.1,0.9587970790955962,-inf,13,2025-11-30T18:45:00.000000,False,13460
vsp-setup-a4236191c164c72deb0b,2025-11-30 12:00:00+00:00,buy,2025-11-30 18:00:00+00:00,43567.2871,43194.14440321429,44136.5965,44769.3877,FILLED,2025-11-30 18:00:00+00:00,2025-11-30T18:40:00.000000,STOP,-1.0,37.314269678571144,0.2417061647128263,0.1,-1.0,-1.05,-1.1,0.6365307482793877,-inf,9,2025-11-30T18:40:00.000000,False,13463
vsp-setup-5aee378ec0bc324547bd,2025-12-01 01:00:00+00:00,sell,2025-12-01 02:10:00+00:00,42287.22105,42777.50797535715,41106.0365,40810.4195,FILLED,2025-12-01 02:10:00+00:00,2025-12-01T04:45:00.000000,STOP,-1.0,49.028692535714804,0.33768483353123857,0.1,-1.0,-1.05,-1.1,0.46514915696329057,-inf,32,2025-12-01T04:45:00.000000,False,13561
vsp-setup-838c48de50c1aff6e2e3,2025-12-01 01:00:00+00:00,sell,2025-12-01 03:55:00+00:00,42300.9296,42576.17763107143,41847.1265,41734.0244,FILLED,2025-12-01 03:55:00+00:00,2025-12-01T03:55:00.000000,STOP,-1.0,27.52480310714236,0.17654444207685543,0.1,-1.0,-1.05,-1.1,-0.053956425926788176,-inf,1,2025-12-01T03:55:00.000000,False,13582
vsp-setup-383871b98987f0c12a18,2025-12-01 04:00:00+00:00,buy,2025-12-01 04:05:00+00:00,42453.5577,42235.19930678572,42838.5529,43032.4734,FILLED,2025-12-01 04:05:00+00:00,2025-12-01T04:45:00.000000,TP1,1.7631344247079241,21.835839321427922,0.13248116715369512,0.1,1.7631344247079241,1.713134424707924,1.663134424707924,2.065905016791912,-inf,9,2025-12-01T04:45:00.000000,False,13584
vsp-setup-ff25901e77cd3f70a50c,2025-12-01 04:00:00+00:00,buy,2025-12-01 04:20:00+00:00,42555.1464,42177.234335,43291.8566,43804.8039,FILLED,2025-12-01 04:20:00+00:00,2025-12-01T05:20:00.000000,TP1,1.9494222816093674,37.79120649999968,0.21360561722930552,0.1,1.9494222816093674,1.8994222816093673,1.8494222816093673,1.9657959319187317,-inf,13,2025-12-01T05:20:00.000000,False,13587
vsp-setup-1810824d68fe626216b1,2025-12-02 10:00:00+00:00,sell,2025-12-02 11:35:00+00:00,44671.6272,45452.39738857143,41734.0244,41428.8525,FILLED,2025-12-02 11:35:00+00:00,2025-12-02T14:05:00.000000,STOP,-1.0,78.07701885714269,0.4955124042852371,0.1,-1.0,-1.05,-1.1,0.4806957354336408,-inf,31,2025-12-02T14:05:00.000000,False,13962
vsp-setup-ef7645821b206fc10dbe,2025-12-02 12:00:00+00:00,sell,2025-12-02 12:05:00+00:00,44671.6272,45452.65969607143,41734.0244,41428.8525,FILLED,2025-12-02 12:05:00+00:00,2025-12-02T14:05:00.000000,STOP,-1.0,78.1032496071428,0.47516050970338586,0.1,-1.0,-1.05,-1.1,0.48053429516418084,-inf,25,2025-12-02T14:05:00.000000,False,13968
vsp-setup-7b5e34ed68e06069f9ff,2025-12-02 12:00:00+00:00,sell,2025-12-02 12:10:00+00:00,44569.2897,45452.15525214286,41734.0244,41428.8525,FILLED,2025-12-02 12:10:00+00:00,2025-12-02T14:05:00.000000,STOP,-1.0,88.28655521428591,0.539293116935747,0.1,-1.0,-1.05,-1.1,0.30919249180970654,-inf,24,2025-12-02T14:05:00.000000,False,13969
vsp-setup-fb39b3961351fa2ff48f,2025-12-02 12:00:00+00:00,sell,2025-12-02 13:30:00+00:00,44516.9248,45152.91638928572,41734.0244,41428.8525,FILLED,2025-12-02 13:30:00+00:00,2025-12-02T13:50:00.000000,STOP,-1.0,63.59915892857171,0.3896497031726198,0.1,-1.0,-1.05,-1.1,-0.4895817888876452,-inf,5,2025-12-02T13:50:00.000000,False,13985
vsp-setup-c2778a5afe325fab3f2f,2025-12-02 12:00:00+00:00,sell,2025-12-02 16:05:00+00:00,45852.6964,46166.95073285714,44296.3143,44242.5094,FILLED,2025-12-02 16:05:00+00:00,2025-12-03T03:00:00.000000,TP1,4.952619382681762,31.4254332857141,0.1938218516487423,0.1,4.952619382681762,4.902619382681762,4.8526193826817625,5.003269758303582,-inf,132,2025-12-03T03:00:00.000000,False,14016
vsp-setup-6c3946a40ed5643b9170,2025-12-02 12:00:00+00:00,sell,2025-12-02 17:05:00+00:00,45642.1187,46166.62306964286,44296.3143,44242.5094,FILLED,2025-12-02 17:05:00+00:00,2025-12-03T03:00:00.000000,TP1,2.565859271899616,52.450436964286204,0.31645841444407385,0.1,2.565859271899616,2.515859271899616,2.4658592718996157,2.5962062068752707,-inf,120,2025-12-03T03:00:00.000000,False,14028
vsp-setup-c8c4726cd72d6231c0c3,2025-12-02 12:00:00+00:00,sell,2025-12-02 17:50:00+00:00,45341.2787,45877.48524964286,44296.3143,44242.5094,FILLED,2025-12-02 17:50:00+00:00,2025-12-03T03:00:00.000000,TP1,1.948809466605755,53.6206549642855,0.3618029863949095,0.1,1.948809466605755,1.898809466605755,1.8488094666057548,1.9784941096049882,-inf,111,2025-12-03T03:00:00.000000,False,14037
vsp-setup-830109ae147aa97b93dd,2025-12-02 12:00:00+00:00,sell,2025-12-02 18:00:00+00:00,45141.8088,45877.72235785714,41734.0244,41428.8525,FILLED,2025-12-02 18:00:00+00:00,,TIME_LIMIT,0.0,73.59135578571441,0.48490208736181173,0.1,0.0,-0.05,-0.1,3.5294813803446816,-inf,576,,False,14039
vsp-setup-adc976e9bfe6ca95a78a,2025-12-02 12:00:00+00:00,sell,2025-12-02 18:50:00+00:00,44905.3364,45365.25980535715,41734.0244,41428.8525,FILLED,2025-12-02 18:50:00+00:00,,TIME_LIMIT,0.0,45.9923405357149,0.29797881531473974,0.1,0.0,-0.05,-0.1,5.133291266546111,-inf,576,,False,14049
vsp-setup-d28433d056dc944a6e44,2025-12-02 12:00:00+00:00,sell,2025-12-02 19:15:00+00:00,44836.8183,45365.292817500005,41734.0244,41428.8525,FILLED,2025-12-02 19:15:00+00:00,,TIME_LIMIT,0.0,52.84745175000062,0.3381395543499763,0.1,0.0,-0.05,-0.1,4.33777339131583,-inf,576,,False,14054
vsp-setup-bbabd9d2b68b007748ac,2025-12-02 12:00:00+00:00,sell,2025-12-02 20:00:00+00:00,44594.42455,44944.373891071424,41734.0244,41428.8525,FILLED,2025-12-02 20:00:00+00:00,2025-12-02T21:05:00.000000,STOP,-1.0,34.994934107142036,0.2401815631023743,0.1,-1.0,-1.05,-1.1,0.5276642311560158,-inf,14,2025-12-02T21:05:00.000000,False,14063
vsp-setup-eb1a3bec6e697d121903,2025-12-02 12:00:00+00:00,sell,2025-12-02 20:45:00+00:00,44657.73655,44944.99295571428,41734.0244,41428.8525,FILLED,2025-12-02 20:45:00+00:00,2025-12-02T21:05:00.000000,STOP,-1.0,28.725640571428087,0.17485560245031168,0.1,-1.0,-1.05,-1.1,-0.09670088968398968,-inf,5,2025-12-02T21:05:00.000000,False,14072
vsp-setup-d8fd38b11fdca3468718,2025-12-02 12:00:00+00:00,sell,2025-12-02 22:45:00+00:00,44613.25115,44993.07938892858,41734.0244,41428.8525,FILLED,2025-12-02 22:45:00+00:00,2025-12-02T22:45:00.000000,STOP,-1.0,37.98282389285814,0.23395139146997623,0.1,-1.0,-1.05,-1.1,-0.5288462768503406,-inf,1,2025-12-02T22:45:00.000000,False,14096
vsp-setup-2abf5eee18c60fbbbd42,2025-12-02 12:00:00+00:00,sell,2025-12-02 23:50:00+00:00,45053.7282,45303.37985428572,44575.1584,44475.0944,FILLED,2025-12-02 23:50:00+00:00,2025-12-03T02:55:00.000000,TP1,1.9169502456101695,24.965165428572075,0.14161714434938308,0.1,1.9169502456101695,1.8669502456101694,1.8169502456101694,2.9047822738239804,-inf,38,2025-12-03T02:55:00.000000,False,14109
vsp-setup-ac0a815952595517e9f2,2025-12-03 02:00:00+00:00,sell,2025-12-03 02:20:00+00:00,44832.7181,45298.83152714286,41734.0244,41428.8525,FILLED,2025-12-03 02:20:00+00:00,2025-12-04T22:25:00.000000,STOP,-1.0,46.611342714286,0.3000369934119224,0.1,-1.0,-1.05,-1.1,4.9093254275609,-inf,530,2025-12-04T22:25:00.000000,False,14139
vsp-setup-1527d4aae1c3b156c89b,2025-12-03 02:00:00+00:00,sell,2025-12-03 03:50:00+00:00,44336.77445,44997.05651928571,41734.0244,41106.0365,FILLED,2025-12-03 03:50:00+00:00,2025-12-03T07:00:00.000000,STOP,-1.0,66.02820692857131,0.3722287686991746,0.1,-1.0,-1.05,-1.1,0.4804833642434071,-inf,39,2025-12-03T07:00:00.000000,False,14157
vsp-setup-49ab00d82a8dd3aeaa9e,2025-12-03 04:00:00+00:00,sell,2025-12-03 04:05:00+00:00,44336.77445,44997.16741964286,41734.0244,41106.0365,FILLED,2025-12-03 04:05:00+00:00,2025-12-03T07:00:00.000000,STOP,-1.0,66.03929696428604,0.3515554362389488,0.1,-1.0,-1.05,-1.1,0.4804026762604221,-inf,36,2025-12-03T07:00:00.000000,False,14160
vsp-setup-5800ae2b0ad669d3d10d,2025-12-03 04:00:00+00:00,sell,2025-12-03 05:45:00+00:00,44173.05165,44901.31095392857,41734.0244,41106.0365,FILLED,2025-12-03 05:45:00+00:00,2025-12-03T07:00:00.000000,STOP,-1.0,72.82593039285712,0.45769427898663356,0.1,-1.0,-1.05,-1.1,-0.14510072089702283,-inf,16,2025-12-03T07:00:00.000000,False,14180
vsp-setup-e2dabffa6f5d2438c871,2025-12-03 07:00:00+00:00,sell,2025-12-03 07:50:00+00:00,44613.81745,45017.89454607143,41734.0244,41106.0365,FILLED,2025-12-03 07:50:00+00:00,2025-12-04T22:20:00.000000,STOP,-1.0,40.4077096071429,0.2526138082477798,0.1,-1.0,-1.05,-1.1,5.121304498867692,-inf,463,2025-12-04T22:20:00.000000,False,14205
vsp-setup-1d6808f3e0507a6f2651,2025-12-03 07:00:00+00:00,sell,2025-12-03 09:00:00+00:00,44102.07905,44421.0816075,41734.0244,41106.0365,FILLED,2025-12-03 09:00:00+00:00,2025-12-03T09:00:00.000000,STOP,-1.0,31.900255749999634,0.22967560997259104,0.1,-1.0,-1.05,-1.1,-0.7016951580396147,-inf,1,2025-12-03T09:00:00.000000,False,14219
vsp-setup-ed4248dede1d86927f8f,2025-12-03 07:00:00+00:00,sell,2025-12-03 11:50:00+00:00,44383.7906,44779.45555678571,41734.0244,41106.0365,FILLED,2025-12-03 11:50:00+00:00,2025-12-03T13:05:00.000000,STOP,-1.0,39.56649567857094,0.23433226437988347,0.1,-1.0,-1.05,-1.1,0.3682676403382239,-inf,16,2025-12-03T13:05:00.000000,False,14253
vsp-setup-38decee398da66df0715,2025-12-03 07:00:00+00:00,sell,2025-12-03 12:25:00+00:00,44275.41255,44613.02200857143,41734.0244,41106.0365,FILLED,2025-12-03 12:25:00+00:00,2025-12-03T12:55:00.000000,STOP,-1.0,33.76094585714309,0.2073639434898212,0.1,-1.0,-1.05,-1.1,-0.15315758693135523,-inf,7,2025-12-03T12:55:00.000000,False,14260
vsp-setup-bd1ca36bf422a6c58a29,2025-12-03 07:00:00+00:00,sell,2025-12-03 12:35:00+00:00,44295.73505,44612.686063214285,41734.0244,41106.0365,FILLED,2025-12-03 12:35:00+00:00,2025-12-03T12:55:00.000000,STOP,-1.0,31.69510132142823,0.21337035778622185,0.1,-1.0,-1.05,-1.1,-0.09902145344706981,-inf,5,2025-12-03T12:55:00.000000,False,14262
vsp-setup-1c081a786b7c3e8147ee,2025-12-03 07:00:00+00:00,sell,2025-12-03 15:10:00+00:00,43917.97105,44232.756271785714,41734.0244,41106.0365,FILLED,2025-12-03 15:10:00+00:00,2025-12-03T15:15:00.000000,STOP,-1.0,31.47852217857144,0.2455713286917504,0.1,-1.0,-1.05,-1.1,-0.5513541868815697,-inf,2,2025-12-03T15:15:00.000000,False,14293
vsp-setup-7dd60679742f38906b9f,2025-12-03 17:00:00+00:00,sell,2025-12-04 00:30:00+00:00,43540.63165,43936.11066107143,42667.1266,42655.4657,FILLED,2025-12-04 00:30:00+00:00,2025-12-04T01:10:00.000000,STOP,-1.0,39.547901107142394,0.23980005906748575,0.1,-1.0,-1.05,-1.1,0.11421554301360373,-inf,9,2025-12-04T01:10:00.000000,False,14405
vsp-setup-02efbeabfd5db1fb2f13,2025-12-03 17:00:00+00:00,sell,2025-12-04 01:50:00+00:00,43331.9455,43946.17919142857,41734.0244,41106.0365,FILLED,2025-12-04 01:50:00+00:00,2025-12-04T02:05:00.000000,STOP,-1.0,61.42336914285698,0.36550661956672503,0.1,-1.0,-1.05,-1.1,-0.04784384251480345,-inf,4,2025-12-04T02:05:00.000000,False,14421
vsp-setup-10f65db368b7f144b282,2025-12-03 17:00:00+00:00,sell,2025-12-04 03:00:00+00:00,43659.151150000005,44185.85304357144,42667.1266,42655.4657,FILLED,2025-12-04 03:00:00+00:00,2025-12-04T06:45:00.000000,TP1,1.8834649392910396,52.670189357143684,0.30103605993886046,0.1,1.8834649392910396,1.8334649392910396,1.7834649392910396,1.9867449932721408,-inf,46,2025-12-04T06:45:00.000000,False,14435
vsp-setup-a397a8d89518d3eeb559,2025-12-03 17:00:00+00:00,sell,2025-12-04 04:15:00+00:00,43672.3678,44045.72641214286,42960.8222,42667.1266,FILLED,2025-12-04 04:15:00+00:00,2025-12-04T05:20:00.000000,TP1,1.905796670702579,37.33586121428598,0.2477867600190673,0.1,1.905796670702579,1.855796670702579,1.805796670702579,2.1035842604307877,-inf,14,2025-12-04T05:20:00.000000,False,14450
vsp-setup-a3983a71cdbdb45261b6,2025-12-03 17:00:00+00:00,sell,2025-12-04 04:35:00+00:00,43343.6319,44045.75937857143,41734.0244,41106.0365,FILLED,2025-12-04 04:35:00+00:00,2025-12-04T15:40:00.000000,STOP,-1.0,70.21274785714267,0.45333840548489784,0.1,-1.0,-1.05,-1.1,1.1382780540452762,-inf,134,2025-12-04T15:40:00.000000,False,14454
vsp-setup-69119de168514758aec6,2025-12-04 07:00:00+00:00,sell,2025-12-04 07:15:00+00:00,42801.631250000006,43196.80505678571,41734.0244,41106.0365,FILLED,2025-12-04 07:15:00+00:00,2025-12-04T07:35:00.000000,STOP,-1.0,39.517380678570774,0.2629510875136908,0.1,-1.0,-1.05,-1.1,-0.18735895124785285,-inf,5,2025-12-04T07:35:00.000000,False,14486
vsp-setup-e6ec9b8614e32cf3af67,2025-12-04 07:00:00+00:00,sell,2025-12-04 11:20:00+00:00,43276.51485,43838.56337857143,41734.0244,41106.0365,FILLED,2025-12-04 11:20:00+00:00,2025-12-04T15:00:00.000000,STOP,-1.0,56.20485285714312,0.332869539055685,0.1,-1.0,-1.05,-1.1,0.8852510498775628,-inf,45,2025-12-04T15:00:00.000000,False,14535
vsp-setup-1aaf73be66d7bfca28c1,2025-12-04 07:00:00+00:00,sell,2025-12-04 12:05:00+00:00,42942.57735,43837.3428475,41106.0365,40308.915,FILLED,2025-12-04 12:05:00+00:00,2025-12-04T15:00:00.000000,STOP,-1.0,89.47654974999969,0.6037793171196525,0.1,-1.0,-1.05,-1.1,0.019459120907824444,-inf,36,2025-12-04T15:00:00.000000,False,14544
vsp-setup-f916d6d767b8892d4f87,2025-12-04 07:00:00+00:00,sell,2025-12-04 14:10:00+00:00,43126.9487,43656.83839285714,41734.0244,41106.0365,FILLED,2025-12-04 14:10:00+00:00,2025-12-04T14:50:00.000000,STOP,-1.0,52.98896928571412,0.3982500460471806,0.1,-1.0,-1.05,-1.1,0.014485845079593636,-inf,9,2025-12-04T14:50:00.000000,False,14569
vsp-setup-d449738a176263f41b60,2025-12-04 15:00:00+00:00,buy,2025-12-04 17:00:00+00:00,44337.2676,43535.113005,46158.7972,46562.0475,FILLED,2025-12-04 17:00:00+00:00,2025-12-05T11:30:00.000000,STOP,-1.0,80.21545950000001,0.48986245273637574,0.1,-1.0,-1.05,-1.1,1.644564038182693,-inf,223,2025-12-05T11:30:00.000000,False,14603
vsp-setup-dfdee4613c5100bf7397,2025-12-04 15:00:00+00:00,buy,2025-12-04 20:00:00+00:00,44321.6402,44035.919323214286,44856.2363,45027.8351,FILLED,2025-12-04 20:00:00+00:00,2025-12-04T20:00:00.000000,STOP,-1.0,28.572087678571553,0.19999396407141318,0.1,-1.0,-1.05,-1.1,-0.57459049491552,-inf,1,2025-12-04T20:00:00.000000,False,14639
vsp-setup-d02016253f27efa3455e,2025-12-04 22:00:00+00:00,buy,2025-12-05 01:05:00+00:00,44696.32725,44377.97364178571,45656.4622,46000.2721,FILLED,2025-12-05 01:05:00+00:00,2025-12-05T03:20:00.000000,STOP,-1.0,31.835360821428914,0.21031695711916926,0.1,-1.0,-1.05,-1.1,1.1555488629875301,-inf,28,2025-12-05T03:20:00.000000,False,14700
vsp-setup-16dd76a95d804c9e04aa,2025-12-04 22:00:00+00:00,buy,2025-12-05 01:45:00+00:00,44905.7692,44377.174236428575,46158.7972,46562.0475,FILLED,2025-12-05 01:45:00+00:00,2025-12-05T03:20:00.000000,STOP,-1.0,52.85949635714278,0.3342142417522306,0.1,-1.0,-1.05,-1.1,0.29972135740674843,-inf,20,2025-12-05T03:20:00.000000,False,14708
vsp-setup-9796dd4d471ec999e6fd,2025-12-04 22:00:00+00:00,buy,2025-12-05 02:05:00+00:00,44944.19405,44638.18108214286,45656.4622,46000.2721,FILLED,2025-12-05 02:05:00+00:00,2025-12-05T03:10:00.000000,STOP,-1.0,30.60129678571393,0.2076703884173284,0.1,-1.0,-1.05,-1.1,0.39216099513804814,-inf,14,2025-12-05T03:10:00.000000,False,14712
vsp-setup-27a27569d593328d4bdb,2025-12-05 03:00:00+00:00,sell,2025-12-05 03:05:00+00:00,44531.5076,45664.43057678572,42778.9608,42753.5019,FILLED,2025-12-05 03:05:00+00:00,2025-12-07T02:40:00.000000,STOP,-1.0,113.29229767857251,0.7510842817707558,0.1,-1.0,-1.05,-1.1,1.0536999641289606,-inf,572,2025-12-07T02:40:00.000000,False,14724
vsp-setup-42f33c31b0fcc265c262,2025-12-05 03:00:00+00:00,sell,2025-12-05 03:20:00+00:00,44831.59275,45071.601102857145,44384.9259,44363.6277,FILLED,2025-12-05 03:20:00+00:00,2025-12-05T03:20:00.000000,TP1,1.8610471039142051,24.000835285714132,0.1584522461120996,0.1,1.8610471039142051,1.811047103914205,1.761047103914205,1.9274347933855294,-inf,1,2025-12-05T03:20:00.000000,False,14727
vsp-setup-fb0e7ad95b781f6655f2,2025-12-05 03:00:00+00:00,sell,2025-12-05 04:55:00+00:00,43842.7821,45070.25068392857,41734.0244,41106.0365,FILLED,2025-12-05 04:55:00+00:00,2025-12-05T16:25:00.000000,STOP,-1.0,122.7468583928574,0.753367121007407,0.1,-1.0,-1.05,-1.1,0.37699001510813923,-inf,139,2025-12-05T16:25:00.000000,False,14746
vsp-setup-c16001e307cb11218732,2025-12-05 03:00:00+00:00,sell,2025-12-05 07:15:00+00:00,44381.6775,44657.61891535714,43693.6512,43690.7563,FILLED,2025-12-05 07:15:00+00:00,2025-12-05T09:15:00.000000,TP1,2.4933781654685974,27.594141535714154,0.1587649269791358,0.1,2.4933781654685974,2.4433781654685975,2.3933781654685973,2.6600976118426036,-inf,25,2025-12-05T09:15:00.000000,False,14774
vsp-setup-86c2d7b7f60d31a2db51,2025-12-05 03:00:00+00:00,sell,2025-12-05 10:30:00+00:00,43723.49805,44118.19376178572,43004.1824,42778.9608,FILLED,2025-12-05 10:30:00+00:00,2025-12-05T10:30:00.000000,STOP,-1.0,39.46957117857164,0.2771682825211064,0.1,-1.0,-1.05,-1.1,-0.8247336879523213,-inf,1,2025-12-05T10:30:00.000000,False,14813
vsp-setup-cd90239994470ac595e9,2025-12-05 03:00:00+00:00,sell,2025-12-05 14:50:00+00:00,44349.57635,45062.2070875,43004.1824,42778.9608,FILLED,2025-12-05 14:50:00+00:00,2025-12-05T16:25:00.000000,STOP,-1.0,71.2630737499996,0.44099179379744086,0.1,-1.0,-1.05,-1.1,-0.04715366350584275,-inf,20,2025-12-05T16:25:00.000000,False,14865
vsp-setup-1a806ed1f815c942429e,2025-12-05 19:00:00+00:00,buy,2025-12-05 22:25:00+00:00,44458.42665,44106.321802142855,45335.0753,45589.1219,FILLED,2025-12-05 22:25:00+00:00,2025-12-06T06:10:00.000000,STOP,-1.0,35.210484785714655,0.2398269376714966,0.1,-1.0,-1.05,-1.1,2.3991184874078235,-inf,94,2025-12-06T06:10:00.000000,False,14956
vsp-setup-db995203289286badd4b,2025-12-05 19:00:00+00:00,buy,2025-12-05 22:45:00+00:00,44605.5659,44106.27606607143,45589.1219,45656.4622,FILLED,2025-12-05 22:45:00+00:00,2025-12-06T06:10:00.000000,STOP,-1.0,49.92898339285748,0.33093316488232744,0.1,-1.0,-1.05,-1.1,1.3971884716959677,-inf,90,2025-12-06T06:10:00.000000,False,14960
vsp-setup-c9b130f0f19476d1c30e,2025-12-05 19:00:00+00:00,buy,2025-12-06 01:25:00+00:00,44861.22955,44465.74566464286,45589.1219,45656.4622,FILLED,2025-12-06 01:25:00+00:00,2025-12-06T04:00:00.000000,STOP,-1.0,39.54838853571346,0.25118239710810053,0.1,-1.0,-1.05,-1.1,0.73720766077921,-inf,32,2025-12-06T04:00:00.000000,False,14992
vsp-setup-727b722f0ecef32eda7e,2025-12-05 19:00:00+00:00,buy,2025-12-06 02:05:00+00:00,45028.2475,44611.8664025,45656.4622,46158.7972,FILLED,2025-12-06 02:05:00+00:00,2025-12-06T03:40:00.000000,STOP,-1.0,41.63810974999942,0.26250464400243834,0.1,-1.0,-1.05,-1.1,0.28854143649017966,-inf,20,2025-12-06T03:40:00.000000,False,15000
vsp-setup-7c198690fbd5a1d8da1e,2025-12-06 06:00:00+00:00,sell,2025-12-06 10:30:00+00:00,43753.49395,43963.4927575,43337.7467,43004.1824,FILLED,2025-12-06 10:30:00+00:00,2025-12-06T10:50:00.000000,STOP,-1.0,20.999880750000013,0.13602157781762317,0.1,-1.0,-1.05,-1.1,0.5863578534844665,-inf,5,2025-12-06T10:50:00.000000,False,15101
vsp-setup-b34e1105a2a8c8040947,2025-12-06 12:00:00+00:00,buy,2025-12-06 12:05:00+00:00,43934.86495,43612.54501357143,44541.0901,44797.7823,FILLED,2025-12-06 12:05:00+00:00,2025-12-06T12:55:00.000000,TP1,1.8808180366290643,32.23199364285756,0.18831788180568484,0.1,1.8808180366290643,1.8308180366290643,1.7808180366290642,1.9518533571670844,-inf,11,2025-12-06T12:55:00.000000,False,15120
vsp-setup-21c97257517af14db20c,2025-12-06 12:00:00+00:00,buy,2025-12-06 12:15:00+00:00,44003.92825,43701.17332785714,44541.0901,44797.7823,FILLED,2025-12-06 12:15:00+00:00,2025-12-06T12:55:00.000000,TP1,1.7742464637669604,30.275492214285624,0.17945309673598703,0.1,1.7742464637669604,1.7242464637669603,1.6742464637669603,1.8498723192871374,-inf,9,2025-12-06T12:55:00.000000,False,15122
vsp-setup-fecbc9058b2c418b77f6,2025-12-06 14:00:00+00:00,buy,2025-12-06 14:25:00+00:00,44822.67095,44025.20766142857,46158.7972,46562.0475,FILLED,2025-12-06 14:25:00+00:00,2025-12-06T15:20:00.000000,STOP,-1.0,79.7463288571431,0.48273268245952156,0.1,-1.0,-1.05,-1.1,-0.3131267026063612,-inf,12,2025-12-06T15:20:00.000000,False,15148
vsp-setup-c29d86f9f3f05a1c49f5,2025-12-06 14:00:00+00:00,buy,2025-12-06 19:15:00+00:00,43955.60785,43530.73362571428,44967.982,45004.7535,FILLED,2025-12-06 19:15:00+00:00,2025-12-07T00:35:00.000000,TP1,2.3827619849191026,42.48742242857188,0.30720651478873084,0.1,2.3827619849191026,2.332761984919103,2.2827619849191025,2.6384581269541596,-inf,65,2025-12-07T00:35:00.000000,False,15206
vsp-setup-436ce4da12159aa59c9f,2025-12-06 14:00:00+00:00,buy,2025-12-06 19:40:00+00:00,44109.15815,43530.094490357136,45004.7535,45148.3907,FILLED,2025-12-06 19:40:00+00:00,2025-12-07T00:35:00.000000,TP1,1.5466267569827261,57.90636596428667,0.40218116557406697,0.1,1.5466267569827261,1.496626756982726,1.446626756982726,1.6707360821030834,-inf,60,2025-12-07T00:35:00.000000,False,15211
vsp-setup-165fbafc61aa890e7aa6,2025-12-06 14:00:00+00:00,buy,2025-12-06 19:50:00+00:00,44218.2813,43529.23839785714,45279.8611,45303.1679,FILLED,2025-12-06 19:50:00+00:00,2025-12-07T00:45:00.000000,TP1,1.5406584941207249,68.90429021428645,0.43766520333650716,0.1,1.5406584941207249,1.4906584941207248,1.4406584941207248,1.7163134491657484,-inf,60,2025-12-07T00:45:00.000000,False,15213
vsp-setup-6daca9748b3ddcd746b0,2025-12-06 23:00:00+00:00,buy,2025-12-06 23:05:00+00:00,44109.15815,43528.86687178571,45004.7535,45148.3907,FILLED,2025-12-06 23:05:00+00:00,2025-12-07T00:35:00.000000,TP1,1.543354835102763,58.029127821429576,0.3290279801107718,0.1,1.543354835102763,1.493354835102763,1.443354835102763,1.6672016042996984,-inf,19,2025-12-07T00:35:00.000000,False,15252
vsp-setup-45b9a10f9112f879024f,2025-12-06 23:00:00+00:00,buy,2025-12-06 23:10:00+00:00,44218.2813,43529.2519,45279.8611,45303.1679,FILLED,2025-12-06 23:10:00+00:00,2025-12-07T00:45:00.000000,TP1,1.5406886846918293,68.90293999999994,0.39527023574532055,0.1,1.5406886846918293,1.4906886846918292,1.4406886846918292,1.7163470818516566,-inf,20,2025-12-07T00:45:00.000000,False,15253
vsp-setup-c719619cb752995f47c9,2025-12-07 09:00:00+00:00,buy,2025-12-07 18:25:00+00:00,44062.4488,43745.34285214286,44577.4577,45032.3975,FILLED,2025-12-07 18:25:00+00:00,2025-12-07T19:55:00.000000,TP1,1.6240909496658746,31.710594785714058,0.18485338545917046,0.1,1.6240909496658746,1.5740909496658746,1.5240909496658746,1.6685240487459065,-inf,19,2025-12-07T19:55:00.000000,False,15484
vsp-setup-9c72cb922b732c993252,2025-12-07 09:00:00+00:00,buy,2025-12-07 18:40:00+00:00,44237.89475000001,43746.227498214284,45032.3975,45893.4605,FILLED,2025-12-07 18:40:00+00:00,2025-12-07T20:55:00.000000,STOP,-1.0,49.166725178572236,0.3136770119652579,0.1,-1.0,-1.05,-1.1,0.7192932795819489,-inf,28,2025-12-07T20:55:00.000000,False,15487
vsp-setup-3fba2e96bb70754d7f8d,2025-12-07 09:00:00+00:00,buy,2025-12-07 19:20:00+00:00,44388.46565,44245.69563321429,45032.3975,45893.4605,FILLED,2025-12-07 19:20:00+00:00,2025-12-07T20:10:00.000000,STOP,-1.0,14.277001678571105,0.08938647371793257,0.1,-1.0,-1.05,-1.1,1.4224418724053112,-inf,11,2025-12-07T20:10:00.000000,False,15495
vsp-setup-7ddc7827589073cb6ffe,2025-12-07 20:00:00+00:00,sell,2025-12-07 20:20:00+00:00,44350.9826,44599.75593928572,43753.7841,43716.7288,FILLED,2025-12-07 20:20:00+00:00,2025-12-07T20:55:00.000000,TP1,2.400572753152285,24.8773339285719,0.15277947455898044,0.1,2.400572753152285,2.350572753152285,2.300572753152285,2.8450801924040188,-inf,8,2025-12-07T20:55:00.000000,False,15507
vsp-setup-fe8e11ac4d1e507a5089,2025-12-07 20:00:00+00:00,sell,2025-12-07 20:45:00+00:00,44203.32805,44473.750875,43753.7841,43716.7288,FILLED,2025-12-07 20:45:00+00:00,2025-12-07T20:55:00.000000,TP1,1.6623742836796298,27.042282500000148,0.16150761518615137,0.1,1.6623742836796298,1.6123742836796298,1.5623742836796297,2.071295387140468,-inf,3,2025-12-07T20:55:00.000000,False,15512
vsp-setup-5c550c5eea3f72ca38f7,2025-12-07 20:00:00+00:00,sell,2025-12-07 22:05:00+00:00,43616.50275,44473.235336785714,41734.0244,41106.0365,FILLED,2025-12-07 22:05:00+00:00,,TIME_LIMIT,0.0,85.67325867857144,0.5320598097596324,0.1,0.0,-0.05,-0.1,1.8742371596069782,-inf,576,,False,15528
vsp-setup-148fa48795e3cabede63,2025-12-07 20:00:00+00:00,sell,2025-12-07 22:30:00+00:00,43834.319,44473.94633499999,42544.4156,41734.0244,FILLED,2025-12-07 22:30:00+00:00,2025-12-08T21:35:00.000000,TP1,2.01664833476828,63.96273349999902,0.3867624557917132,0.1,2.01664833476828,1.9666483347682802,1.9166483347682801,2.027156953822213,-inf,278,2025-12-08T21:35:00.000000,False,15533
vsp-setup-eb73a2fbcf1f2bea51bf,2025-12-07 20:00:00+00:00,sell,2025-12-07 23:45:00+00:00,43568.59555,43852.845824642856,42544.4156,41734.0244,FILLED,2025-12-07 23:45:00+00:00,2025-12-08T00:25:00.000000,STOP,-1.0,28.425027464285815,0.18304539240763684,0.1,-1.0,-1.05,-1.1,0.13311385555402483,-inf,9,2025-12-08T00:25:00.000000,False,15548
vsp-setup-3cb2f5e8c6651471d861,2025-12-07 20:00:00+00:00,sell,2025-12-08 01:00:00+00:00,43478.8928,43913.36475857143,42544.4156,41734.0244,FILLED,2025-12-08 01:00:00+00:00,2025-12-08T11:35:00.000000,STOP,-1.0,43.44719585714265,0.30120919900665216,0.1,-1.0,-1.05,-1.1,1.13149120513191,-inf,128,2025-12-08T11:35:00.000000,False,15563
vsp-setup-2ea6b811d7ba3c109138,2025-12-07 20:00:00+00:00,sell,2025-12-08 02:50:00+00:00,43434.768,43765.051492142855,42544.4156,41734.0244,FILLED,2025-12-08 02:50:00+00:00,2025-12-08T03:00:00.000000,STOP,-1.0,33.028349214285846,0.2369470160565503,0.1,-1.0,-1.05,-1.1,-0.4557672532264903,-inf,3,2025-12-08T03:00:00.000000,False,15585
vsp-setup-b02a9e3dfdec6b9f66e2,2025-12-08 04:00:00+00:00,sell,2025-12-08 06:00:00+00:00,43076.3888,43809.7816775,41734.0244,41106.0365,FILLED,2025-12-08 06:00:00+00:00,2025-12-08T07:25:00.000000,STOP,-1.0,73.33928775000022,0.4731136134792518,0.1,-1.0,-1.05,-1.1,-0.2329454038091581,-inf,18,2025-12-08T07:25:00.000000,False,15623
vsp-setup-c95d539a2883502fa52c,2025-12-08 11:00:00+00:00,buy,2025-12-08 12:20:00+00:00,44085.33075,43465.98984178572,46501.9738,46562.0475,FILLED,2025-12-08 12:20:00+00:00,2025-12-08T14:25:00.000000,STOP,-1.0,61.934090821428256,0.5186223385366527,0.1,-1.0,-1.05,-1.1,0.11772861929987304,-inf,26,2025-12-08T14:25:00.000000,False,15699
vsp-setup-e5cc84eeca6b8b871aa8,2025-12-08 11:00:00+00:00,buy,2025-12-08 15:00:00+00:00,43705.8119,43479.44828107143,44158.2449,44465.3878,FILLED,2025-12-08 15:00:00+00:00,2025-12-08T15:05:00.000000,STOP,-1.0,22.636361892856804,0.1488055149248953,0.1,-1.0,-1.05,-1.1,0.34461323939432725,-inf,2,2025-12-08T15:05:00.000000,False,15731
vsp-setup-04b96a5e07565081744f,2025-12-08 11:00:00+00:00,buy,2025-12-08 15:40:00+00:00,44132.8084,43459.032922142855,46501.9738,46562.0475,FILLED,2025-12-08 15:40:00+00:00,2025-12-08T16:20:00.000000,STOP,-1.0,67.37754778571471,0.3985179238409018,0.1,-1.0,-1.05,-1.1,-0.2276109847270506,-inf,9,2025-12-08T16:20:00.000000,False,15739
vsp-setup-7afa0d071c0aed323740,2025-12-08 11:00:00+00:00,buy,2025-12-08 20:55:00+00:00,43214.17885,42772.56376285714,44212.4506,44465.3878,FILLED,2025-12-08 20:55:00+00:00,2025-12-08T21:25:00.000000,STOP,-1.0,44.161508714285446,0.3286850013511321,0.1,-1.0,-1.05,-1.1,0.0174456222722081,-inf,7,2025-12-08T21:25:00.000000,False,15802
vsp-setup-ccd00e2a9793afd7f0a3,2025-12-08 23:00:00+00:00,sell,2025-12-09 05:35:00+00:00,43560.26545,44072.0135125,42762.1474,42553.6774,FILLED,2025-12-09 05:35:00+00:00,2025-12-09T10:10:00.000000,TP1,1.5595917375847286,51.17480625000026,0.29339760442170965,0.1,1.5595917375847286,1.5095917375847285,1.4595917375847285,1.814089232628989,-inf,56,2025-12-09T10:10:00.000000,False,15906
vsp-setup-a270e381746b24233e4d,2025-12-08 23:00:00+00:00,sell,2025-12-09 06:35:00+00:00,43157.82465,43728.68623785714,42034.5442,41734.0244,FILLED,2025-12-09 06:35:00+00:00,2025-12-09T08:10:00.000000,STOP,-1.0,57.086158785713636,0.38459694630862074,0.1,-1.0,-1.05,-1.1,0.2368497948995699,-inf,20,2025-12-09T08:10:00.000000,False,15918
vsp-setup-507d077081564f2f2318,2025-12-08 23:00:00+00:00,sell,2025-12-09 07:00:00+00:00,43251.37215,43729.165552142855,42034.5442,41734.0244,FILLED,2025-12-09 07:00:00+00:00,2025-12-09T08:10:00.000000,STOP,-1.0,47.779340214285185,0.309766510476897,0.1,-1.0,-1.05,-1.1,0.20061170700582898,-inf,15,2025-12-09T08:10:00.000000,False,15923
vsp-setup-8736c2f4d9fc770ea32a,2025-12-08 23:00:00+00:00,sell,2025-12-09 07:15:00+00:00,43198.00845,43728.67190571429,42034.5442,41734.0244,FILLED,2025-12-09 07:15:00+00:00,2025-12-09T08:10:00.000000,STOP,-1.0,53.066345571428975,0.343064335434356,0.1,-1.0,-1.05,-1.1,-0.13864446328034527,-inf,12,2025-12-09T08:10:00.000000,False,15926
vsp-setup-13373c4cd3882c77191e,2025-12-08 23:00:00+00:00,sell,2025-12-09 10:45:00+00:00,42749.12445,43771.916201428576,41106.0365,40308.915,FILLED,2025-12-09 10:45:00+00:00,2025-12-10T02:50:00.000000,STOP,-1.0,102.27917514285728,0.5921470295828208,0.1,-1.0,-1.05,-1.1,0.721888643478723,-inf,194,2025-12-10T02:50:00.000000,False,15968
vsp-setup-8e0dc319afbf0e078c53,2025-12-09 11:00:00+00:00,sell,2025-12-09 15:30:00+00:00,42203.6797,42616.469945714285,41106.0365,40308.915,FILLED,2025-12-09 15:30:00+00:00,2025-12-09T15:30:00.000000,STOP,-1.0,41.27902457142846,0.30941826631405867,0.1,-1.0,-1.05,-1.1,-0.854825189460112,-inf,1,2025-12-09T15:30:00.000000,False,16025
vsp-setup-29f529e3994b29a625af,2025-12-09 11:00:00+00:00,sell,2025-12-09 20:05:00+00:00,42585.99995,42736.05891714286,42302.2426,42010.7827,FILLED,2025-12-09 20:05:00+00:00,2025-12-09T20:25:00.000000,STOP,-1.0,15.005896714286065,0.11601231191095082,0.1,-1.0,-1.05,-1.1,1.6661620079122978,-inf,5,2025-12-09T20:25:00.000000,False,16080
vsp-setup-f0063e174c7bf7eb5abc,2025-12-09 11:00:00+00:00,sell,2025-12-09 20:15:00+00:00,42463.00874999999,42736.35205178572,42010.7827,41734.0244,FILLED,2025-12-09 20:15:00+00:00,2025-12-09T20:25:00.000000,STOP,-1.0,27.33433017857242,0.20759184654893864,0.1,-1.0,-1.05,-1.1,0.46473189271552373,-inf,3,2025-12-09T20:25:00.000000,False,16082
vsp-setup-e7350ff5f07839934f0b,2025-12-09 11:00:00+00:00,sell,2025-12-09 21:40:00+00:00,42515.69125,42786.03514035714,42010.7827,41734.0244,FILLED,2025-12-09 21:40:00+00:00,2025-12-09T22:55:00.000000,STOP,-1.0,27.034389035713687,0.17189783858187457,0.1,-1.0,-1.05,-1.1,1.4100901244574262,-inf,16,2025-12-09T22:55:00.000000,False,16099
vsp-setup-b39f7298ac3812cb5e75,2025-12-09 11:00:00+00:00,sell,2025-12-09 21:55:00+00:00,42315.97005,42786.00196892857,41106.0365,40308.915,FILLED,2025-12-09 21:55:00+00:00,2025-12-09T22:55:00.000000,STOP,-1.0,47.00319189285656,0.3359918044501144,0.1,-1.0,-1.05,-1.1,0.35936953044602077,-inf,13,2025-12-09T22:55:00.000000,False,16102
vsp-setup-dcd2ea66e9b6cc043294,2025-12-09 23:00:00+00:00,buy,2025-12-09 23:05:00+00:00,42555.5122,42126.93160214286,43762.8556,43975.7126,FILLED,2025-12-09 23:05:00+00:00,2025-12-10T02:50:00.000000,TP1,2.817074328694788,42.858059785713706,0.2784518376569518,0.1,2.817074328694788,2.7670743286947883,2.717074328694788,2.902627431619473,-inf,46,2025-12-10T02:50:00.000000,False,16116
vsp-setup-97448d109f34f5c97ae0,2025-12-09 23:00:00+00:00,buy,2025-12-10 00:15:00+00:00,43102.22135,42567.8928075,43975.7126,44063.3956,FILLED,2025-12-10 00:15:00+00:00,2025-12-10T03:10:00.000000,TP1,1.6347456303066572,53.43285424999995,0.4476387836786042,0.1,1.6347456303066572,1.5847456303066572,1.5347456303066571,1.655436832667421,-inf,36,2025-12-10T03:10:00.000000,False,16130
vsp-setup-002c96ba232e1af067a7,2025-12-10 11:00:00+00:00,buy,2025-12-10 11:15:00+00:00,45245.7009,44642.73965178572,46501.9738,46562.0475,FILLED,2025-12-10 11:15:00+00:00,2025-12-10T11:15:00.000000,STOP,-1.0,60.296124821428386,0.40551551314219514,0.1,-1.0,-1.05,-1.1,-0.9017936088104389,-inf,1,2025-12-10T11:15:00.000000,False,16262
vsp-setup-6e47e593bf7364d7ce04,2025-12-10 11:00:00+00:00,buy,2025-12-10 14:20:00+00:00,44519.11105,44028.59801428572,45349.3401,46501.9738,FILLED,2025-12-10 14:20:00+00:00,2025-12-10T16:05:00.000000,STOP,-1.0,49.05130357142771,0.32147398011847733,0.1,-1.0,-1.05,-1.1,0.12756816933291418,-inf,22,2025-12-10T16:05:00.000000,False,16299
vsp-setup-853aac7ca04984771e81,2025-12-10 17:00:00+00:00,sell,2025-12-10 18:45:00+00:00,43577.738,44017.6029775,42831.6765,42716.4443,FILLED,2025-12-10 18:45:00+00:00,2025-12-10T19:35:00.000000,STOP,-1.0,43.986497750000126,0.28761631065558074,0.1,-1.0,-1.05,-1.1,0.02206745364262412,-inf,11,2025-12-10T19:35:00.000000,False,16352
vsp-setup-48b3583dfc5bc1556ad8,2025-12-10 17:00:00+00:00,sell,2025-12-10 19:30:00+00:00,43731.066,43985.79976071429,42831.6765,42716.4443,FILLED,2025-12-10 19:30:00+00:00,2025-12-10T19:30:00.000000,STOP,-1.0,25.473376071429087,0.16243509071233794,0.1,-1.0,-1.05,-1.1,-0.6063825209774486,-inf,1,2025-12-10T19:30:00.000000,False,16361
vsp-setup-3b4b8f5bf9c08ee31f7f,2025-12-10 17:00:00+00:00,sell,2025-12-10 21:00:00+00:00,44259.10775,44719.94922642857,43491.8762,43402.0193,FILLED,2025-12-10 21:00:00+00:00,2025-12-11T11:15:00.000000,TP1,1.6648491710118989,46.08414764285699,0.2939354155650907,0.1,1.6648491710118989,1.6148491710118988,1.5648491710118988,1.9305348921602565,-inf,172,2025-12-11T11:15:00.000000,False,16379
vsp-setup-8ff28d35c82788f22b15,2025-12-10 11:00:00+00:00,buy,2025-12-10 21:05:00+00:00,44401.0591,43560.84286571429,46501.9738,46562.0475,FILLED,2025-12-10 21:05:00+00:00,2025-12-11T06:45:00.000000,STOP,-1.0,84.02162342857119,0.5917827203066148,0.1,-1.0,-1.05,-1.1,0.22563953451955687,-inf,117,2025-12-11T06:45:00.000000,False,16380
vsp-setup-ec8e364869add806b6b4,2025-12-10 11:00:00+00:00,buy,2025-12-10 23:10:00+00:00,44577.661,43561.07568642857,46501.9738,46562.0475,FILLED,2025-12-10 23:10:00+00:00,2025-12-11T06:45:00.000000,STOP,-1.0,101.65853135714279,0.7080028696806996,0.1,-1.0,-1.05,-1.1,0.012772267931341893,-inf,92,2025-12-11T06:45:00.000000,False,16405
vsp-setup-68e955ca13441003fa87,2025-12-10 17:00:00+00:00,sell,2025-12-11 00:05:00+00:00,43698.29665,44185.24385642857,42831.6765,42716.4443,FILLED,2025-12-11 00:05:00+00:00,2025-12-11T02:20:00.000000,STOP,-1.0,48.694720642857284,0.32848611472896044,0.1,-1.0,-1.05,-1.1,0.15665466192829605,-inf,28,2025-12-11T02:20:00.000000,False,16416
vsp-setup-3fd7969523a18a48820c,2025-12-10 17:00:00+00:00,sell,2025-12-11 04:15:00+00:00,44074.53195,44488.74781642857,43402.0193,42831.6765,FILLED,2025-12-11 04:15:00+00:00,2025-12-11T11:15:00.000000,TP1,1.6235801293622396,41.42158664285744,0.2751121356391158,0.1,1.6235801293622396,1.5735801293622396,1.5235801293622395,1.7022398395296143,-inf,85,2025-12-11T11:15:00.000000,False,16466
vsp-setup-852e262d8706d834633e,2025-12-10 17:00:00+00:00,sell,2025-12-11 04:45:00+00:00,44038.51295,44488.88401964286,42010.7827,41734.0244,FILLED,2025-12-11 04:45:00+00:00,2025-12-12T00:00:00.000000,TP1,4.502354584205333,45.03710696428607,0.30098066899847836,0.1,4.502354584205333,4.452354584205334,4.402354584205334,4.6591330825578,-inf,232,2025-12-12T00:00:00.000000,False,16472
vsp-setup-e42be99585fab834ebed,2025-12-10 17:00:00+00:00,sell,2025-12-11 05:00:00+00:00,43897.9673,44213.5540275,43402.0193,42831.6765,FILLED,2025-12-11 05:00:00+00:00,2025-12-11T10:05:00.000000,STOP,-1.0,31.558672750000554,0.20030296894180943,0.1,-1.0,-1.05,-1.1,1.1278005980146637,-inf,62,2025-12-11T10:05:00.000000,False,16475
vsp-setup-db86bf01d47912f90f97,2025-12-10 17:00:00+00:00,sell,2025-12-11 06:05:00+00:00,43797.34084999999,44116.17209,42010.7827,41734.0244,FILLED,2025-12-11 06:05:00+00:00,2025-12-11T08:00:00.000000,STOP,-1.0,31.88312400000068,0.21089059473428418,0.1,-1.0,-1.05,-1.1,0.8007134118977428,-inf,24,2025-12-11T08:00:00.000000,False,16488
vsp-setup-0eac4bcd9e122cf75e00,2025-12-10 17:00:00+00:00,sell,2025-12-11 07:00:00+00:00,43812.5649,44079.25197607144,43402.0193,42831.6765,FILLED,2025-12-11 07:00:00+00:00,2025-12-11T08:00:00.000000,STOP,-1.0,26.668707607144462,0.1638858348467204,0.1,-1.0,-1.05,-1.1,0.8930196525016292,-inf,13,2025-12-11T08:00:00.000000,False,16499
vsp-setup-0f5c65d2e0e4a2271ce9,2025-12-11 11:00:00+00:00,sell,2025-12-11 12:30:00+00:00,42856.23295,44190.8068075,40308.915,,FILLED,2025-12-11 12:30:00+00:00,2025-12-13T02:55:00.000000,STOP,-1.0,133.45738574999996,0.9417363918608094,0.1,-1.0,-1.05,-1.1,1.1900820933022063,-inf,462,2025-12-13T02:55:00.000000,False,16565
vsp-setup-662ac0b61aaa322b32a5,2025-12-11 14:00:00+00:00,sell,2025-12-11 14:05:00+00:00,42856.23295,44191.05771357143,40308.915,,FILLED,2025-12-11 14:05:00+00:00,2025-12-13T02:55:00.000000,STOP,-1.0,133.48247635714287,0.937784069578763,0.1,-1.0,-1.05,-1.1,1.1898583944086454,-inf,443,2025-12-13T02:55:00.000000,False,16584
vsp-setup-ec12adf3059442468552,2025-12-11 14:00:00+00:00,sell,2025-12-11 14:20:00+00:00,43452.4699,43840.83653714286,42771.7671,42716.4443,FILLED,2025-12-11 14:20:00+00:00,2025-12-11T18:15:00.000000,TP1,1.752732430900338,38.83666371428626,0.25397331799223516,0.1,1.752732430900338,1.702732430900338,1.652732430900338,1.854226473462745,-inf,48,2025-12-11T18:15:00.000000,False,16587
vsp-setup-32dd0485f71652e7d5c3,2025-12-11 14:00:00+00:00,sell,2025-12-11 15:20:00+00:00,43010.8827,43840.652735,41734.0244,41106.0365,FILLED,2025-12-11 15:20:00+00:00,2025-12-12T00:30:00.000000,TP1,1.5388098462726456,82.97700350000014,0.5862644624011759,0.1,1.5388098462726456,1.4888098462726456,1.4388098462726455,1.5573343763853822,-inf,111,2025-12-12T00:30:00.000000,False,16599
vsp-setup-cce2d730145caddbbee9,2025-12-11 14:00:00+00:00,sell,2025-12-11 16:15:00+00:00,42948.6787,43348.68438035714,42010.7827,41734.0244,FILLED,2025-12-11 16:15:00+00:00,2025-12-11T16:35:00.000000,STOP,-1.0,40.000568035714245,0.261850288522191,0.1,-1.0,-1.05,-1.1,-0.2872619206242432,-inf,5,2025-12-11T16:35:00.000000,False,16610
vsp-setup-cb672e570f809d46cf4d,2025-12-12 06:00:00+00:00,sell,2025-12-12 11:50:00+00:00,42788.6765,43280.43338928572,41999.5616,41909.5346,FILLED,2025-12-12 11:50:00+00:00,2025-12-12T14:50:00.000000,STOP,-1.0,49.17568892857162,0.3574182893118927,0.1,-1.0,-1.05,-1.1,0.4703012912252816,-inf,37,2025-12-12T14:50:00.000000,False,16845
vsp-setup-8a5ea12f8b2116c14904,2025-12-12 06:00:00+00:00,sell,2025-12-12 12:15:00+00:00,42729.8857,43280.699485357145,41616.1753,41607.9623,FILLED,2025-12-12 12:15:00+00:00,2025-12-12T14:50:00.000000,STOP,-1.0,55.08137853571461,0.3986475620772399,0.1,-1.0,-1.05,-1.1,0.31314230795469306,-inf,32,2025-12-12T14:50:00.000000,False,16850
vsp-setup-87a366fb44d160317b65,2025-12-12 14:00:00+00:00,buy,2025-12-12 15:55:00+00:00,43399.1489,42926.63261928572,44372.5842,44481.172,FILLED,2025-12-12 15:55:00+00:00,2025-12-12T15:55:00.000000,STOP,-1.0,47.251628071427696,0.31183763854788893,0.1,-1.0,-1.05,-1.1,-0.8281141115571727,-inf,1,2025-12-12T15:55:00.000000,False,16894
vsp-setup-9fde6048ccf99a9e1fca,2025-12-12 17:00:00+00:00,buy,2025-12-12 17:10:00+00:00,42854.9832,42592.554840714285,43586.3526,43625.0758,FILLED,2025-12-12 17:10:00+00:00,2025-12-12T20:30:00.000000,TP1,2.786929743380828,26.242835928571733,0.1782847897523748,0.1,2.786929743380828,2.7369297433808284,2.686929743380828,2.829808874396365,-inf,41,2025-12-12T20:30:00.000000,False,16909
vsp-setup-8e9a2165abe09cf1cd8c,2025-12-12 17:00:00+00:00,buy,2025-12-12 17:35:00+00:00,43046.9989,42715.18079107143,43586.3526,43625.0758,FILLED,2025-12-12 17:35:00+00:00,2025-12-12T20:30:00.000000,TP1,1.6254498639075263,33.18181089285718,0.20297121393292497,0.1,1.6254498639075263,1.5754498639075263,1.5254498639075262,1.6593621179322964,-inf,36,2025-12-12T20:30:00.000000,False,16914
vsp-setup-711b4d38403d214b0f3d,2025-12-12 17:00:00+00:00,buy,2025-12-12 18:30:00+00:00,43338.74755,42715.399730714285,44372.5842,44481.172,FILLED,2025-12-12 18:30:00+00:00,2025-12-13T03:20:00.000000,TP1,1.6585229273516287,62.334781928571466,0.40572355720973713,0.1,1.6585229273516287,1.6085229273516286,1.5585229273516286,1.7759231936810373,-inf,107,2025-12-13T03:20:00.000000,False,16925
vsp-setup-204fbf13253f2d35a0aa,2025-12-12 17:00:00+00:00,buy,2025-12-12 19:45:00+00:00,43087.8171,42892.8914975,43394.9341,43432.4912,FILLED,2025-12-12 19:45:00+00:00,2025-12-12T20:20:00.000000,TP1,1.5755600909326375,19.492560249999954,0.12432264130185039,0.1,1.5755600909326375,1.5255600909326374,1.4755600909326374,1.7762120294074886,-inf,8,2025-12-12T20:20:00.000000,False,16940
vsp-setup-dfd0593829bb3f8fde33,2025-12-12 17:00:00+00:00,buy,2025-12-12 20:50:00+00:00,43437.5234,42912.40521892857,44372.5842,44481.172,FILLED,2025-12-12 20:50:00+00:00,2025-12-13T03:20:00.000000,TP1,1.7806673501422972,52.51181810714261,0.3436971817750752,0.1,1.7806673501422972,1.7306673501422971,1.680667350142297,1.920028740849973,-inf,79,2025-12-13T03:20:00.000000,False,16953
vsp-setup-5b13d4597458ea055ffe,2025-12-12 21:00:00+00:00,buy,2025-12-12 21:05:00+00:00,43437.5234,42912.82539464286,44372.5842,44481.172,FILLED,2025-12-12 21:05:00+00:00,2025-12-13T03:20:00.000000,TP1,1.7820933002471482,52.46980053571388,0.34867965759411196,0.1,1.7820933002471482,1.7320933002471481,1.682093300247148,1.9215662909061997,-inf,76,2025-12-13T03:20:00.000000,False,16956
vsp-setup-02d394b640f9a1ad98b9,2025-12-12 21:00:00+00:00,buy,2025-12-12 22:55:00+00:00,43677.10855,42947.20623285714,45349.3401,46501.9738,FILLED,2025-12-12 22:55:00+00:00,2025-12-13T06:45:00.000000,TP1,2.2910347189276226,72.99023171428563,0.457140473865801,0.1,2.2910347189276226,2.2410347189276227,2.1910347189276225,2.3089601312639143,-inf,95,2025-12-13T06:45:00.000000,False,16978
vsp-setup-abffc83e5072319ea7d2,2025-12-12 21:00:00+00:00,buy,2025-12-13 00:30:00+00:00,43514.67005,43251.73619607143,43925.1488,44372.5842,FILLED,2025-12-13 00:30:00+00:00,2025-12-13T02:15:00.000000,TP1,1.56114834155787,26.293385392856727,0.17236386010310317,0.1,1.56114834155787,1.51114834155787,1.4611483415578699,1.6079372955711588,-inf,22,2025-12-13T02:15:00.000000,False,16997
vsp-setup-e0699693c6d7e4a1ff08,2025-12-12 21:00:00+00:00,buy,2025-12-13 01:15:00+00:00,43634.2,43364.169605,44372.5842,44481.172,FILLED,2025-12-13 01:15:00+00:00,2025-12-13T03:20:00.000000,TP1,2.734448468291934,27.00303949999943,0.17691613495234537,0.1,2.734448468291934,2.6844484682919343,2.634448468291934,3.0054594409641053,-inf,26,2025-12-13T03:20:00.000000,False,17006
vsp-setup-a0d03eb79ce109cf839c,2025-12-13 03:00:00+00:00,buy,2025-12-13 04:30:00+00:00,44817.5924,44200.306364642856,46501.9738,46562.0475,FILLED,2025-12-13 04:30:00+00:00,2025-12-13T21:15:00.000000,TP1,2.7286886524582736,61.728603535714505,0.3436550207626492,0.1,2.7286886524582736,2.678688652458274,2.6286886524582735,2.781692767448608,-inf,202,2025-12-13T21:15:00.000000,False,17045
vsp-setup-bc02d03d7de9df5d5b12,2025-12-13 07:00:00+00:00,buy,2025-12-13 08:30:00+00:00,44721.4791,44538.322546071424,45125.9175,45362.4239,FILLED,2025-12-13 08:30:00+00:00,2025-12-13T08:35:00.000000,STOP,-1.0,18.3156553928573,0.11881787809363296,0.1,-1.0,-1.05,-1.1,0.469470505726684,-inf,2,2025-12-13T08:35:00.000000,False,17093
vsp-setup-4eae22d92cf3d789e441,2025-12-13 12:00:00+00:00,buy,2025-12-13 13:25:00+00:00,45464.8273,44976.70518964285,46501.9738,46562.0475,FILLED,2025-12-13 13:25:00+00:00,2025-12-13T13:55:00.000000,STOP,-1.0,48.81221103571443,0.28974850655941004,0.1,-1.0,-1.05,-1.1,-0.2780322733192779,-inf,7,2025-12-13T13:55:00.000000,False,17152
vsp-setup-6cdcaba3c1b91456ccb5,2025-12-13 12:00:00+00:00,buy,2025-12-13 14:45:00+00:00,44986.47055,44757.02150892857,45710.4679,46501.9738,FILLED,2025-12-13 14:45:00+00:00,2025-12-13T14:50:00.000000,STOP,-1.0,22.944904107142793,0.1447666445495104,0.1,-1.0,-1.05,-1.1,0.22338925349461164,-inf,2,2025-12-13T14:50:00.000000,False,17168
vsp-setup-5506b93cc6f4e3d2a7ba,2025-12-13 12:00:00+00:00,buy,2025-12-13 16:30:00+00:00,45164.772,44728.34763357143,46501.9738,46562.0475,FILLED,2025-12-13 16:30:00+00:00,2025-12-13T17:25:00.000000,STOP,-1.0,43.64243664285678,0.26665579942891204,0.1,-1.0,-1.05,-1.1,0.04048032456248226,-inf,12,2025-12-13T17:25:00.000000,False,17189
vsp-setup-bbde51bfdf92c614a16b,2025-12-13 12:00:00+00:00,buy,2025-12-13 18:15:00+00:00,45003.1953,44439.8158425,46501.9738,46562.0475,FILLED,2025-12-13 18:15:00+00:00,2025-12-13T21:15:00.000000,TP1,2.6603357294049053,56.33794574999993,0.32816397034633565,0.1,2.6603357294049053,2.6103357294049054,2.560335729404905,2.7184115068661336,-inf,37,2025-12-13T21:15:00.000000,False,17210
vsp-setup-11e64337d82e2defc9e4,2025-12-13 12:00:00+00:00,buy,2025-12-13 18:50:00+00:00,45151.4528,44439.46731214286,46501.9738,46562.0475,FILLED,2025-12-13 18:50:00+00:00,2025-12-13T21:15:00.000000,TP1,1.8968378190750126,71.19854878571424,0.41893313904324536,0.1,1.8968378190750126,1.8468378190750125,1.7968378190750125,1.9427919860601726,-inf,30,2025-12-13T21:15:00.000000,False,17217
vsp-setup-e3398fe0071ae025b9e9,2025-12-13 12:00:00+00:00,buy,2025-12-13 19:00:00+00:00,45259.616,44439.8504875,46501.9738,46562.0475,FILLED,2025-12-13 19:00:00+00:00,2025-12-13T21:15:00.000000,TP1,1.5155038618436574,81.9765512500002,0.4623932016411601,0.1,1.5155038618436574,1.4655038618436573,1.4155038618436573,1.55541612882866,-inf,28,2025-12-13T21:15:00.000000,False,17219
vsp-setup-7994119348ab3582d15a,2025-12-13 12:00:00+00:00,buy,2025-12-13 19:20:00+00:00,45353.37805,44861.67888892857,46501.9738,46562.0475,FILLED,2025-12-13 19:20:00+00:00,2025-12-13T21:15:00.000000,TP1,2.335972563990478,49.16991610714322,0.28878451519500653,0.1,2.335972563990478,2.285972563990478,2.2359725639904777,2.4025146746760084,-inf,24,2025-12-13T21:15:00.000000,False,17223
vsp-setup-31e94d1afa6781081dd3,2025-12-13 23:00:00+00:00,buy,2025-12-14 01:40:00+00:00,45979.7554,45596.91675428571,46737.4837,46857.8238,FILLED,2025-12-14 01:40:00+00:00,2025-12-14T01:50:00.000000,STOP,-1.0,38.28386457142915,0.2591561256105386,0.1,-1.0,-1.05,-1.1,0.31056138488361845,-inf,3,2025-12-14T01:50:00.000000,False,17299
vsp-setup-b36fa28d2322e6e4f75a,2025-12-13 23:00:00+00:00,buy,2025-12-14 04:10:00+00:00,45774.24635,45389.77250071429,46737.4837,46857.8238,FILLED,2025-12-14 04:10:00+00:00,2025-12-14T04:30:00.000000,STOP,-1.0,38.44738492857141,0.24944191002732374,0.1,-1.0,-1.05,-1.1,-0.04320983086590701,-inf,5,2025-12-14T04:30:00.000000,False,17329
vsp-setup-77cd623105d4057261ac,2025-12-13 23:00:00+00:00,buy,2025-12-14 07:10:00+00:00,45633.7763,45388.19540571429,46101.3191,46112.3533,FILLED,2025-12-14 07:10:00+00:00,2025-12-14T07:45:00.000000,STOP,-1.0,24.55808942857111,0.1604724204375898,0.1,-1.0,-1.05,-1.1,0.5829427424164594,-inf,8,2025-12-14T07:45:00.000000,False,17365
vsp-setup-2a24775e712ff572ab4a,2025-12-14 17:00:00+00:00,buy,2025-12-14 19:20:00+00:00,47224.57775,47045.91400464286,47955.3537,47993.1994,FILLED,2025-12-14 19:20:00+00:00,2025-12-14T20:45:00.000000,STOP,-1.0,17.86637453571384,0.11109478572893959,0.1,-1.0,-1.05,-1.1,1.5686615627573162,-inf,18,2025-12-14T20:45:00.000000,False,17511
vsp-setup-d4b700aabe385dc69149,2025-12-14 17:00:00+00:00,buy,2025-12-14 19:40:00+00:00,47359.5872,47026.92102107143,47955.3537,47993.1994,FILLED,2025-12-14 19:40:00+00:00,2025-12-14T20:45:00.000000,STOP,-1.0,33.26661789285718,0.20718001261854394,0.1,-1.0,-1.05,-1.1,0.4366344077051095,-inf,14,2025-12-14T20:45:00.000000,False,17515
vsp-setup-b59af3dc07c5fb26ece6,2025-12-14 17:00:00+00:00,buy,2025-12-14 23:10:00+00:00,46452.54695,46131.00766464286,47063.2183,47504.8407,FILLED,2025-12-14 23:10:00+00:00,2025-12-15T01:10:00.000000,TP1,1.8992122512236715,32.15392853571466,0.20528688906053102,0.1,1.8992122512236715,1.8492122512236715,1.7992122512236715,1.9303359753088452,-inf,25,2025-12-15T01:10:00.000000,False,17557
vsp-setup-0cbe434e6c51cdf81507,2025-12-14 17:00:00+00:00,buy,2025-12-14 23:30:00+00:00,46745.8006,46130.921879285714,47955.3537,47993.1994,FILLED,2025-12-14 23:30:00+00:00,2025-12-15T07:00:00.000000,STOP,-1.0,61.48787207142887,0.39731335916056404,0.1,-1.0,-1.05,-1.1,1.2145396723641195,-inf,91,2025-12-15T07:00:00.000000,False,17561
vsp-setup-a029f9ed88b96946d7f9,2025-12-14 17:00:00+00:00,buy,2025-12-15 01:00:00+00:00,46722.850000000006,46445.729479285714,47504.8407,47955.3537,FILLED,2025-12-15 01:00:00+00:00,2025-12-15T03:30:00.000000,STOP,-1.0,27.71205207142921,0.15873594475282365,0.1,-1.0,-1.05,-1.1,2.777655000127528,-inf,31,2025-12-15T03:30:00.000000,False,17579
vsp-setup-b2544f0b275cf20b0ffb,2025-12-14 17:00:00+00:00,buy,2025-12-15 01:15:00+00:00,46956.3551,46479.78666714286,47955.3537,47993.1994,FILLED,2025-12-15 01:15:00+00:00,2025-12-15T03:15:00.000000,STOP,-1.0,47.65684328571442,0.30473628384645945,0.1,-1.0,-1.05,-1.1,1.1252111198073114,-inf,25,2025-12-15T03:15:00.000000,False,17582
vsp-setup-f588c2db56b00d96c19f,2025-12-14 17:00:00+00:00,buy,2025-12-15 06:00:00+00:00,46571.78435,46228.07546714286,47414.0468,47492.5952,FILLED,2025-12-15 06:00:00+00:00,2025-12-15T06:55:00.000000,STOP,-1.0,34.37088828571432,0.2301166923256562,0.1,-1.0,-1.05,-1.1,0.3645764082625684,-inf,12,2025-12-15T06:55:00.000000,False,17639
vsp-setup-650c04f2355d727d9e67,2025-12-14 17:00:00+00:00,buy,2025-12-15 08:30:00+00:00,46230.2276,45951.10649178572,46697.0925,46698.5433,FILLED,2025-12-15 08:30:00+00:00,2025-12-15T09:45:00.000000,TP1,1.6726248436990176,27.912110821427632,0.15963737085849583,0.1,1.6726248436990176,1.6226248436990176,1.5726248436990176,1.7176522516238806,-inf,16,2025-12-15T09:45:00.000000,False,17669
vsp-setup-4fc8aedd04cce718763f,2025-12-14 17:00:00+00:00,buy,2025-12-15 08:40:00+00:00,46326.40465,45915.274878928576,47414.0468,47492.5952,FILLED,2025-12-15 08:40:00+00:00,2025-12-15T13:40:00.000000,TP1,2.6454959638791435,41.11297710714207,0.24018786305784318,0.1,2.6454959638791435,2.5954959638791437,2.5454959638791435,2.7703407297209375,-inf,61,2025-12-15T13:40:00.000000,False,17671
vsp-setup-6229272d4ce49137d209,2025-12-14 17:00:00+00:00,buy,2025-12-15 09:30:00+00:00,46423.76055,46125.71208785714,47414.0468,47492.5952,FILLED,2025-12-15 09:30:00+00:00,2025-12-15T13:40:00.000000,TP1,3.3225678900679174,29.80484621428623,0.18041250110686022,0.1,3.3225678900679174,3.2725678900679176,3.2225678900679173,3.4947794815352116,-inf,51,2025-12-15T13:40:00.000000,False,17681
vsp-setup-8cab5d1671a1a36ca6ec,2025-12-14 17:00:00+00:00,buy,2025-12-15 09:35:00+00:00,46589.56715,46125.94972821429,47414.0468,47492.5952,FILLED,2025-12-15 09:35:00+00:00,2025-12-15T13:40:00.000000,TP1,1.7783620961100906,46.36174217857115,0.26844898717917026,0.1,1.7783620961100906,1.7283620961100905,1.6783620961100905,1.8890727760545685,-inf,50,2025-12-15T13:40:00.000000,False,17682
vsp-setup-574bfa595776437f86eb,2025-12-14 17:00:00+00:00,buy,2025-12-15 11:20:00+00:00,46957.74105,46347.49590285715,47955.3537,47993.1994,FILLED,2025-12-15 11:20:00+00:00,2025-12-15T16:50:00.000000,STOP,-1.0,61.02451471428503,0.38585094143680826,0.1,-1.0,-1.05,-1.1,0.8575110387195106,-inf,67,2025-12-15T16:50:00.000000,False,17703
vsp-setup-6d272fd24a25832b9758,2025-12-15 13:00:00+00:00,buy,2025-12-15 13:05:00+00:00,46957.74105,46347.940446428576,47955.3537,47993.1994,FILLED,2025-12-15 13:05:00+00:00,2025-12-15T16:50:00.000000,STOP,-1.0,60.980060357142065,0.40378677428879517,0.1,-1.0,-1.05,-1.1,0.858136162764092,-inf,46,2025-12-15T16:50:00.000000,False,17724
vsp-setup-b59737371fd9369ec395,2025-12-15 13:00:00+00:00,buy,2025-12-15 18:50:00+00:00,46511.27575,46257.55401857143,46971.7644,46999.6502,FILLED,2025-12-15 18:50:00+00:00,2025-12-15T19:30:00.000000,STOP,-1.0,25.372173142857356,0.17973988374227237,0.1,-1.0,-1.05,-1.1,1.803756609349937,-inf,9,2025-12-15T19:30:00.000000,False,17793
vsp-setup-480bf271715e7806ee51,2025-12-15 13:00:00+00:00,buy,2025-12-15 19:05:00+00:00,46727.2615,46369.80686214285,47344.5979,47415.5319,FILLED,2025-12-15 19:05:00+00:00,2025-12-15T19:20:00.000000,STOP,-1.0,35.7454637857154,0.2480485165163366,0.1,-1.0,-1.05,-1.1,-0.03931463887067552,-inf,4,2025-12-15T19:20:00.000000,False,17796
vsp-setup-3a1a22f72cf3548ac6dd,2025-12-15 13:00:00+00:00,buy,2025-12-15 20:55:00+00:00,46588.594,46108.63471107143,47344.5979,47415.5319,FILLED,2025-12-15 20:55:00+00:00,2025-12-16T01:20:00.000000,TP1,1.575141720223098,47.99592889285705,0.29431983071845186,0.1,1.575141720223098,1.525141720223098,1.4751417202230979,1.7340837425148126,-inf,54,2025-12-16T01:20:00.000000,False,17818
vsp-setup-eb1034c469fc0c6b9bc0,2025-12-15 21:00:00+00:00,buy,2025-12-15 21:05:00+00:00,46588.594,46108.64784857143,47344.5979,47415.5319,FILLED,2025-12-15 21:05:00+00:00,2025-12-16T01:20:00.000000,TP1,1.5751848363608074,47.994615142856496,0.2939579620075275,0.1,1.5751848363608074,1.5251848363608074,1.4751848363608073,1.7341312093506422,-inf,52,2025-12-16T01:20:00.000000,False,17820
vsp-setup-2172fa81ce5778cd7c2d,2025-12-15 21:00:00+00:00,buy,2025-12-15 21:50:00+00:00,46724.405750000005,46428.22304178571,47344.5979,47415.5319,FILLED,2025-12-15 21:50:00+00:00,2025-12-16T01:20:00.000000,TP1,2.0939512429310314,29.618270821429178,0.17867365352118703,0.1,2.0939512429310314,2.0439512429310316,1.9939512429310313,2.351514219716316,-inf,43,2025-12-16T01:20:00.000000,False,17829
vsp-setup-fa45bd9212833f4d7582,2025-12-15 21:00:00+00:00,buy,2025-12-15 22:15:00+00:00,47057.7553,46585.69482392857,48047.6263,,FILLED,2025-12-15 22:15:00+00:00,2025-12-15T22:30:00.000000,STOP,-1.0,47.206047607142686,0.30195903564958354,0.1,-1.0,-1.05,-1.1,0.08766652176518794,-inf,4,2025-12-15T22:30:00.000000,False,17834
vsp-setup-62cf03360d9f96fcba41,2025-12-15 21:00:00+00:00,buy,2025-12-15 23:20:00+00:00,46741.531,46533.42874142857,47232.1809,47344.5979,FILLED,2025-12-15 23:20:00+00:00,2025-12-16T01:05:00.000000,TP1,2.3577346222390068,20.810225857143088,0.13377146540609944,0.1,2.3577346222390068,2.307734622239007,2.2577346222390067,2.60962713104619,-inf,22,2025-12-16T01:05:00.000000,False,17847
vsp-setup-9e36611ebd47dd1d4613,2025-12-15 21:00:00+00:00,buy,2025-12-15 23:45:00+00:00,46891.6225,46533.85878857143,47481.033,47492.5952,FILLED,2025-12-15 23:45:00+00:00,2025-12-16T01:35:00.000000,TP1,1.6474854245179322,35.77637114285681,0.25008768886239346,0.1,1.6474854245179322,1.5974854245179322,1.5474854245179321,1.8320536126562115,-inf,23,2025-12-16T01:35:00.000000,False,17852
vsp-setup-6649c674742455de23d0,2025-12-15 21:00:00+00:00,buy,2025-12-16 00:00:00+00:00,46817.6487,46685.82164892858,47080.7014,47232.1809,FILLED,2025-12-16 00:00:00+00:00,2025-12-16T00:10:00.000000,STOP,-1.0,13.182705107142102,0.08081016695224037,0.1,-1.0,-1.05,-1.1,1.5082974122835806,-inf,3,2025-12-16T00:10:00.000000,False,17855
vsp-setup-983788d3149b16ca163f,2025-12-16 05:00:00+00:00,buy,2025-12-16 05:30:00+00:00,47632.64575,47053.94847964286,48518.2408,,FILLED,2025-12-16 05:30:00+00:00,2025-12-16T07:20:00.000000,TP1,1.5303252587548044,57.86972703571446,0.369081999521117,0.1,1.5303252587548044,1.4803252587548044,1.4303252587548043,1.5742743169286977,-inf,23,2025-12-16T07:20:00.000000,False,17921
vsp-setup-23c5bd635d9ebe808955,2025-12-16 16:00:00+00:00,sell,2025-12-16 18:50:00+00:00,46478.707,47495.20487392857,44404.5328,42557.4026,FILLED,2025-12-16 18:50:00+00:00,2025-12-16T22:10:00.000000,STOP,-1.0,101.64978739285652,0.7270333404056237,0.1,-1.0,-1.05,-1.1,-0.2183137866706357,-inf,41,2025-12-16T22:10:00.000000,False,18081
vsp-setup-7013b506bdc2e060d2e6,2025-12-16 23:00:00+00:00,buy,2025-12-17 00:45:00+00:00,47571.8059,47319.195263214286,48494.5966,48532.6,FILLED,2025-12-17 00:45:00+00:00,2025-12-17T00:45:00.000000,STOP,-1.0,25.261063678571375,0.1774328377206609,0.1,-1.0,-1.05,-1.1,-0.6725084983025031,-inf,1,2025-12-17T00:45:00.000000,False,18152
vsp-setup-f00a469dc83264a95962,2025-12-16 16:00:00+00:00,sell,2025-12-17 01:05:00+00:00,47494.42795,47690.24078821429,47149.8659,47128.9635,FILLED,2025-12-17 01:05:00+00:00,2025-12-17T01:15:00.000000,TP1,1.7596499450302943,19.581283821428954,0.15194892734538687,0.1,1.7596499450302943,1.7096499450302942,1.6596499450302942,2.040119808502127,-inf,3,2025-12-17T01:15:00.000000,False,18156
vsp-setup-2d1810431dd61e97c104,2025-12-16 16:00:00+00:00,sell,2025-12-17 01:25:00+00:00,47195.990600000005,47491.17920357143,46700.6225,46677.4473,FILLED,2025-12-17 01:25:00+00:00,2025-12-17T01:50:00.000000,TP1,1.6781410054678567,29.518860357142696,0.21857764026468962,0.1,1.6781410054678567,1.6281410054678567,1.5781410054678566,2.225310842127602,-inf,6,2025-12-17T01:50:00.000000,False,18160
vsp-setup-a72acd1c839c735ce71d,2025-12-17 04:00:00+00:00,sell,2025-12-17 07:15:00+00:00,45510.308950000006,46317.35340428571,42557.4026,41267.9805,FILLED,2025-12-17 07:15:00+00:00,2025-12-17T07:15:00.000000,STOP,-1.0,80.70444542857076,0.5536435441505623,0.1,-1.0,-1.05,-1.1,-0.6492343107217513,-inf,1,2025-12-17T07:15:00.000000,False,18230
vsp-setup-920bf9edef502cebc4ef,2025-12-16 16:00:00+00:00,sell,2025-12-17 12:20:00+00:00,46951.6549,47334.26361607143,46278.7036,45429.656,FILLED,2025-12-17 12:20:00+00:00,2025-12-17T15:10:00.000000,STOP,-1.0,38.26087160714305,0.23407792772425487,0.1,-1.0,-1.05,-1.1,1.1518135408021488,-inf,35,2025-12-17T15:10:00.000000,False,18291
vsp-setup-c9c4f5537d067bff3258,2025-12-16 16:00:00+00:00,sell,2025-12-17 12:50:00+00:00,46621.1829,47224.65180928572,45429.656,45383.8236,FILLED,2025-12-17 12:50:00+00:00,2025-12-17T14:45:00.000000,STOP,-1.0,60.34689092857225,0.3921243746700383,0.1,-1.0,-1.05,-1.1,0.18264718911610145,-inf,24,2025-12-17T14:45:00.000000,False,18297
vsp-setup-486fb5087c47cd6a6998,2025-12-17 20:00:00+00:00,buy,2025-12-17 20:35:00+00:00,48338.3825,48186.40863392857,49158.6473,,FILLED,2025-12-17 20:35:00+00:00,2025-12-17T21:40:00.000000,STOP,-1.0,15.197386607142835,0.08969230102843481,0.1,-1.0,-1.05,-1.1,3.5031503360569762,-inf,14,2025-12-17T21:40:00.000000,False,18390
vsp-setup-544a35e3dccc1dfe6a20,2025-12-17 20:00:00+00:00,buy,2025-12-17 23:00:00+00:00,48125.062000000005,47816.92731071429,48870.7698,49158.6473,FILLED,2025-12-17 23:00:00+00:00,2025-12-18T02:50:00.000000,STOP,-1.0,30.813468928571822,0.19920351806247874,0.1,-1.0,-1.05,-1.1,1.3280559256362778,-inf,47,2025-12-18T02:50:00.000000,False,18419
vsp-setup-ccede342894dcdabe89d,2025-12-17 20:00:00+00:00,buy,2025-12-17 23:15:00+00:00,48104.63765,47816.90394607144,48870.7698,49158.6473,FILLED,2025-12-17 23:15:00+00:00,2025-12-18T02:50:00.000000,STOP,-1.0,28.77337039285558,0.18044609082176882,0.1,-1.0,-1.05,-1.1,1.4932016796568275,-inf,44,2025-12-18T02:50:00.000000,False,18422
vsp-setup-5cb50a8dfd09835b1d09,2025-12-17 20:00:00+00:00,buy,2025-12-17 23:55:00+00:00,48370.53715,48091.37224964285,48870.7698,49158.6473,FILLED,2025-12-17 23:55:00+00:00,2025-12-18T01:35:00.000000,STOP,-1.0,27.91649003571438,0.19806200407008573,0.1,-1.0,-1.05,-1.1,0.5865527857926142,-inf,21,2025-12-18T01:35:00.000000,False,18430
vsp-setup-08ad540300cf5aa7a6e7,2025-12-17 20:00:00+00:00,buy,2025-12-18 00:50:00+00:00,48428.5062,48101.525772857145,49158.6473,,FILLED,2025-12-18 00:50:00+00:00,2025-12-18T01:35:00.000000,STOP,-1.0,32.69804271428584,0.20481010331717922,0.1,-1.0,-1.05,-1.1,0.3234930632523138,-inf,10,2025-12-18T01:35:00.000000,False,18441
vsp-setup-5f5b5a18143fb2730d04,2025-12-18 06:00:00+00:00,sell,2025-12-18 07:05:00+00:00,45915.7873,47532.26244107143,42557.4026,41267.9805,FILLED,2025-12-18 07:05:00+00:00,2025-12-18T21:50:00.000000,STOP,-1.0,161.64751410714234,0.9601690652876952,0.1,-1.0,-1.05,-1.1,0.4706703992340504,-inf,178,2025-12-18T21:50:00.000000,False,18516
vsp-setup-2fbc8586517b8c34ff65,2025-12-18 12:00:00+00:00,sell,2025-12-18 15:15:00+00:00,46442.52135,46936.44291285714,45210.6955,45154.9603,FILLED,2025-12-18 15:15:00+00:00,2025-12-18T17:05:00.000000,STOP,-1.0,49.39215628571401,0.2972711530987069,0.1,-1.0,-1.05,-1.1,0.32770193118054775,-inf,23,2025-12-18T17:05:00.000000,False,18614
vsp-setup-0dce8fd0e7dee1144fbb,2025-12-18 12:00:00+00:00,sell,2025-12-18 18:30:00+00:00,46566.82215,46938.21799285714,45210.6955,45154.9603,FILLED,2025-12-18 18:30:00+00:00,2025-12-18T19:15:00.000000,STOP,-1.0,37.13958428571423,0.2143306870641709,0.1,-1.0,-1.05,-1.1,0.5487768749161753,-inf,10,2025-12-18T19:15:00.000000,False,18653
vsp-setup-869dd698172ed1802b29,2025-12-18 12:00:00+00:00,sell,2025-12-18 19:40:00+00:00,46719.2643,46994.609581428565,46280.6623,45210.6955,FILLED,2025-12-18 19:40:00+00:00,2025-12-18T20:15:00.000000,STOP,-1.0,27.53452814285629,0.15773008890999518,0.1,-1.0,-1.05,-1.1,0.8018161736949337,-inf,8,2025-12-18T20:15:00.000000,False,18667
vsp-setup-e6b6cd3adfaf4e72ccf5,2025-12-18 21:00:00+00:00,buy,2025-12-19 03:45:00+00:00,47572.1871,46824.712995,49158.6473,,FILLED,2025-12-19 03:45:00+00:00,2025-12-19T05:35:00.000000,STOP,-1.0,74.74741050000011,0.45838085992775546,0.1,-1.0,-1.05,-1.1,0.19012886071819005,-inf,23,2025-12-19T05:35:00.000000,False,18764
vsp-setup-b7019671b225e313c54c,2025-12-18 21:00:00+00:00,buy,2025-12-19 06:30:00+00:00,47099.4075,46841.56228535715,47714.3035,47936.9512,FILLED,2025-12-19 06:30:00+00:00,2025-12-19T10:25:00.000000,STOP,-1.0,25.784521464285355,0.14972981663802334,0.1,-1.0,-1.05,-1.1,2.2909589414649756,-inf,48,2025-12-19T10:25:00.000000,False,18797
vsp-setup-8809cfdac7d0f78311c5,2025-12-18 21:00:00+00:00,buy,2025-12-19 06:55:00+00:00,47344.856,46841.95597821429,48534.2821,48870.7698,FILLED,2025-12-19 06:55:00+00:00,2025-12-19T10:25:00.000000,STOP,-1.0,50.290002178571015,0.31637773993351515,0.1,-1.0,-1.05,-1.1,0.6865465998073123,-inf,43,2025-12-19T10:25:00.000000,False,18802
vsp-setup-710a290adcf831823082,2025-12-18 21:00:00+00:00,buy,2025-12-19 09:45:00+00:00,47405.97665,46842.451387500005,48534.2821,48870.7698,FILLED,2025-12-19 09:45:00+00:00,2025-12-19T10:25:00.000000,STOP,-1.0,56.352526249999215,0.36675037728641924,0.1,-1.0,-1.05,-1.1,-0.07244919210697444,-inf,9,2025-12-19T10:25:00.000000,False,18836
vsp-setup-a3cb3a997b27cc886bed,2025-12-19 10:00:00+00:00,sell,2025-12-19 10:05:00+00:00,47128.03095,47697.8227725,45210.6955,45154.9603,FILLED,2025-12-19 10:05:00+00:00,2025-12-19T22:05:00.000000,TP1,3.3649753722114686,56.97918225000031,0.3705253867784657,0.1,3.3649753722114686,3.3149753722114688,3.2649753722114685,3.5078528175963575,-inf,145,2025-12-19T22:05:00.000000,False,18840
vsp-setup-60b2e23bc2d62b03ddb1,2025-12-19 10:00:00+00:00,sell,2025-12-19 11:35:00+00:00,46577.4965,46998.63404107143,45210.6955,45154.9603,FILLED,2025-12-19 11:35:00+00:00,2025-12-19T11:45:00.000000,STOP,-1.0,42.11375410714318,0.2926689559101789,0.1,-1.0,-1.05,-1.1,-0.30873286591647475,-inf,3,2025-12-19T11:45:00.000000,False,18858
vsp-setup-39397e5b7ee9ab707008,2025-12-19 10:00:00+00:00,sell,2025-12-19 13:05:00+00:00,46998.12185,47415.147346785714,46363.0087,46306.8378,FILLED,2025-12-19 13:05:00+00:00,2025-12-19T17:20:00.000000,TP1,1.52295999859778,41.70254967857109,0.2429486754239339,0.1,1.52295999859778,1.47295999859778,1.4229599985977799,1.6408698155729902,-inf,52,2025-12-19T17:20:00.000000,False,18876
vsp-setup-f69549cc6cabbae6270c,2025-12-19 10:00:00+00:00,sell,2025-12-19 14:15:00+00:00,46792.7941,47317.361248928566,45154.9603,44404.5328,FILLED,2025-12-19 14:15:00+00:00,2025-12-19T22:05:00.000000,TP1,3.1222576620463,52.456714892856695,0.3678518909714902,0.1,3.1222576620463,3.0722576620463,3.0222576620462998,3.171203159400527,-inf,95,2025-12-19T22:05:00.000000,False,18890
vsp-setup-f50af5ca1a2c6e1c65c5,2025-12-19 10:00:00+00:00,sell,2025-12-19 16:00:00+00:00,46516.1401,47078.276607142856,45154.9603,44404.5328,FILLED,2025-12-19 16:00:00+00:00,2025-12-19T16:25:00.000000,STOP,-1.0,56.213650714285905,0.3978094403521232,0.1,-1.0,-1.05,-1.1,-0.3514982526295683,-inf,6,2025-12-19T16:25:00.000000,False,18911
vsp-setup-9a4ab8a3141ef24846c9,2025-12-19 17:00:00+00:00,sell,2025-12-19 20:50:00+00:00,46086.0278,46932.0554475,44404.5328,42557.4026,FILLED,2025-12-19 20:50:00+00:00,2025-12-20T14:15:00.000000,TP1,1.9875177897185734,84.60276474999992,0.4731594479251775,0.1,1.9875177897185734,1.9375177897185734,1.8875177897185733,2.0402917151711732,-inf,210,2025-12-20T14:15:00.000000,False,18969
vsp-setup-59737214ad1f4850c9cb,2025-12-19 21:00:00+00:00,sell,2025-12-20 02:45:00+00:00,45478.1769,45850.600372857145,44404.5328,42557.4026,FILLED,2025-12-20 02:45:00+00:00,2025-12-20T02:50:00.000000,STOP,-1.0,37.242347285714644,0.2219716460759689,0.1,-1.0,-1.05,-1.1,-0.49476634377092815,-inf,2,2025-12-20T02:50:00.000000,False,19040
vsp-setup-301e90558d6d9f6170e9,2025-12-19 21:00:00+00:00,sell,2025-12-20 04:05:00+00:00,45373.34955,46101.06629357143,42557.4026,41267.9805,FILLED,2025-12-20 04:05:00+00:00,,TIME_LIMIT,0.0,72.77167435714291,0.4378672776673894,0.1,0.0,-0.05,-0.1,3.0586051092852573,-inf,576,,False,19056
vsp-setup-2ba0ad45646fe16d2117,2025-12-20 06:00:00+00:00,sell,2025-12-20 06:05:00+00:00,45373.34955,46100.820235,42557.4026,41267.9805,FILLED,2025-12-20 06:05:00+00:00,,TIME_LIMIT,0.0,72.74706850000003,0.4245153417106925,0.1,0.0,-0.05,-0.1,3.2467457434384426,-inf,576,,False,19080
vsp-setup-d5c39a66bc5317ae63af,2025-12-20 06:00:00+00:00,sell,2025-12-20 06:25:00+00:00,45569.8375,46060.2906025,44404.5328,42557.4026,FILLED,2025-12-20 06:25:00+00:00,2025-12-20T14:15:00.000000,TP1,2.3759757947499374,49.0453102499996,0.250771677270728,0.1,2.3759757947499374,2.3259757947499375,2.2759757947499373,2.4670103906622014,-inf,95,2025-12-20T14:15:00.000000,False,19084
vsp-setup-5adf7ffc083c82e61856,2025-12-20 06:00:00+00:00,sell,2025-12-20 07:15:00+00:00,45420.16745,46059.38617571429,44404.5328,42557.4026,FILLED,2025-12-20 07:15:00+00:00,2025-12-20T14:15:00.000000,TP1,1.5888687379505222,63.921872571428686,0.3610468664544951,0.1,1.5888687379505222,1.5388687379505221,1.488868737950522,1.6587168168692237,-inf,85,2025-12-20T14:15:00.000000,False,19094
vsp-setup-a3a2100ccef950f6cfb7,2025-12-20 06:00:00+00:00,sell,2025-12-20 10:45:00+00:00,45475.73285,45705.97230071429,45034.9321,44994.6643,FILLED,2025-12-20 10:45:00+00:00,2025-12-20T11:25:00.000000,STOP,-1.0,23.023945071428898,0.15927499847561463,0.1,-1.0,-1.05,-1.1,1.1906554204743223,-inf,9,2025-12-20T11:25:00.000000,False,19136
vsp-setup-fcccd86a96209171ba63,2025-12-20 06:00:00+00:00,sell,2025-12-20 11:05:00+00:00,45268.5292,45707.08042464286,44404.5328,42557.4026,FILLED,2025-12-20 11:05:00+00:00,2025-12-20T11:25:00.000000,STOP,-1.0,43.855122464286254,0.29959151912975324,0.1,-1.0,-1.05,-1.1,-0.22976791384417672,-inf,5,2025-12-20T11:25:00.000000,False,19140
vsp-setup-2e0efc5d29f3297b944f,2025-12-20 06:00:00+00:00,sell,2025-12-20 11:15:00+00:00,45478.60675,45706.925910000005,45034.9321,44994.6643,FILLED,2025-12-20 11:15:00+00:00,2025-12-20T11:25:00.000000,STOP,-1.0,22.83191600000064,0.14231862654326732,0.1,-1.0,-1.05,-1.1,0.4787708136277276,-inf,3,2025-12-20T11:25:00.000000,False,19142
vsp-setup-ec06331e5fbfde7a4bf2,2025-12-20 13:00:00+00:00,sell,2025-12-20 16:05:00+00:00,44959.243,45203.35950785714,44359.8846,42557.4026,FILLED,2025-12-20 16:05:00+00:00,2025-12-20T16:20:00.000000,STOP,-1.0,24.411650785713576,0.15890054202649528,0.1,-1.0,-1.05,-1.1,0.6619191853037983,-inf,4,2025-12-20T16:20:00.000000,False,19200
vsp-setup-28465aaac8918c970e97,2025-12-20 13:00:00+00:00,sell,2025-12-20 16:15:00+00:00,44919.3902,45204.11022714285,44359.8846,42557.4026,FILLED,2025-12-20 16:15:00+00:00,2025-12-20T16:20:00.000000,STOP,-1.0,28.472002714285193,0.17222124635030625,0.1,-1.0,-1.05,-1.1,-0.4087194047000016,-inf,2,2025-12-20T16:20:00.000000,False,19202
vsp-setup-a9c278e6bfa6a067873a,2025-12-20 13:00:00+00:00,sell,2025-12-20 16:55:00+00:00,44759.74715,45244.49663285714,42557.4026,41267.9805,FILLED,2025-12-20 16:55:00+00:00,2025-12-20T22:05:00.000000,STOP,-1.0,48.47494828571362,0.2610533109396131,0.1,-1.0,-1.05,-1.1,0.6706879769809199,-inf,63,2025-12-20T22:05:00.000000,False,19210
vsp-setup-7fdc39980db4369b0ca6,2025-12-20 13:00:00+00:00,sell,2025-12-20 18:15:00+00:00,44744.44815,45105.21081642857,42557.4026,41267.9805,FILLED,2025-12-20 18:15:00+00:00,2025-12-20T21:00:00.000000,STOP,-1.0,36.076266642857085,0.2714914638404652,0.1,-1.0,-1.05,-1.1,0.557498789969214,-inf,34,2025-12-20T21:00:00.000000,False,19226
vsp-setup-b9c938f05cc1091f6595,2025-12-20 13:00:00+00:00,sell,2025-12-20 19:25:00+00:00,44666.5507,44853.82532428572,44359.8846,42557.4026,FILLED,2025-12-20 19:25:00+00:00,2025-12-20T20:25:00.000000,STOP,-1.0,18.727462428571744,0.13501270904264187,0.1,-1.0,-1.05,-1.1,0.6391287685479048,-inf,13,2025-12-20T20:25:00.000000,False,19240
vsp-setup-dcd647cb90f9cb37ec6b,2025-12-20 13:00:00+00:00,sell,2025-12-20 21:50:00+00:00,45016.1345,45202.21617464286,44629.896,44546.8581,FILLED,2025-12-20 21:50:00+00:00,2025-12-20T22:05:00.000000,STOP,-1.0,18.60816746428609,0.11647881724666408,0.1,-1.0,-1.05,-1.1,0.3719221687618042,-inf,4,2025-12-20T22:05:00.000000,False,19269
vsp-setup-00c4430e2eada57b478b,2025-12-20 13:00:00+00:00,sell,2025-12-21 01:15:00+00:00,45127.7791,45345.99423464286,44629.896,44546.8581,FILLED,2025-12-21 01:15:00+00:00,2025-12-21T03:00:00.000000,TP1,2.2816158045813806,21.821513464285818,0.1497520417300211,0.1,2.2816158045813806,2.2316158045813808,2.1816158045813805,2.4865882968569712,-inf,22,2025-12-21T03:00:00.000000,False,19310
vsp-setup-a00399e44ebcda3950a9,2025-12-20 13:00:00+00:00,sell,2025-12-21 01:30:00+00:00,44887.4206,45467.76177678572,42557.4026,41267.9805,FILLED,2025-12-21 01:30:00+00:00,2025-12-21T08:35:00.000000,STOP,-1.0,58.034117678572514,0.38438112557743925,0.1,-1.0,-1.05,-1.1,1.4112615695067234,-inf,86,2025-12-21T08:35:00.000000,False,19313
vsp-setup-060301e8102d5eee7851,2025-12-20 13:00:00+00:00,sell,2025-12-21 04:25:00+00:00,44922.881,45198.245332142855,44434.6315,44359.8846,FILLED,2025-12-21 04:25:00+00:00,2025-12-21T05:05:00.000000,STOP,-1.0,27.536433214285353,0.17775381890996642,0.1,-1.0,-1.05,-1.1,0.7700434488007684,-inf,9,2025-12-21T05:05:00.000000,False,19348
vsp-setup-9058c3c7d1a35ca793e7,2025-12-21 05:00:00+00:00,sell,2025-12-21 05:05:00+00:00,44922.881,45198.66507142857,44434.6315,44359.8846,FILLED,2025-12-21 05:05:00+00:00,2025-12-21T05:05:00.000000,STOP,-1.0,27.57840714285703,0.16465045068265324,0.1,-1.0,-1.05,-1.1,-0.8431542068238216,-inf,1,2025-12-21T05:05:00.000000,False,19356
vsp-setup-9c3784b202901a205036,2025-12-21 05:00:00+00:00,sell,2025-12-21 07:25:00+00:00,44255.75385,45245.453996428565,42557.4026,41267.9805,FILLED,2025-12-21 07:25:00+00:00,2025-12-21T08:15:00.000000,STOP,-1.0,98.97001464285641,0.6759429675705619,0.1,-1.0,-1.05,-1.1,-0.3019161420540055,-inf,11,2025-12-21T08:15:00.000000,False,19384
vsp-setup-416242ff1e33af3aca12,2025-12-21 14:00:00+00:00,sell,2025-12-21 15:25:00+00:00,43713.22325,44168.53973107143,42557.4026,41267.9805,FILLED,2025-12-21 15:25:00+00:00,2025-12-21T15:25:00.000000,STOP,-1.0,45.53164810714298,0.3028782625693488,0.1,-1.0,-1.05,-1.1,-0.7738765554254594,-inf,1,2025-12-21T15:25:00.000000,False,19480
vsp-setup-2b37f672abc72e8066a8,2025-12-21 23:00:00+00:00,buy,2025-12-22 00:45:00+00:00,44518.6802,44240.593315,45074.0722,45375.1033,FILLED,2025-12-22 00:45:00+00:00,2025-12-22T01:40:00.000000,STOP,-1.0,27.80868850000043,0.1934410671788539,0.1,-1.0,-1.05,-1.1,0.4489381079585727,-inf,12,2025-12-22T01:40:00.000000,False,19592
vsp-setup-62d94d2c819489aca37b,2025-12-21 23:00:00+00:00,buy,2025-12-22 01:15:00+00:00,44548.2849,44268.90753821429,45074.0722,45375.1033,FILLED,2025-12-22 01:15:00+00:00,2025-12-22T01:40:00.000000,STOP,-1.0,27.937736178570777,0.18160762539885694,0.1,-1.0,-1.05,-1.1,0.22882884852008648,-inf,6,2025-12-22T01:40:00.000000,False,19598
vsp-setup-2cf7c1030896a81a9798,2025-12-22 13:00:00+00:00,sell,2025-12-22 23:10:00+00:00,41440.67275,41612.24573357143,41048.0424,40881.0114,FILLED,2025-12-22 23:10:00+00:00,2025-12-22T23:50:00.000000,TP1,2.2884159372127355,17.15729835714301,0.13225716164387852,0.1,2.2884159372127355,2.2384159372127357,2.1884159372127354,2.535915858914107,-inf,9,2025-12-22T23:50:00.000000,False,19861
vsp-setup-f196b6bec4dc48623cf9,2025-12-22 13:00:00+00:00,sell,2025-12-22 23:25:00+00:00,41377.84865,41637.580655000005,40881.0114,,FILLED,2025-12-22 23:25:00+00:00,2025-12-23T01:25:00.000000,TP1,1.9128842053946595,25.97320050000053,0.18588073803727875,0.1,1.9128842053946595,1.8628842053946595,1.8128842053946594,2.0170484958139507,-inf,25,2025-12-23T01:25:00.000000,False,19864
vsp-setup-9d721f041c712d2a3480,2025-12-23 07:00:00+00:00,buy,2025-12-23 07:20:00+00:00,41283.38665,40872.28538357143,42393.2152,42647.2827,FILLED,2025-12-23 07:20:00+00:00,2025-12-23T12:40:00.000000,TP1,2.6996476066386053,41.11012664285736,0.28631158498250303,0.1,2.6996476066386053,2.6496476066386054,2.599647606638605,2.7574934513050375,-inf,65,2025-12-23T12:40:00.000000,False,19959
vsp-setup-33cd9cabc8b85f41b7a8,2025-12-23 07:00:00+00:00,buy,2025-12-23 09:10:00+00:00,42044.90405,41224.07184928572,45476.7967,45926.0766,FILLED,2025-12-23 09:10:00+00:00,2025-12-24T12:25:00.000000,STOP,-1.0,82.08322007142779,0.570058612358181,0.1,-1.0,-1.05,-1.1,1.7583782029311654,-inf,328,2025-12-24T12:25:00.000000,False,19981
vsp-setup-9e6f0ef81a4ca551932c,2025-12-23 16:00:00+00:00,buy,2025-12-23 18:35:00+00:00,42834.6816,42555.65122535714,43378.1826,44109.2447,FILLED,2025-12-23 18:35:00+00:00,2025-12-23T19:55:00.000000,TP1,1.9478201994877358,27.90303746428617,0.21342667384568043,0.1,1.9478201994877358,1.8978201994877357,1.8478201994877357,2.179284964148817,-inf,17,2025-12-23T19:55:00.000000,False,20094
vsp-setup-4ba3445aa89dd73f8579,2025-12-24 01:00:00+00:00,sell,2025-12-24 01:15:00+00:00,42506.724,42929.01970392857,41813.8324,41599.5358,FILLED,2025-12-24 01:15:00+00:00,2025-12-24T02:35:00.000000,TP1,1.6407734995978214,42.22957039285684,0.302699483815381,0.1,1.6407734995978214,1.5907734995978213,1.5407734995978213,1.8335850750946208,-inf,17,2025-12-24T02:35:00.000000,False,20174
vsp-setup-3b09d7f906650c96741f,2025-12-24 02:00:00+00:00,sell,2025-12-24 04:35:00+00:00,41539.66155,42063.81766642857,40748.1116,,FILLED,2025-12-24 04:35:00+00:00,2025-12-24T04:35:00.000000,STOP,-1.0,52.41561164285741,0.3425713192522903,0.1,-1.0,-1.05,-1.1,-0.7522145361700334,-inf,1,2025-12-24T04:35:00.000000,False,20214
vsp-setup-af4c9472c09e77263cdd,2025-12-24 06:00:00+00:00,sell,2025-12-24 10:40:00+00:00,41569.9704,41957.31989428572,40879.0498,40748.1116,FILLED,2025-12-24 10:40:00+00:00,2025-12-24T13:55:00.000000,TP1,1.7837137009151545,38.73494942857215,0.2913614132194149,0.1,1.7837137009151545,1.7337137009151544,1.6837137009151544,1.9020306231677908,-inf,40,2025-12-24T13:55:00.000000,False,20287
vsp-setup-4c52363df3a90bd9ffe1,2025-12-25 02:00:00+00:00,buy,2025-12-25 02:55:00+00:00,42420.1426,41815.56431464286,43488.2375,44109.2447,FILLED,2025-12-25 02:55:00+00:00,2025-12-25T05:10:00.000000,STOP,-1.0,60.45782853571364,0.38869764185270506,0.1,-1.0,-1.05,-1.1,0.5119781962019226,-inf,28,2025-12-25T05:10:00.000000,False,20482
vsp-setup-fca47ff5cd9242e430b0,2025-12-25 03:00:00+00:00,buy,2025-12-25 03:05:00+00:00,42420.1426,41816.09941357143,43488.2375,44109.2447,FILLED,2025-12-25 03:05:00+00:00,2025-12-25T05:10:00.000000,STOP,-1.0,60.404318642857106,0.4020772160330614,0.1,-1.0,-1.05,-1.1,0.512431738250557,-inf,26,2025-12-25T05:10:00.000000,False,20484
vsp-setup-93c5d6cbe188b9e47219,2025-12-25 04:00:00+00:00,buy,2025-12-25 04:55:00+00:00,42629.41855,42010.33237285714,45476.7967,45926.0766,FILLED,2025-12-25 04:55:00+00:00,2025-12-25T04:55:00.000000,STOP,-1.0,61.90861771428609,0.41470496624041625,0.1,-1.0,-1.05,-1.1,-0.8777691540585063,-inf,1,2025-12-25T04:55:00.000000,False,20506
vsp-setup-49e7280354add2493999,2025-12-25 06:00:00+00:00,buy,2025-12-25 09:20:00+00:00,40866.6208,40207.31718428571,42251.9757,42557.71,FILLED,2025-12-25 09:20:00+00:00,2025-12-25T23:35:00.000000,TP1,2.1012396519305017,65.93036157142852,0.4227747386356611,0.1,2.1012396519305017,2.051239651930502,2.0012396519305016,2.1369703827175246,-inf,172,2025-12-25T23:35:00.000000,False,20559
vsp-setup-ea6f8bad74d2dfaf2cb4,2025-12-25 06:00:00+00:00,buy,2025-12-25 09:50:00+00:00,41182.99355,40207.0359475,42729.6735,42794.0818,FILLED,2025-12-25 09:50:00+00:00,2025-12-26T04:00:00.000000,TP1,1.5847819065480355,97.59576024999988,0.6213755487013101,0.1,1.5847819065480355,1.5347819065480355,1.4847819065480354,1.597307655585378,-inf,219,2025-12-26T04:00:00.000000,False,20565
vsp-setup-e9a25ed1a2ac107d47c6,2025-12-25 06:00:00+00:00,buy,2025-12-25 13:30:00+00:00,41340.41265,40990.559043214285,42251.9757,42557.71,FILLED,2025-12-25 13:30:00+00:00,2025-12-25T23:35:00.000000,TP1,2.6055556733429386,34.985360678571304,0.2728845202100669,0.1,2.6055556733429386,2.5555556733429388,2.5055556733429385,2.6728906944577187,-inf,122,2025-12-25T23:35:00.000000,False,20609
vsp-setup-81dd59f50c18d79fcc2b,2025-12-25 06:00:00+00:00,buy,2025-12-25 14:00:00+00:00,41428.4075,40989.27841714286,42251.9757,42557.71,FILLED,2025-12-25 14:00:00+00:00,2025-12-25T23:35:00.000000,TP1,1.8754581104980528,43.912908285714366,0.3023233283203535,0.1,1.8754581104980528,1.8254581104980527,1.7754581104980527,1.9291038400104876,-inf,116,2025-12-25T23:35:00.000000,False,20615
vsp-setup-8b1128947bb5cec3e22f,2025-12-25 06:00:00+00:00,buy,2025-12-25 15:50:00+00:00,41743.4725,41558.684217857146,42251.9757,42557.71,FILLED,2025-12-25 15:50:00+00:00,2025-12-25T15:55:00.000000,STOP,-1.0,18.478828214285752,0.14428246433032463,0.1,-1.0,-1.05,-1.1,0.04918710155532559,-inf,2,2025-12-25T15:55:00.000000,False,20637
vsp-setup-d293fc92da1f003ed640,2025-12-25 06:00:00+00:00,buy,2025-12-25 18:50:00+00:00,41657.3634,41142.52646607143,42557.71,42729.6735,FILLED,2025-12-25 18:50:00+00:00,2025-12-26T03:30:00.000000,TP1,1.748799553151158,51.4836933928571,0.2981603173083103,0.1,1.748799553151158,1.698799553151158,1.648799553151158,1.7706056809950461,-inf,105,2025-12-26T03:30:00.000000,False,20673
vsp-setup-249d8fa11e31b0d95181,2025-12-25 18:00:00+00:00,buy,2025-12-25 19:05:00+00:00,41657.3634,41143.19938535715,42557.71,42729.6735,FILLED,2025-12-25 19:05:00+00:00,2025-12-26T03:30:00.000000,TP1,1.751088318822527,51.41640146428545,0.3145982669399337,0.1,1.751088318822527,1.701088318822527,1.651088318822527,1.772922985738686,-inf,102,2025-12-26T03:30:00.000000,False,20676
vsp-setup-9cde7232652c6830b758,2025-12-25 18:00:00+00:00,buy,2025-12-25 21:10:00+00:00,41576.8133,41237.36338892857,42251.9757,42557.71,FILLED,2025-12-25 21:10:00+00:00,2025-12-25T23:35:00.000000,TP1,1.9889897683841924,33.944991107143146,0.23041459680708126,0.1,1.9889897683841924,1.9389897683841923,1.8889897683841923,2.0583885198101153,-inf,30,2025-12-25T23:35:00.000000,False,20701
vsp-setup-05de88b93a7d9619d766,2025-12-25 18:00:00+00:00,buy,2025-12-25 21:35:00+00:00,41656.5933,41420.34433035714,42251.9757,42557.71,FILLED,2025-12-25 21:35:00+00:00,2025-12-25T21:45:00.000000,STOP,-1.0,23.62489696428602,0.14250136965632804,0.1,-1.0,-1.05,-1.1,0.18642959614419016,-inf,3,2025-12-25T21:45:00.000000,False,20706
vsp-setup-9e9da174cb7bdc686864,2025-12-25 22:00:00+00:00,buy,2025-12-25 22:40:00+00:00,41459.1184,41264.29804678572,41802.6962,41803.7264,FILLED,2025-12-25 22:40:00+00:00,2025-12-25T22:50:00.000000,TP1,1.7635621449782686,19.482035321427976,0.12502100822906007,0.1,1.7635621449782686,1.7135621449782685,1.6635621449782685,2.912116165686212,-inf,3,2025-12-25T22:50:00.000000,False,20719
vsp-setup-8480c1c4562ebfcd1b02,2025-12-26 01:00:00+00:00,buy,2025-12-26 01:05:00+00:00,41831.80585,41557.2907875,42335.7992,42557.71,FILLED,2025-12-26 01:05:00+00:00,2025-12-26T02:45:00.000000,TP1,1.8359406052628287,27.45150624999951,0.1618194938380361,0.1,1.8359406052628287,1.7859406052628286,1.7359406052628286,1.9590970531899714,-inf,21,2025-12-26T02:45:00.000000,False,20748
vsp-setup-887e3a26ac3145e0708e,2025-12-26 01:00:00+00:00,buy,2025-12-26 01:40:00+00:00,42091.439450000005,41615.80349892857,43488.2375,45476.7967,FILLED,2025-12-26 01:40:00+00:00,2025-12-26T07:10:00.000000,TP1,2.936695695212963,47.56359510714319,0.2905594944147778,0.1,2.936695695212963,2.886695695212963,2.836695695212963,3.143037751104489,-inf,67,2025-12-26T07:10:00.000000,False,20755
vsp-setup-1f22bfbf964460f05bb7,2025-12-26 09:00:00+00:00,buy,2025-12-26 12:30:00+00:00,42965.0582,42737.93558678572,43350.0904,43520.5378,FILLED,2025-12-26 12:30:00+00:00,2025-12-26T14:10:00.000000,TP1,1.695261403305301,22.71226132142765,0.1486435179876265,0.1,1.695261403305301,1.645261403305301,1.595261403305301,1.9726648688094566,-inf,21,2025-12-26T14:10:00.000000,False,20885
vsp-setup-f30f752a9c2e04891302,2025-12-26 09:00:00+00:00,buy,2025-12-26 12:40:00+00:00,43117.6753,42819.07246892857,43623.3781,43726.9352,FILLED,2025-12-26 12:40:00+00:00,2025-12-26T15:25:00.000000,TP1,1.6935633134671275,29.86028310714319,0.20090265175626082,0.1,1.6935633134671275,1.6435633134671275,1.5935633134671274,1.7020665818081915,-inf,34,2025-12-26T15:25:00.000000,False,20887
vsp-setup-79fa9a8ad7a51f5f8b25,2025-12-26 09:00:00+00:00,buy,2025-12-26 12:50:00+00:00,43213.771,42819.17380464286,45476.7967,45926.0766,FILLED,2025-12-26 12:50:00+00:00,2025-12-27T02:10:00.000000,TP1,5.735027330723363,39.45971953571425,0.27749327095131854,0.1,5.735027330723363,5.685027330723363,5.635027330723363,6.0573709801374855,-inf,161,2025-12-27T02:10:00.000000,False,20889
vsp-setup-c248236e2d3a84583f62,2025-12-26 09:00:00+00:00,buy,2025-12-26 14:20:00+00:00,43324.5637,43007.227463928575,45476.7967,45926.0766,FILLED,2025-12-26 14:20:00+00:00,2025-12-27T02:10:00.000000,TP1,6.782184810169589,31.733623607142363,0.2414066794124835,0.1,6.782184810169589,6.732184810169589,6.6821848101695895,7.183008559687342,-inf,143,2025-12-27T02:10:00.000000,False,20907
vsp-setup-cf2f2194a4644a2e5df6,2025-12-26 15:00:00+00:00,buy,2025-12-26 15:10:00+00:00,43189.69835,43005.48169857143,43623.3781,43726.9352,FILLED,2025-12-26 15:10:00+00:00,2025-12-26T15:25:00.000000,TP1,2.3541832219665557,18.42166514285709,0.11535968903828671,0.1,2.3541832219665557,2.304183221966556,2.2541832219665556,2.3679664493801007,-inf,4,2025-12-26T15:25:00.000000,False,20917
vsp-setup-72f44b67c893529a459a,2025-12-26 16:00:00+00:00,buy,2025-12-26 17:00:00+00:00,44226.80545,43243.210047857145,45926.0766,45970.5106,FILLED,2025-12-26 17:00:00+00:00,2025-12-26T18:15:00.000000,STOP,-1.0,98.35954021428552,0.723272597423943,0.1,-1.0,-1.05,-1.1,-0.34854295704628613,-inf,16,2025-12-26T18:15:00.000000,False,20939
vsp-setup-86e413e27ae66515b17d,2025-12-26 16:00:00+00:00,buy,2025-12-26 20:00:00+00:00,43607.5551,43275.55226964286,44401.5992,45476.7967,FILLED,2025-12-26 20:00:00+00:00,2025-12-27T01:20:00.000000,TP1,2.3916787069129493,33.2002830357138,0.22394247584508292,0.1,2.3916787069129493,2.3416787069129494,2.291678706912949,2.4905552736117693,-inf,65,2025-12-27T01:20:00.000000,False,20975
vsp-setup-b3c1d81a8089bb86468b,2025-12-27 07:00:00+00:00,buy,2025-12-27 12:35:00+00:00,44169.0362,43660.8163475,44963.6639,46668.5263,FILLED,2025-12-27 12:35:00+00:00,2025-12-27T13:20:00.000000,TP1,1.563551081468208,50.82198525000058,0.3045369097259781,0.1,1.563551081468208,1.513551081468208,1.463551081468208,1.6029692582699502,-inf,10,2025-12-27T13:20:00.000000,False,21174
vsp-setup-e961faca64bbd463fa3a,2025-12-27 07:00:00+00:00,buy,2025-12-27 12:55:00+00:00,44452.3134,44028.601181428574,46668.5263,47174.642,FILLED,2025-12-27 12:55:00+00:00,2025-12-27T21:50:00.000000,TP1,5.230467290917671,42.37122185714252,0.2441029754166258,0.1,5.230467290917671,5.180467290917671,5.130467290917672,5.295372192864388,-inf,108,2025-12-27T21:50:00.000000,False,21178
vsp-setup-0d3a3dc3e35aaee69d0b,2025-12-27 07:00:00+00:00,buy,2025-12-27 13:25:00+00:00,44866.6302,44443.33805892857,46668.5263,47174.642,FILLED,2025-12-27 13:25:00+00:00,2025-12-27T21:50:00.000000,TP1,4.256861692350548,42.32921410714262,0.26345701999157556,0.1,4.256861692350548,4.206861692350548,4.156861692350549,4.321831006286767,-inf,102,2025-12-27T21:50:00.000000,False,21184
vsp-setup-a7ce1f12c73710a2cb39,2025-12-27 07:00:00+00:00,buy,2025-12-27 13:45:00+00:00,44953.8533,44443.41630285714,46668.5263,47174.642,FILLED,2025-12-27 13:45:00+00:00,2025-12-27T21:50:00.000000,TP1,3.3592255451657524,51.04369971428605,0.32599833791948546,0.1,3.3592255451657524,3.3092255451657526,3.2592255451657524,3.413102909373165,-inf,98,2025-12-27T21:50:00.000000,False,21188
vsp-setup-5c9e3779be528aa1fc65,2025-12-27 07:00:00+00:00,buy,2025-12-27 15:05:00+00:00,44973.5676,44455.30997678571,46668.5263,47174.642,FILLED,2025-12-27 15:05:00+00:00,2025-12-27T21:50:00.000000,TP1,3.2704944878334454,51.825762321428925,0.3637456809125728,0.1,3.2704944878334454,3.2204944878334456,3.1704944878334453,3.3235588302920083,-inf,82,2025-12-27T21:50:00.000000,False,21204
vsp-setup-2829efae1d5f70db102f,2025-12-27 07:00:00+00:00,buy,2025-12-27 19:55:00+00:00,45982.8917,45320.89860571428,47174.642,47410.34,FILLED,2025-12-27 19:55:00+00:00,2025-12-28T00:00:00.000000,TP1,1.8002458187058346,66.19930942857172,0.3955332495085485,0.1,1.8002458187058346,1.7502458187058345,1.7002458187058345,1.8185866444709406,-inf,50,2025-12-28T00:00:00.000000,False,21262
vsp-setup-0e8109ff1810b83570a7,2025-12-28 00:00:00+00:00,buy,2025-12-28 03:00:00+00:00,46406.89245,46184.72035857143,47029.6692,47186.7835,FILLED,2025-12-28 03:00:00+00:00,2025-12-28T04:35:00.000000,STOP,-1.0,22.217209142856884,0.14144168408231758,0.1,-1.0,-1.05,-1.1,0.6370433346958214,-inf,20,2025-12-28T04:35:00.000000,False,21347
vsp-setup-b6a5ba9ab3d2a79f584c,2025-12-28 00:00:00+00:00,buy,2025-12-28 05:50:00+00:00,46497.19035,46169.82923142857,47029.6692,47186.7835,FILLED,2025-12-28 05:50:00+00:00,2025-12-28T08:00:00.000000,STOP,-1.0,32.73611185714253,0.22698026410018904,0.1,-1.0,-1.05,-1.1,0.7832358073521797,-inf,27,2025-12-28T08:00:00.000000,False,21381
vsp-setup-916287bc54fb51b87d42,2025-12-28 00:00:00+00:00,buy,2025-12-28 07:15:00+00:00,46656.4607,46413.58577571429,47029.6692,47186.7835,FILLED,2025-12-28 07:15:00+00:00,2025-12-28T07:45:00.000000,STOP,-1.0,24.287492428571568,0.17822485213924122,0.1,-1.0,-1.05,-1.1,0.28907718738967386,-inf,7,2025-12-28T07:45:00.000000,False,21398
vsp-setup-5c7252cf57cb591b4855,2025-12-28 08:00:00+00:00,sell,2025-12-28 09:05:00+00:00,45946.6918,46733.41418107143,44462.1395,44451.2085,FILLED,2025-12-28 09:05:00+00:00,2025-12-28T10:50:00.000000,STOP,-1.0,78.67223810714277,0.5993406632185264,0.1,-1.0,-1.05,-1.1,-0.24172491411902117,-inf,22,2025-12-28T10:50:00.000000,False,21420
vsp-setup-1a4ee821336a6ad2c35b,2025-12-28 08:00:00+00:00,sell,2025-12-28 09:45:00+00:00,46123.69935,46733.995748928566,44952.2959,44462.1395,FILLED,2025-12-28 09:45:00+00:00,2025-12-28T10:50:00.000000,STOP,-1.0,61.02963989285636,0.4332512475024077,0.1,-1.0,-1.05,-1.1,-0.02156796275237625,-inf,14,2025-12-28T10:50:00.000000,False,21428
vsp-setup-722587297c723cb8becd,2025-12-28 15:00:00+00:00,buy,2025-12-28 18:10:00+00:00,47367.782600000006,47121.80760928572,47906.5697,47936.9512,FILLED,2025-12-28 18:10:00+00:00,2025-12-28T18:40:00.000000,STOP,-1.0,24.59749907142832,0.1364873088378943,0.1,-1.0,-1.05,-1.1,0.1552348874538614,-inf,7,2025-12-28T18:40:00.000000,False,21529
vsp-setup-b4e9629f263c20635bba,2025-12-28 15:00:00+00:00,buy,2025-12-28 20:10:00+00:00,46910.211,46707.627035,47262.9902,47522.0206,FILLED,2025-12-28 20:10:00+00:00,2025-12-28T21:00:00.000000,STOP,-1.0,20.25839650000053,0.12793005915497294,0.1,-1.0,-1.05,-1.1,1.5190649467246422,-inf,11,2025-12-28T21:00:00.000000,False,21553
vsp-setup-4f177477013afe927752,2025-12-28 15:00:00+00:00,buy,2025-12-28 20:20:00+00:00,47072.273,46707.00121142857,47906.5697,47936.9512,FILLED,2025-12-28 20:20:00+00:00,2025-12-28T21:00:00.000000,STOP,-1.0,36.52717885714301,0.22550307933239874,0.1,-1.0,-1.05,-1.1,0.39881590792910154,-inf,9,2025-12-28T21:00:00.000000,False,21555
vsp-setup-5a5d2c688960a4acda9c,2025-12-28 15:00:00+00:00,buy,2025-12-29 00:45:00+00:00,46525.4923,46149.05812964286,47217.9492,47262.9902,FILLED,2025-12-29 00:45:00+00:00,2025-12-29T01:30:00.000000,STOP,-1.0,37.64341703571409,0.23316341348814712,0.1,-1.0,-1.05,-1.1,0.7624982602607091,-inf,10,2025-12-29T01:30:00.000000,False,21608
vsp-setup-984d1e42e53fdd59e293,2025-12-28 15:00:00+00:00,buy,2025-12-29 01:00:00+00:00,46620.7192,46149.07747464286,47522.0206,47906.5697,FILLED,2025-12-29 01:00:00+00:00,2025-12-29T01:30:00.000000,STOP,-1.0,47.16417253571417,0.28672684926994374,0.1,-1.0,-1.05,-1.1,0.4066720344871147,-inf,7,2025-12-29T01:30:00.000000,False,21611
vsp-setup-a50b6b99d777c65d6580,2025-12-29 01:00:00+00:00,sell,2025-12-29 01:15:00+00:00,46360.831300000005,47062.436785714286,43669.1205,43523.2324,FILLED,2025-12-29 01:15:00+00:00,2025-12-29T10:40:00.000000,TP1,3.836501929940967,70.16054857142808,0.4029418496003708,0.1,3.836501929940967,3.7865019299409672,3.736501929940967,3.906579061606984,-inf,114,2025-12-29T10:40:00.000000,False,21614
vsp-setup-441a07e95679ddfde9cf,2025-12-29 12:00:00+00:00,sell,2025-12-29 14:10:00+00:00,42520.96785,43224.43943642857,41151.1142,40214.8733,FILLED,2025-12-29 14:10:00+00:00,2025-12-29T14:15:00.000000,STOP,-1.0,70.34715864285681,0.5097498822491736,0.1,-1.0,-1.05,-1.1,-0.734151257795604,-inf,2,2025-12-29T14:15:00.000000,False,21769
vsp-setup-d44555af7bbcb9195499,2025-12-29 15:00:00+00:00,sell,2025-12-29 17:35:00+00:00,43103.59445,43555.88689571429,42376.7729,41151.1142,FILLED,2025-12-29 17:35:00+00:00,2025-12-29T23:25:00.000000,STOP,-1.0,45.22924457142945,0.25512554129264003,0.1,-1.0,-1.05,-1.1,1.4655348686029233,-inf,71,2025-12-29T23:25:00.000000,False,21810
vsp-setup-7b24fcd574c1874889f8,2025-12-29 15:00:00+00:00,sell,2025-12-29 19:10:00+00:00,42703.2966,43014.552429642856,41151.1142,40214.8733,FILLED,2025-12-29 19:10:00+00:00,2025-12-29T19:10:00.000000,STOP,-1.0,31.125582964285424,0.24653544918172016,0.1,-1.0,-1.05,-1.1,-0.7749377747455082,-inf,1,2025-12-29T19:10:00.000000,False,21829
vsp-setup-de3b18c33a6e0b2333c4,2025-12-29 15:00:00+00:00,sell,2025-12-29 21:05:00+00:00,42778.32395,43062.65812928572,41151.1142,40214.8733,FILLED,2025-12-29 21:05:00+00:00,2025-12-29T22:55:00.000000,STOP,-1.0,28.433417928572453,0.17970871519065024,0.1,-1.0,-1.05,-1.1,1.1872644043288374,-inf,23,2025-12-29T22:55:00.000000,False,21852
vsp-setup-5a0c225cdb0460a6fb03,2025-12-29 15:00:00+00:00,sell,2025-12-29 22:30:00+00:00,42565.6485,42854.52744857143,41151.1142,40214.8733,FILLED,2025-12-29 22:30:00+00:00,2025-12-29T22:30:00.000000,STOP,-1.0,28.887894857142967,0.20280091247504706,0.1,-1.0,-1.05,-1.1,-0.6887912773983201,-inf,1,2025-12-29T22:30:00.000000,False,21869
vsp-setup-5d626c03202245e47c5f,2025-12-29 15:00:00+00:00,sell,2025-12-30 01:05:00+00:00,43390.4388,43673.81479821429,42499.9095,42440.7441,FILLED,2025-12-30 01:05:00+00:00,2025-12-30T03:40:00.000000,TP1,3.1425713737639436,28.33759982142874,0.20196276084018094,0.1,3.1425713737639436,3.0925713737639438,3.0425713737639435,3.251933846927839,-inf,32,2025-12-30T03:40:00.000000,False,21900
vsp-setup-326921a1c6384b4fe978,2025-12-29 15:00:00+00:00,sell,2025-12-30 01:40:00+00:00,43331.4972,43589.78931964286,42499.9095,42440.7441,FILLED,2025-12-30 01:40:00+00:00,2025-12-30T03:40:00.000000,TP1,3.2195628002504084,25.829211964286515,0.19394709532274856,0.1,3.2195628002504084,3.1695628002504086,3.1195628002504083,3.339545941984861,-inf,25,2025-12-30T03:40:00.000000,False,21907
vsp-setup-0366322214e5b310ec9f,2025-12-29 15:00:00+00:00,sell,2025-12-30 01:50:00+00:00,43143.88955,43590.08541571429,42440.7441,42376.7729,FILLED,2025-12-30 01:50:00+00:00,2025-12-30T08:25:00.000000,STOP,-1.0,44.619586571428954,0.31418863533748126,0.1,-1.0,-1.05,-1.1,1.5719322026374731,-inf,80,2025-12-30T08:25:00.000000,False,21909
vsp-setup-e7b2a5180d7665753f14,2025-12-29 15:00:00+00:00,sell,2025-12-30 02:10:00+00:00,42798.8138,43590.26183035714,41151.1142,40214.8733,FILLED,2025-12-30 02:10:00+00:00,2025-12-30T08:25:00.000000,STOP,-1.0,79.144803035714,0.5328426376447069,0.1,-1.0,-1.05,-1.1,0.45020504989975757,-inf,76,2025-12-30T08:25:00.000000,False,21913
vsp-setup-49c725504f8ea84b4185,2025-12-29 15:00:00+00:00,sell,2025-12-30 03:10:00+00:00,42627.50315,43050.75455821429,41151.1142,40214.8733,FILLED,2025-12-30 03:10:00+00:00,2025-12-30T04:55:00.000000,STOP,-1.0,42.32514082142953,0.29330434346376794,0.1,-1.0,-1.05,-1.1,0.4371001405063863,-inf,22,2025-12-30T04:55:00.000000,False,21925
vsp-setup-450ca3b69ced337f8877,2025-12-29 15:00:00+00:00,sell,2025-12-30 07:05:00+00:00,42935.28835,43437.84357107143,41151.1142,40214.8733,FILLED,2025-12-30 07:05:00+00:00,2025-12-30T07:35:00.000000,STOP,-1.0,50.255522107143044,0.3282025430919653,0.1,-1.0,-1.05,-1.1,0.0767829054043728,-inf,7,2025-12-30T07:35:00.000000,False,21972
vsp-setup-eab2576716582b721de8,2025-12-29 15:00:00+00:00,sell,2025-12-30 09:55:00+00:00,43441.40245,43793.47594107143,42779.3086,42667.6348,FILLED,2025-12-30 09:55:00+00:00,2025-12-30T12:20:00.000000,STOP,-1.0,35.207349107143095,0.24910139686491906,0.1,-1.0,-1.05,-1.1,1.6135908110296864,-inf,30,2025-12-30T12:20:00.000000,False,22006
vsp-setup-2e5a7e7708f7d6a61a71,2025-12-29 15:00:00+00:00,sell,2025-12-30 10:15:00+00:00,43333.59495,43793.0047125,42625.8688,42442.4999,FILLED,2025-12-30 10:15:00+00:00,2025-12-30T12:20:00.000000,STOP,-1.0,45.94097624999995,0.3224071342216001,0.1,-1.0,-1.05,-1.1,1.001927010639007,-inf,26,2025-12-30T12:20:00.000000,False,22010
vsp-setup-d33fb08bf26f6d1ac674,2025-12-29 15:00:00+00:00,sell,2025-12-30 10:50:00+00:00,43142.6939,43794.290605,41151.1142,40214.8733,FILLED,2025-12-30 10:50:00+00:00,2025-12-30T12:20:00.000000,STOP,-1.0,65.15967050000036,0.40215621209818947,0.1,-1.0,-1.05,-1.1,0.41343671312763736,-inf,19,2025-12-30T12:20:00.000000,False,22017
vsp-setup-905dffe937e0bfc8f74a,2025-12-30 18:00:00+00:00,buy,2025-12-31 01:05:00+00:00,45958.0796,45543.77991857143,47906.5697,47936.9512,FILLED,2025-12-31 01:05:00+00:00,2025-12-31T02:15:00.000000,STOP,-1.0,41.429968142856524,0.26615542411285487,0.1,-1.0,-1.05,-1.1,0.6074561755206122,-inf,15,2025-12-31T02:15:00.000000,False,22188
vsp-setup-5e9c6545eba58efbe7d5,2025-12-30 18:00:00+00:00,buy,2025-12-31 11:20:00+00:00,44075.04595,43513.97273571429,45558.3269,45595.4368,FILLED,2025-12-31 11:20:00+00:00,2025-12-31T13:00:00.000000,STOP,-1.0,56.10732142857087,0.3512840004264531,0.1,-1.0,-1.05,-1.1,0.6722622652378581,-inf,21,2025-12-31T13:00:00.000000,False,22311
vsp-setup-a11e5344fdc29873fb07,2025-12-30 18:00:00+00:00,buy,2025-12-31 11:55:00+00:00,44328.8689,43514.713970714285,45558.3269,45595.4368,FILLED,2025-12-31 11:55:00+00:00,2025-12-31T13:00:00.000000,STOP,-1.0,81.41549292857162,0.5496565208849489,0.1,-1.0,-1.05,-1.1,-0.008374450310072784,-inf,14,2025-12-31T13:00:00.000000,False,22318
vsp-setup-95b55d92cb35cfcdd88b,2025-12-31 14:00:00+00:00,sell,2025-12-31 18:40:00+00:00,42552.436,43189.90965285714,41151.1142,40214.8733,FILLED,2025-12-31 18:40:00+00:00,2025-12-31T20:35:00.000000,STOP,-1.0,63.747365285713755,0.4307774587452581,0.1,-1.0,-1.05,-1.1,-0.08191899346105698,-inf,24,2025-12-31T20:35:00.000000,False,22399
vsp-setup-ec5936d1056de15eccd0,2025-12-31 14:00:00+00:00,sell,2025-12-31 21:50:00+00:00,42681.6587,43217.84646607143,41151.1142,40214.8733,FILLED,2025-12-31 21:50:00+00:00,2026-01-01T15:25:00.000000,TP1,2.854493512998388,53.61877660714308,0.3334190007595271,0.1,2.854493512998388,2.804493512998388,2.754493512998388,3.1419224879807692,-inf,212,2026-01-01T15:25:00.000000,False,22437
vsp-setup-f73d54bc7b18df3d3ebb,2025-12-31 22:00:00+00:00,sell,2025-12-31 23:55:00+00:00,42262.8966,43008.168398214286,40214.8733,,FILLED,2025-12-31 23:55:00+00:00,2026-01-02T15:45:00.000000,STOP,-1.0,74.52717982142859,0.5431187652286514,0.1,-1.0,-1.05,-1.1,1.7391107554392338,-inf,479,2026-01-02T15:45:00.000000,False,22462
vsp-setup-72e60f98b90f11c5308e,2026-01-01 00:00:00+00:00,sell,2026-01-01 04:25:00+00:00,42262.8966,43009.30657964286,40214.8733,,FILLED,2026-01-01 04:25:00+00:00,2026-01-02T15:45:00.000000,STOP,-1.0,74.64099796428563,0.5200249018509424,0.1,-1.0,-1.05,-1.1,1.7364588300657073,-inf,425,2026-01-02T15:45:00.000000,False,22516
vsp-setup-55724398b795961da03e,2026-01-01 00:00:00+00:00,sell,2026-01-01 07:00:00+00:00,42409.37,42767.80129857142,41151.1142,40214.8733,FILLED,2026-01-01 07:00:00+00:00,2026-01-01T08:15:00.000000,STOP,-1.0,35.84312985714205,0.22722367922599437,0.1,-1.0,-1.05,-1.1,0.26492413017073235,-inf,16,2026-01-01T08:15:00.000000,False,22547
vsp-setup-87173e0d85817ab9f632,2026-01-01 00:00:00+00:00,sell,2026-01-01 09:00:00+00:00,42351.48275,42824.29570392857,41151.1142,40214.8733,FILLED,2026-01-01 09:00:00+00:00,2026-01-01T09:40:00.000000,STOP,-1.0,47.281295392856556,0.3204953284892636,0.1,-1.0,-1.05,-1.1,-0.008268914731521568,-inf,9,2026-01-01T09:40:00.000000,False,22571
vsp-setup-1c60e5a6fce95204a8f4,2025-12-31 22:00:00+00:00,sell,2026-01-01 09:05:00+00:00,42351.48275,42824.48655821428,41151.1142,40214.8733,FILLED,2026-01-01 09:05:00+00:00,2026-01-01T09:40:00.000000,STOP,-1.0,47.30038082142783,0.307744675611508,0.1,-1.0,-1.05,-1.1,-0.10746985355553847,-inf,8,2026-01-01T09:40:00.000000,False,22572
vsp-setup-3982083ef3ed7d8f6e0d,2026-01-01 16:00:00+00:00,sell,2026-01-01 16:25:00+00:00,41112.3209,41710.047235357146,40214.8733,,FILLED,2026-01-01 16:25:00+00:00,2026-01-01T16:35:00.000000,STOP,-1.0,59.772633535714704,0.42582342581067195,0.1,-1.0,-1.05,-1.1,-0.49816643903113855,-inf,3,2026-01-01T16:35:00.000000,False,22660
vsp-setup-55158b110297d7ebb492,2026-01-01 16:00:00+00:00,sell,2026-01-01 22:00:00+00:00,42111.6643,42368.34911071428,41549.249,41416.2768,FILLED,2026-01-01 22:00:00+00:00,2026-01-01T22:00:00.000000,STOP,-1.0,25.668481071428687,0.1756096490062128,0.1,-1.0,-1.05,-1.1,-0.06611104082387742,-inf,1,2026-01-01T22:00:00.000000,False,22727
vsp-setup-ac42cab2c1ae6791b384,2026-01-01 16:00:00+00:00,sell,2026-01-01 23:45:00+00:00,42356.86945,42606.46563678571,41963.4722,41767.7433,FILLED,2026-01-01 23:45:00+00:00,2026-01-02T00:05:00.000000,TP1,1.5761348563299553,24.959618678571132,0.17279015036592077,0.1,1.5761348563299553,1.5261348563299553,1.4761348563299552,1.7135916838633405,-inf,5,2026-01-02T00:05:00.000000,False,22748
vsp-setup-f4f31ce47cf5dafb784a,2026-01-01 16:00:00+00:00,sell,2026-01-02 00:00:00+00:00,42227.4007,42606.32704392857,41549.249,41416.2768,FILLED,2026-01-02 00:00:00+00:00,2026-01-02T06:20:00.000000,STOP,-1.0,37.89263439285715,0.26844262613626385,0.1,-1.0,-1.05,-1.1,1.6594568049312857,-inf,77,2026-01-02T06:20:00.000000,False,22751
vsp-setup-1b9b62e3e7c09f30cdf2,2026-01-01 16:00:00+00:00,sell,2026-01-02 00:10:00+00:00,42079.75835,42606.51337785714,40966.7864,40214.8733,FILLED,2026-01-02 00:10:00+00:00,2026-01-02T06:20:00.000000,STOP,-1.0,52.67550278571434,0.3612486317676395,0.1,-1.0,-1.05,-1.1,0.9134598144367261,-inf,75,2026-01-02T06:20:00.000000,False,22753
vsp-setup-bd200b08659756ae5180,2026-01-01 16:00:00+00:00,sell,2026-01-02 00:30:00+00:00,41969.910650000005,42606.31952107143,40966.7864,40214.8733,FILLED,2026-01-02 00:30:00+00:00,2026-01-02T06:20:00.000000,STOP,-1.0,63.640887107142774,0.4348483196252631,0.1,-1.0,-1.05,-1.1,0.5834642898281222,-inf,71,2026-01-02T06:20:00.000000,False,22757
vsp-setup-06f4be9db149b99cbf9d,2026-01-01 16:00:00+00:00,sell,2026-01-02 01:25:00+00:00,41995.16915,42276.18972285714,41549.249,41416.2768,FILLED,2026-01-02 01:25:00+00:00,2026-01-02T05:00:00.000000,STOP,-1.0,28.10205728571382,0.18428827565034298,0.1,-1.0,-1.05,-1.1,1.411214652251145,-inf,44,2026-01-02T05:00:00.000000,False,22768
vsp-setup-b428233e7a4d8fb5845f,2026-01-01 16:00:00+00:00,sell,2026-01-02 02:10:00+00:00,41931.88465,42273.27918464286,41416.2768,40966.7864,FILLED,2026-01-02 02:10:00+00:00,2026-01-02T05:00:00.000000,STOP,-1.0,34.13945346428591,0.19418636960990743,0.1,-1.0,-1.05,-1.1,0.9762776382717168,-inf,35,2026-01-02T05:00:00.000000,False,22777
vsp-setup-24d05c6daf32e1a56112,2026-01-01 16:00:00+00:00,sell,2026-01-02 02:50:00+00:00,41679.3904,42201.586031428575,40214.8733,,FILLED,2026-01-02 02:50:00+00:00,2026-01-02T03:35:00.000000,STOP,-1.0,52.21956314285781,0.34151104251476705,0.1,-1.0,-1.05,-1.1,-0.1416340841413551,-inf,10,2026-01-02T03:35:00.000000,False,22785
vsp-setup-740174441fdb081bf03f,2026-01-01 16:00:00+00:00,sell,2026-01-02 08:05:00+00:00,42397.06115,42728.48648857143,41835.0138,41753.3511,FILLED,2026-01-02 08:05:00+00:00,2026-01-02T08:40:00.000000,TP1,1.6958490633898042,33.14253385714255,0.2570022291837506,0.1,1.6958490633898042,1.6458490633898042,1.5958490633898041,2.092510949794322,-inf,8,2026-01-02T08:40:00.000000,False,22848
vsp-setup-a7630a201b8efbfed01a,2026-01-01 16:00:00+00:00,sell,2026-01-02 08:15:00+00:00,42300.75,42728.710758928566,41598.5888,41549.249,FILLED,2026-01-02 08:15:00+00:00,2026-01-02T10:20:00.000000,TP1,1.6407139798469348,42.79607589285661,0.33363607374344895,0.1,1.6407139798469348,1.5907139798469347,1.5407139798469347,1.6844523357813976,-inf,26,2026-01-02T10:20:00.000000,False,22850
vsp-setup-6d8e12da53b3998d609f,2026-01-01 16:00:00+00:00,sell,2026-01-02 08:25:00+00:00,42221.161,42728.520666428565,41416.2768,40966.7864,FILLED,2026-01-02 08:25:00+00:00,2026-01-02T15:10:00.000000,STOP,-1.0,50.73596664285651,0.37235013518921034,0.1,-1.0,-1.05,-1.1,1.2757847003416365,-inf,82,2026-01-02T15:10:00.000000,False,22852
vsp-setup-db326d84ac6d72bdbf12,2026-01-01 16:00:00+00:00,sell,2026-01-02 09:30:00+00:00,41792.12105,42729.58457178571,40214.8733,,FILLED,2026-01-02 09:30:00+00:00,2026-01-02T15:10:00.000000,STOP,-1.0,93.74635217857067,0.6112176093871761,0.1,-1.0,-1.05,-1.1,0.23280025828022413,-inf,69,2026-01-02T15:10:00.000000,False,22865
vsp-setup-161e3662e6f8c56ea99b,2026-01-01 16:00:00+00:00,sell,2026-01-02 10:45:00+00:00,41691.97435,42126.96621107144,40966.7864,40214.8733,FILLED,2026-01-02 10:45:00+00:00,2026-01-02T10:50:00.000000,STOP,-1.0,43.49918610714449,0.25750412585143534,0.1,-1.0,-1.05,-1.1,-0.49809334240489506,-inf,2,2026-01-02T10:50:00.000000,False,22880
vsp-setup-295f1257b8981445b8da,2026-01-01 16:00:00+00:00,sell,2026-01-02 12:05:00+00:00,42238.259600000005,42490.75009857143,41573.8793,41549.249,FILLED,2026-01-02 12:05:00+00:00,2026-01-02T14:35:00.000000,STOP,-1.0,25.24904985714238,0.14275135380624715,0.1,-1.0,-1.05,-1.1,1.5201740349505883,-inf,31,2026-01-02T14:35:00.000000,False,22896
vsp-setup-5bf38165f680a57f364d,2026-01-02 14:00:00+00:00,buy,2026-01-02 14:05:00+00:00,42155.25810000001,41983.01014678572,42432.6843,42482.0653,FILLED,2026-01-02 14:05:00+00:00,2026-01-02T14:15:00.000000,TP1,1.6106211703709177,17.224795321428974,0.1340667785024286,0.1,1.6106211703709177,1.5606211703709176,1.5106211703709176,1.8655583071006103,-inf,3,2026-01-02T14:15:00.000000,False,22920
vsp-setup-763105ecaba64966c0ae,2026-01-02 14:00:00+00:00,buy,2026-01-02 14:20:00+00:00,42264.1992,42079.86254107142,42722.1116,42768.2507,FILLED,2026-01-02 14:20:00+00:00,2026-01-02T15:05:00.000000,TP1,2.484109252394607,18.43366589285797,0.12348850216301606,0.1,2.484109252394607,2.4341092523946073,2.384109252394607,2.5091780587126946,-inf,10,2026-01-02T15:05:00.000000,False,22923
vsp-setup-e920a4303448e22325a0,2026-01-02 20:00:00+00:00,buy,2026-01-03 01:00:00+00:00,44278.89635,43793.13230107143,46279.6027,47906.5697,FILLED,2026-01-03 01:00:00+00:00,2026-01-03T01:55:00.000000,STOP,-1.0,48.57640489285696,0.2986415871929615,0.1,-1.0,-1.05,-1.1,0.3461129953335043,-inf,12,2026-01-03T01:55:00.000000,False,23051
vsp-setup-b8cd6b420325277b5822,2026-01-02 20:00:00+00:00,buy,2026-01-03 01:15:00+00:00,44340.2113,43793.21717214286,46279.6027,47906.5697,FILLED,2026-01-03 01:15:00+00:00,2026-01-03T01:55:00.000000,STOP,-1.0,54.69941278571423,0.34316986014938783,0.1,-1.0,-1.05,-1.1,0.0781489193813794,-inf,9,2026-01-03T01:55:00.000000,False,23054
vsp-setup-a9cdefaf9ec0e9f1f6f5,2026-01-02 20:00:00+00:00,buy,2026-01-03 03:00:00+00:00,43988.39805,43457.90243464286,44936.6441,45003.2043,FILLED,2026-01-03 03:00:00+00:00,2026-01-03T06:25:00.000000,TP1,1.787471983838389,53.04956153571402,0.30739929992510756,0.1,1.787471983838389,1.737471983838389,1.687471983838389,2.072733531001457,-inf,42,2026-01-03T06:25:00.000000,False,23075
vsp-setup-b6115500d144685fdf49,2026-01-02 20:00:00+00:00,buy,2026-01-03 03:10:00+00:00,44155.167100000006,43612.71558928572,45003.2043,45558.3269,FILLED,2026-01-03 03:10:00+00:00,2026-01-03T06:25:00.000000,TP1,1.5633419453165809,54.2451510714287,0.3148957838133232,0.1,1.5633419453165809,1.5133419453165808,1.4633419453165808,1.7196136089135337,-inf,40,2026-01-03T06:25:00.000000,False,23077
vsp-setup-b7f143b28f462abf7c2b,2026-01-02 20:00:00+00:00,buy,2026-01-03 03:50:00+00:00,44443.665,44100.10270285715,45003.2043,45558.3269,FILLED,2026-01-03 03:50:00+00:00,2026-01-03T06:25:00.000000,TP1,1.6286400011097282,34.35622971428529,0.2156005515755528,0.1,1.6286400011097282,1.5786400011097281,1.528640001109728,1.8753777855085636,-inf,32,2026-01-03T06:25:00.000000,False,23085
vsp-setup-28052ba1825da06d02ae,2026-01-02 20:00:00+00:00,buy,2026-01-03 04:35:00+00:00,44772.78255,44283.20174285715,46279.6027,47906.5697,FILLED,2026-01-03 04:35:00+00:00,2026-01-03T04:45:00.000000,STOP,-1.0,48.958080714285465,0.2791715801118291,0.1,-1.0,-1.05,-1.1,-0.12874003449569274,-inf,3,2026-01-03T04:45:00.000000,False,23094
vsp-setup-eb355d578abe0018b6bc,2026-01-02 20:00:00+00:00,buy,2026-01-03 07:00:00+00:00,44919.405750000005,44455.03874357143,46279.6027,47906.5697,FILLED,2026-01-03 07:00:00+00:00,2026-01-03T07:00:00.000000,STOP,-1.0,46.436700642857616,0.26319852613575784,0.1,-1.0,-1.05,-1.1,-0.6059008200516469,-inf,1,2026-01-03T07:00:00.000000,False,23123
vsp-setup-e7c85622007209d3e264,2026-01-02 20:00:00+00:00,buy,2026-01-03 10:00:00+00:00,45181.0374,44715.09879392857,46279.6027,47906.5697,FILLED,2026-01-03 10:00:00+00:00,2026-01-03T10:00:00.000000,STOP,-1.0,46.59386060714314,0.34200559785516826,0.1,-1.0,-1.05,-1.1,-0.9039480620659935,-inf,1,2026-01-03T10:00:00.000000,False,23159
vsp-setup-cee97013ed0c0da9f87f,2026-01-02 20:00:00+00:00,buy,2026-01-03 11:45:00+00:00,44660.9244,44488.68663035714,44925.1142,45316.8802,FILLED,2026-01-03 11:45:00+00:00,2026-01-03T12:05:00.000000,STOP,-1.0,17.223776964286664,0.1139072123856023,0.1,-1.0,-1.05,-1.1,1.0266145478232573,-inf,5,2026-01-03T12:05:00.000000,False,23180
vsp-setup-913142a2ea56d430a156,2026-01-02 20:00:00+00:00,buy,2026-01-03 14:10:00+00:00,44513.11655,44271.76081607143,44925.1142,45316.8802,FILLED,2026-01-03 14:10:00+00:00,2026-01-03T14:50:00.000000,STOP,-1.0,24.135573392856898,0.18015711962539663,0.1,-1.0,-1.05,-1.1,0.9295961042566391,-inf,9,2026-01-03T14:50:00.000000,False,23209
vsp-setup-49ee92ae5a2017a475dc,2026-01-03 14:00:00+00:00,sell,2026-01-03 15:35:00+00:00,44144.7176,44634.231003928566,43360.3939,43072.1824,FILLED,2026-01-03 15:35:00+00:00,2026-01-03T17:55:00.000000,TP1,1.6022517334672661,48.951340392856224,0.29399659581598026,0.1,1.6022517334672661,1.552251733467266,1.502251733467266,1.9401963100046358,-inf,29,2026-01-03T17:55:00.000000,False,23226
vsp-setup-97ba1770f60adece0648,2026-01-03 17:00:00+00:00,sell,2026-01-04 00:20:00+00:00,43756.1902,43998.96078107143,43141.194,43105.5575,FILLED,2026-01-04 00:20:00+00:00,2026-01-04T00:25:00.000000,STOP,-1.0,24.27705810714324,0.1653564292947767,0.1,-1.0,-1.05,-1.1,-0.3154286638110848,-inf,2,2026-01-04T00:25:00.000000,False,23331
vsp-setup-b6be025e371ef1a2be48,2026-01-03 17:00:00+00:00,sell,2026-01-04 03:50:00+00:00,43726.0996,44773.34262214286,41573.8793,41549.249,FILLED,2026-01-04 03:50:00+00:00,2026-01-04T23:45:00.000000,TP1,2.055129759276074,104.72430221428586,0.5829603821277782,0.1,2.055129759276074,2.005129759276074,1.955129759276074,2.0764925179929814,-inf,240,2026-01-04T23:45:00.000000,False,23373
vsp-setup-c62243809bf4c452933a,2026-01-03 17:00:00+00:00,sell,2026-01-04 04:50:00+00:00,43465.08825,43784.3250225,42965.1374,42867.2286,FILLED,2026-01-04 04:50:00+00:00,2026-01-04T07:00:00.000000,TP1,1.5660816455598032,31.92367725000004,0.22265060574981935,0.1,1.5660816455598032,1.5160816455598032,1.4660816455598031,1.7532912816301518,-inf,27,2026-01-04T07:00:00.000000,False,23385
vsp-setup-dbc25d64b0240671a835,2026-01-03 17:00:00+00:00,sell,2026-01-04 07:55:00+00:00,42966.51545,43479.61738178572,41573.8793,41549.249,FILLED,2026-01-04 07:55:00+00:00,2026-01-04T07:55:00.000000,STOP,-1.0,51.310193178572085,0.31949759465927124,0.1,-1.0,-1.05,-1.1,-0.8484714693723094,-inf,1,2026-01-04T07:55:00.000000,False,23422
vsp-setup-d7fbfbe93b7f48dc5e3b,2026-01-03 17:00:00+00:00,sell,2026-01-04 11:00:00+00:00,43553.6097,44301.70615107143,41573.8793,41549.249,FILLED,2026-01-04 11:00:00+00:00,2026-01-04T23:45:00.000000,TP1,2.6463571604498664,74.80964510714257,0.41854404674076945,0.1,2.6463571604498664,2.5963571604498665,2.5463571604498663,2.676262395220011,-inf,154,2026-01-04T23:45:00.000000,False,23459
vsp-setup-d000b739e3e41672ded9,2026-01-03 17:00:00+00:00,sell,2026-01-04 12:30:00+00:00,42922.64975,44301.10315,40214.8733,,FILLED,2026-01-04 12:30:00+00:00,2026-01-05T06:15:00.000000,TP1,1.964358352629103,137.8453400000006,0.8290687454789347,0.1,1.964358352629103,1.914358352629103,1.864358352629103,2.024927610900729,-inf,214,2026-01-05T06:15:00.000000,False,23477
vsp-setup-ade9b778d0e7b3754805,2026-01-03 17:00:00+00:00,sell,2026-01-04 13:15:00+00:00,43106.0518,43286.86574142857,42714.5076,42684.7921,FILLED,2026-01-04 13:15:00+00:00,2026-01-04T14:05:00.000000,STOP,-1.0,18.08139414285688,0.11815152763905612,0.1,-1.0,-1.05,-1.1,1.1383287061485434,-inf,11,2026-01-04T14:05:00.000000,False,23486
vsp-setup-5666575b61061c3290c5,2026-01-03 17:00:00+00:00,sell,2026-01-04 17:25:00+00:00,43216.3622,43299.30984892857,43018.8847,43015.8228,FILLED,2026-01-04 17:25:00+00:00,2026-01-04T17:30:00.000000,TP1,2.380748611332755,8.29476489285662,0.05942444136729311,0.1,2.380748611332755,2.3307486113327553,2.280748611332755,3.5023644883556466,-inf,2,2026-01-04T17:30:00.000000,False,23536
vsp-setup-3133fbbbf391eaa429d1,2026-01-04 18:00:00+00:00,sell,2026-01-04 21:45:00+00:00,42464.95055,42815.58801464285,41573.8793,40966.7864,FILLED,2026-01-04 21:45:00+00:00,2026-01-04T23:45:00.000000,TP1,2.541289336858561,35.06374646428522,0.23267124753425514,0.1,2.541289336858561,2.491289336858561,2.441289336858561,2.605093129253622,-inf,25,2026-01-04T23:45:00.000000,False,23588
vsp-setup-071b83c76fdad45a16ea,2026-01-06 10:00:00+00:00,buy,2026-01-06 11:10:00+00:00,41007.2524,39485.20512607143,43881.2928,44292.7443,FILLED,2026-01-06 11:10:00+00:00,,TIME_LIMIT,0.0,152.20472739285688,1.034780814463944,0.1,0.0,-0.05,-0.1,1.050215080293897,-inf,576,,False,24037
vsp-setup-c00fc2ae2e3d84844bf4,2026-01-06 10:00:00+00:00,buy,2026-01-06 12:35:00+00:00,40542.0161,40254.71617535714,41078.4585,41629.5872,FILLED,2026-01-06 12:35:00+00:00,2026-01-06T12:45:00.000000,STOP,-1.0,28.7299924642859,0.22395173666760998,0.1,-1.0,-1.05,-1.1,-0.24813059066625445,-inf,3,2026-01-06T12:45:00.000000,False,24054
vsp-setup-c54c8f2ba92b67b010fc,2026-01-06 10:00:00+00:00,buy,2026-01-06 15:05:00+00:00,40490.64595,40074.23885035714,43881.2928,44292.7443,FILLED,2026-01-06 15:05:00+00:00,,TIME_LIMIT,0.0,41.640709964285634,0.3369780902657679,0.1,0.0,-0.05,-0.1,5.0793645252784145,-inf,576,,False,24084
vsp-setup-bc3fa12d6c3623e1e69e,2026-01-06 10:00:00+00:00,buy,2026-01-06 17:20:00+00:00,40500.57565,40085.64617785714,43881.2928,44292.7443,FILLED,2026-01-06 17:20:00+00:00,,TIME_LIMIT,0.0,41.49294721428596,0.29241682662136126,0.1,0.0,-0.05,-0.1,5.073521866567233,-inf,576,,False,24111
vsp-setup-9615a4f807b068b49dfa,2026-01-06 19:00:00+00:00,buy,2026-01-06 19:30:00+00:00,41374.45535,40816.73047214286,43881.2928,44292.7443,FILLED,2026-01-06 19:30:00+00:00,2026-01-08T03:30:00.000000,STOP,-1.0,55.77248778571375,0.3840269601675968,0.1,-1.0,-1.05,-1.1,2.207672813037746,-inf,385,2026-01-08T03:30:00.000000,False,24137
vsp-setup-b23e8ae417b801d48257,2026-01-06 20:00:00+00:00,buy,2026-01-06 20:05:00+00:00,41374.45535,40817.315065,43881.2928,44292.7443,FILLED,2026-01-06 20:05:00+00:00,2026-01-08T03:30:00.000000,STOP,-1.0,55.71402849999941,0.4130999246195064,0.1,-1.0,-1.05,-1.1,2.2099892668863697,-inf,378,2026-01-08T03:30:00.000000,False,24144
vsp-setup-69e8a0ead8de26f8d578,2026-01-06 23:00:00+00:00,buy,2026-01-06 23:05:00+00:00,41958.51845,40979.33085964286,43881.2928,44292.7443,FILLED,2026-01-06 23:05:00+00:00,2026-01-06T23:35:00.000000,STOP,-1.0,97.91875903571417,0.7455143661853835,0.1,-1.0,-1.05,-1.1,-0.25428043865342287,-inf,7,2026-01-06T23:35:00.000000,False,24180
vsp-setup-25878dbe1aa055cfefdd,2026-01-06 23:00:00+00:00,buy,2026-01-07 00:45:00+00:00,41374.92955,41190.79197178572,41890.5939,42116.2722,FILLED,2026-01-07 00:45:00+00:00,2026-01-07T02:25:00.000000,TP1,2.800429738463959,18.41375782142786,0.13177997342956807,0.1,2.800429738463959,2.7504297384639593,2.700429738463959,2.917297790106083,-inf,21,2026-01-07T02:25:00.000000,False,24200
vsp-setup-fb76a37c611f4625f6d5,2026-01-06 23:00:00+00:00,buy,2026-01-07 00:55:00+00:00,41495.24785,41190.65324107143,42116.2722,42807.8696,FILLED,2026-01-07 00:55:00+00:00,2026-01-07T03:25:00.000000,TP1,2.0388553565819403,30.45946089285717,0.21995176516427206,0.1,2.0388553565819403,1.9888553565819402,1.9388553565819402,2.1506754577971585,-inf,31,2026-01-07T03:25:00.000000,False,24202
vsp-setup-e9998fdf9aab9093e783,2026-01-06 23:00:00+00:00,buy,2026-01-07 01:05:00+00:00,41680.21695,41190.233457857146,43881.2928,44292.7443,FILLED,2026-01-07 01:05:00+00:00,2026-01-08T03:15:00.000000,STOP,-1.0,48.998349214285554,0.33455578200878533,0.1,-1.0,-1.05,-1.1,1.8888645532779704,-inf,315,2026-01-08T03:15:00.000000,False,24204
vsp-setup-234e7fcc76400d687812,2026-01-06 23:00:00+00:00,buy,2026-01-07 03:40:00+00:00,42014.4746,41626.08544071428,43881.2928,44292.7443,FILLED,2026-01-07 03:40:00+00:00,2026-01-07T05:50:00.000000,STOP,-1.0,38.83891592857181,0.2598489038907404,0.1,-1.0,-1.05,-1.1,1.0538479002677157,-inf,27,2026-01-07T05:50:00.000000,False,24235
vsp-setup-7d06ef6d374499f0d7fd,2026-01-06 23:00:00+00:00,buy,2026-01-07 04:45:00+00:00,42272.35585,41645.889265357146,43881.2928,44292.7443,FILLED,2026-01-07 04:45:00+00:00,2026-01-07T05:50:00.000000,STOP,-1.0,62.64665846428543,0.39579517669129016,0.1,-1.0,-1.05,-1.1,0.005266282481578403,-inf,14,2026-01-07T05:50:00.000000,False,24248
vsp-setup-f713eb727aea5196543b,2026-01-07 06:00:00+00:00,buy,2026-01-07 08:40:00+00:00,42276.29905,41475.27399785714,43881.2928,44292.7443,FILLED,2026-01-07 08:40:00+00:00,2026-01-07T13:35:00.000000,STOP,-1.0,80.10250521428607,0.5655725812088751,0.1,-1.0,-1.05,-1.1,0.11670677433859195,-inf,60,2026-01-07T13:35:00.000000,False,24295
vsp-setup-c21ce8fb81218227c404,2026-01-07 06:00:00+00:00,buy,2026-01-07 09:45:00+00:00,42196.19925,42053.95475285715,42470.3381,42605.7294,FILLED,2026-01-07 09:45:00+00:00,2026-01-07T10:20:00.000000,STOP,-1.0,14.224449714284857,0.09478439844132981,0.1,-1.0,-1.05,-1.1,0.5944767755415082,-inf,8,2026-01-07T10:20:00.000000,False,24308
vsp-setup-eeb709bd29ca4a9c959e,2026-01-07 06:00:00+00:00,buy,2026-01-07 11:15:00+00:00,42211.5836,41935.79126107143,43881.2928,44292.7443,FILLED,2026-01-07 11:15:00+00:00,2026-01-07T11:30:00.000000,STOP,-1.0,27.579233892857157,0.2004660578515235,0.1,-1.0,-1.05,-1.1,0.3962959972876894,-inf,4,2026-01-07T11:30:00.000000,False,24326
vsp-setup-6506d15be97b096fed75,2026-01-07 06:00:00+00:00,buy,2026-01-07 15:00:00+00:00,41862.72295,41459.14087392857,42470.3381,42605.7294,FILLED,2026-01-07 15:00:00+00:00,2026-01-07T18:15:00.000000,TP1,1.505555340600532,40.35820760714341,0.27146110372500587,0.1,1.505555340600532,1.455555340600532,1.4055553406005319,1.67770619694258,-inf,40,2026-01-07T18:15:00.000000,False,24371
vsp-setup-9a3b67e2567bcfd356cc,2026-01-07 06:00:00+00:00,buy,2026-01-07 16:05:00+00:00,42205.1755,41909.56031071429,43881.2928,44292.7443,FILLED,2026-01-07 16:05:00+00:00,2026-01-07T16:45:00.000000,STOP,-1.0,29.561518928570877,0.18673124183791887,0.1,-1.0,-1.05,-1.1,0.019998972360956793,-inf,9,2026-01-07T16:45:00.000000,False,24384
vsp-setup-01d13f7d4c8fd47eaf75,2026-01-07 06:00:00+00:00,buy,2026-01-07 17:35:00+00:00,42148.1385,41746.20993928571,43881.2928,44292.7443,FILLED,2026-01-07 17:35:00+00:00,2026-01-07T19:30:00.000000,STOP,-1.0,40.192856071428835,0.23479052632927652,0.1,-1.0,-1.05,-1.1,0.9744930773367532,-inf,24,2026-01-07T19:30:00.000000,False,24402
vsp-setup-ddabd7cd434bbd4070c8,2026-01-07 06:00:00+00:00,buy,2026-01-07 17:45:00+00:00,42228.25525,41957.889545,43881.2928,44292.7443,FILLED,2026-01-07 17:45:00+00:00,2026-01-07T19:10:00.000000,STOP,-1.0,27.03657050000038,0.16094969773243548,0.1,-1.0,-1.05,-1.1,1.1523645352874672,-inf,18,2026-01-07T19:10:00.000000,False,24404
vsp-setup-4375eacca754defda0f1,2026-01-07 06:00:00+00:00,buy,2026-01-07 20:35:00+00:00,41922.7343,41674.14205928571,42539.8151,42605.7294,FILLED,2026-01-07 20:35:00+00:00,2026-01-07T22:25:00.000000,STOP,-1.0,24.859224071428617,0.1565499852167113,0.1,-1.0,-1.05,-1.1,1.5283164064507704,-inf,23,2026-01-07T22:25:00.000000,False,24438
vsp-setup-489c83eaf469b3945c5e,2026-01-07 06:00:00+00:00,buy,2026-01-07 20:50:00+00:00,42148.85845,41673.66171071428,43881.2928,44292.7443,FILLED,2026-01-07 20:50:00+00:00,2026-01-07T22:25:00.000000,STOP,-1.0,47.51967392857187,0.2858177171768601,0.1,-1.0,-1.05,-1.1,0.2485956662446068,-inf,20,2026-01-07T22:25:00.000000,False,24441
vsp-setup-6318c52ce38156b514cc,2026-01-07 22:00:00+00:00,sell,2026-01-07 22:05:00+00:00,41850.3658,42546.670373214285,40080.3374,39492.4805,FILLED,2026-01-07 22:05:00+00:00,2026-01-09T13:00:00.000000,TP1,2.5420318465369065,69.63045732142855,0.4890404834587102,0.1,2.5420318465369065,2.4920318465369067,2.4420318465369064,2.559903192609725,-inf,468,2026-01-09T13:00:00.000000,False,24456
vsp-setup-f6516dc2a992310df446,2026-01-07 22:00:00+00:00,sell,2026-01-07 22:15:00+00:00,41929.9984,42165.97097178572,41466.5715,41426.5409,FILLED,2026-01-07 22:15:00+00:00,2026-01-08T00:10:00.000000,TP1,1.9639015521720034,23.597257178572182,0.16697124965720492,0.1,1.9639015521720034,1.9139015521720033,1.8639015521720033,2.1783341009088497,-inf,24,2026-01-08T00:10:00.000000,False,24458
vsp-setup-aba64c1506511502117f,2026-01-07 22:00:00+00:00,sell,2026-01-07 23:20:00+00:00,41585.38945,42050.83938285714,40080.3374,39492.4805,FILLED,2026-01-07 23:20:00+00:00,2026-01-09T13:00:00.000000,TP1,3.2335423076792007,46.544993285714014,0.3211287373916764,0.1,3.2335423076792007,3.183542307679201,3.1335423076792006,3.26027751402806,-inf,453,2026-01-09T13:00:00.000000,False,24471
vsp-setup-391bce2ea56be319fa2e,2026-01-07 22:00:00+00:00,sell,2026-01-08 01:55:00+00:00,41401.219800000006,41828.41294607143,40080.3374,39492.4805,FILLED,2026-01-08 01:55:00+00:00,2026-01-09T09:10:00.000000,STOP,-1.0,42.71931460714259,0.292553646946533,0.1,-1.0,-1.05,-1.1,2.9233741493389998,-inf,376,2026-01-09T09:10:00.000000,False,24502
vsp-setup-d80adbd3658cbd35ae30,2026-01-08 04:00:00+00:00,sell,2026-01-08 05:50:00+00:00,40553.75780000001,41152.24653035714,37696.3787,,FILLED,2026-01-08 05:50:00+00:00,2026-01-08T21:40:00.000000,STOP,-1.0,59.84887303571304,0.4497074042479164,0.1,-1.0,-1.05,-1.1,0.6706615841546296,-inf,191,2026-01-08T21:40:00.000000,False,24549
vsp-setup-6542196684faf4e734e9,2026-01-08 07:00:00+00:00,sell,2026-01-08 08:45:00+00:00,40274.96075,40894.60670678572,37696.3787,,FILLED,2026-01-08 08:45:00+00:00,2026-01-08T09:00:00.000000,STOP,-1.0,61.96459567857237,0.40890137282234695,0.1,-1.0,-1.05,-1.1,-0.5143589601605609,-inf,4,2026-01-08T09:00:00.000000,False,24584
vsp-setup-be70b36470338d5f3291,2026-01-08 07:00:00+00:00,sell,2026-01-08 11:40:00+00:00,40748.3404,41022.70302964286,40152.3744,40092.74,FILLED,2026-01-08 11:40:00+00:00,2026-01-08T12:40:00.000000,STOP,-1.0,27.43626296428556,0.22130322204363936,0.1,-1.0,-1.05,-1.1,0.6710903020563574,-inf,13,2026-01-08T12:40:00.000000,False,24619
vsp-setup-326ef6824c2694cf3fac,2026-01-08 07:00:00+00:00,sell,2026-01-08 13:20:00+00:00,40914.61835,41082.45135821428,40593.0361,40564.2183,FILLED,2026-01-08 13:20:00+00:00,2026-01-08T13:25:00.000000,TP1,1.9160846452171674,16.783300821428565,0.11809422565362353,0.1,1.9160846452171674,1.8660846452171673,1.8160846452171673,2.1219493935620273,-inf,2,2026-01-08T13:25:00.000000,False,24639
vsp-setup-cbf0325c4f10876fb3dc,2026-01-08 07:00:00+00:00,sell,2026-01-08 13:35:00+00:00,40640.20345,41095.05271892857,37696.3787,,FILLED,2026-01-08 13:35:00+00:00,2026-01-08T21:15:00.000000,STOP,-1.0,45.48492689285704,0.3013037273165407,0.1,-1.0,-1.05,-1.1,0.8309399966505344,-inf,93,2026-01-08T21:15:00.000000,False,24642
vsp-setup-c423e75e1363732ec41c,2026-01-08 07:00:00+00:00,sell,2026-01-08 14:55:00+00:00,40347.05095,40764.94169035714,37696.3787,,FILLED,2026-01-08 14:55:00+00:00,2026-01-08T15:10:00.000000,STOP,-1.0,41.78907403571429,0.2971978761661297,0.1,-1.0,-1.05,-1.1,-0.14400689986232412,-inf,4,2026-01-08T15:10:00.000000,False,24658
vsp-setup-ebc5a4b4059fe82ea2d7,2026-01-08 07:00:00+00:00,sell,2026-01-08 18:45:00+00:00,40683.0949,40924.70595,40262.251,40152.3744,FILLED,2026-01-08 18:45:00+00:00,2026-01-08T20:15:00.000000,STOP,-1.0,24.16110500000068,0.1835533586546996,0.1,-1.0,-1.05,-1.1,1.1277969281619864,-inf,19,2026-01-08T20:15:00.000000,False,24704
vsp-setup-b5c5a1d5ab1a5cb5348d,2026-01-08 07:00:00+00:00,sell,2026-01-08 19:00:00+00:00,40606.076400000005,40915.479491785714,40080.3374,39492.4805,FILLED,2026-01-08 19:00:00+00:00,2026-01-08T20:15:00.000000,STOP,-1.0,30.9403091785709,0.23357204282312416,0.1,-1.0,-1.05,-1.1,0.631763887270364,-inf,16,2026-01-08T20:15:00.000000,False,24707
vsp-setup-e4f9c4db145f17e3fe74,2026-01-08 07:00:00+00:00,sell,2026-01-08 19:55:00+00:00,40560.86,40830.25759964286,40152.3744,40092.74,FILLED,2026-01-08 19:55:00+00:00,2026-01-08T20:15:00.000000,STOP,-1.0,26.939759964285624,0.2202467651771096,0.1,-1.0,-1.05,-1.1,0.22025586003239506,-inf,5,2026-01-08T20:15:00.000000,False,24718
vsp-setup-9fb71257182dd815133a,2026-01-08 07:00:00+00:00,sell,2026-01-08 22:55:00+00:00,40786.59155,41097.70554642857,40262.251,40152.3744,FILLED,2026-01-08 22:55:00+00:00,2026-01-09T00:25:00.000000,TP1,1.685364708817839,31.111399642857577,0.24636812010757037,0.1,1.685364708817839,1.635364708817839,1.5853647088178389,1.7480095921201968,-inf,19,2026-01-09T00:25:00.000000,False,24754
vsp-setup-a8cd936a61c3434382f4,2026-01-08 07:00:00+00:00,sell,2026-01-08 23:10:00+00:00,40691.5772,41097.54022607143,40080.3374,39492.4805,FILLED,2026-01-08 23:10:00+00:00,2026-01-09T08:00:00.000000,STOP,-1.0,40.5963026071433,0.34629501057014916,0.1,-1.0,-1.05,-1.1,1.2332155094141743,-inf,107,2026-01-09T08:00:00.000000,False,24757
vsp-setup-a9cfb6737b26f7d0ce6d,2026-01-08 07:00:00+00:00,sell,2026-01-09 00:55:00+00:00,40324.10175,40899.84920214285,37696.3787,,FILLED,2026-01-09 00:55:00+00:00,2026-01-09T03:35:00.000000,STOP,-1.0,57.57474521428449,0.40564451161628073,0.1,-1.0,-1.05,-1.1,0.2192861636297435,-inf,33,2026-01-09T03:35:00.000000,False,24778
vsp-setup-5778b4fdf943dcc9bb80,2026-01-09 01:00:00+00:00,sell,2026-01-09 01:05:00+00:00,40324.10175,40899.02996785715,37696.3787,,FILLED,2026-01-09 01:05:00+00:00,2026-01-09T03:35:00.000000,STOP,-1.0,57.49282178571448,0.4184887741838086,0.1,-1.0,-1.05,-1.1,0.21959863175714678,-inf,31,2026-01-09T03:35:00.000000,False,24780
vsp-setup-8c5b8e6cfafc0b696176,2026-01-09 01:00:00+00:00,sell,2026-01-09 02:25:00+00:00,40326.3284,40629.53403142857,37696.3787,,FILLED,2026-01-09 02:25:00+00:00,2026-01-09T03:15:00.000000,STOP,-1.0,30.32056314285728,0.22928812027852805,0.1,-1.0,-1.05,-1.1,0.15744199662480982,-inf,11,2026-01-09T03:15:00.000000,False,24796
vsp-setup-243ec3bff23174fb4d67,2026-01-09 01:00:00+00:00,sell,2026-01-09 05:10:00+00:00,40313.33565,40714.6745375,37696.3787,,FILLED,2026-01-09 05:10:00+00:00,2026-01-09T06:00:00.000000,STOP,-1.0,40.13388875000019,0.2681170055422443,0.1,-1.0,-1.05,-1.1,-0.020538129388215774,-inf,11,2026-01-09T06:00:00.000000,False,24829
vsp-setup-bb692b7252c37ef33096,2026-01-09 01:00:00+00:00,sell,2026-01-09 07:10:00+00:00,40454.77095,40746.00280535714,37696.3787,,FILLED,2026-01-09 07:10:00+00:00,2026-01-09T07:10:00.000000,STOP,-1.0,29.12318553571386,0.1882067007606276,0.1,-1.0,-1.05,-1.1,-0.1890859429936659,-inf,1,2026-01-09T07:10:00.000000,False,24853
vsp-setup-5ab079af7714ac126508,2026-01-09 08:00:00+00:00,buy,2026-01-09 09:50:00+00:00,41703.9533,40629.65400178571,43881.2928,44292.7443,FILLED,2026-01-09 09:50:00+00:00,2026-01-09T12:35:00.000000,STOP,-1.0,107.42992982142897,0.7490729554962193,0.1,-1.0,-1.05,-1.1,-0.19494185684390905,-inf,34,2026-01-09T12:35:00.000000,False,24885
vsp-setup-54ac37d8f0e2a7b0e341,2026-01-09 13:00:00+00:00,sell,2026-01-09 22:50:00+00:00,39290.49965,39671.51972285714,37696.3787,,FILLED,2026-01-09 22:50:00+00:00,2026-01-10T02:30:00.000000,TP1,4.183824064822126,38.10200728571436,0.29997414982137954,0.1,4.183824064822126,4.133824064822126,4.083824064822126,4.2694437009619675,-inf,45,2026-01-10T02:30:00.000000,False,25041
vsp-setup-f8bf0ac474eae647aefa,2026-01-10 05:00:00+00:00,sell,2026-01-10 14:15:00+00:00,37992.2894,38242.09238357143,37616.4889,37456.1839,FILLED,2026-01-10 14:15:00+00:00,2026-01-10T14:50:00.000000,TP1,1.5043875562541167,24.9802983571426,0.20023521402101413,0.1,1.5043875562541167,1.4543875562541166,1.4043875562541166,1.7664797020882144,-inf,8,2026-01-10T14:50:00.000000,False,25226
vsp-setup-03abcc64ef9a4dba6d42,2026-01-10 05:00:00+00:00,sell,2026-01-10 14:35:00+00:00,37880.89485,38242.42051321429,37280.5905,37039.0675,FILLED,2026-01-10 14:35:00+00:00,2026-01-10T18:45:00.000000,STOP,-1.0,36.152566321429184,0.2870381223198139,0.1,-1.0,-1.05,-1.1,1.1597097873283846,-inf,51,2026-01-10T18:45:00.000000,False,25230
vsp-setup-d30ec4a2a7e2be9120b3,2026-01-10 05:00:00+00:00,sell,2026-01-10 17:00:00+00:00,37928.590800000005,38080.68067035714,37461.63,37456.1839,FILLED,2026-01-10 17:00:00+00:00,2026-01-10T18:40:00.000000,STOP,-1.0,15.208987035713655,0.11142818249021398,0.1,-1.0,-1.05,-1.1,2.512020025415702,-inf,21,2026-01-10T18:40:00.000000,False,25259
vsp-setup-79e6a11e65d572c359e3,2026-01-10 05:00:00+00:00,sell,2026-01-10 19:35:00+00:00,38214.96025,38406.25625678572,37862.4849,37546.538,FILLED,2026-01-10 19:35:00+00:00,2026-01-10T19:50:00.000000,TP1,1.842565121575265,19.129600678572025,0.15339331779512771,0.1,1.842565121575265,1.792565121575265,1.7425651215752649,1.8917851767045242,-inf,4,2026-01-10T19:50:00.000000,False,25290
vsp-setup-c88f44b6bfad20529531,2026-01-10 05:00:00+00:00,sell,2026-01-10 20:00:00+00:00,37955.36945,38392.26584035715,37280.5905,37039.0675,FILLED,2026-01-10 20:00:00+00:00,2026-01-10T20:30:00.000000,STOP,-1.0,43.68963903571494,0.31537104251599446,0.1,-1.0,-1.05,-1.1,0.1444899783868568,-inf,7,2026-01-10T20:30:00.000000,False,25295
vsp-setup-d893d3e7a9b3960a6e9f,2026-01-10 20:00:00+00:00,buy,2026-01-10 21:50:00+00:00,38529.41815,37886.05488642857,39665.3716,39898.4469,FILLED,2026-01-10 21:50:00+00:00,2026-01-11T13:05:00.000000,TP1,1.7656486068136816,64.33632635714312,0.5181676639300158,0.1,1.7656486068136816,1.7156486068136816,1.6656486068136815,1.7977136953384514,-inf,184,2026-01-11T13:05:00.000000,False,25317
vsp-setup-d63b12ccda8b4c678cca,2026-01-10 20:00:00+00:00,buy,2026-01-10 23:55:00+00:00,38571.61935,37886.610427142856,39898.4469,40025.4714,FILLED,2026-01-10 23:55:00+00:00,2026-01-11T13:35:00.000000,TP1,1.9369492947126246,68.50089228571451,0.599866862566415,0.1,1.9369492947126246,1.8869492947126245,1.8369492947126245,1.9697564586051262,-inf,165,2026-01-11T13:35:00.000000,False,25342
vsp-setup-b39f593e16560cf0ff28,2026-01-10 20:00:00+00:00,buy,2026-01-11 00:45:00+00:00,38286.66415,38098.20442214286,38575.4993,38586.2034,FILLED,2026-01-11 00:45:00+00:00,2026-01-11T01:15:00.000000,STOP,-1.0,18.845972785713823,0.14835431195193036,0.1,-1.0,-1.05,-1.1,1.428677378777232,-inf,7,2026-01-11T01:15:00.000000,False,25352
vsp-setup-a1ba85a5842ad5e8a77f,2026-01-10 20:00:00+00:00,buy,2026-01-11 01:05:00+00:00,38285.768500000006,38060.348020357145,38675.567,38677.6718,FILLED,2026-01-11 01:05:00+00:00,2026-01-11T02:50:00.000000,STOP,-1.0,22.54204796428603,0.15870997326325084,0.1,-1.0,-1.05,-1.1,1.1790246406230447,-inf,22,2026-01-11T02:50:00.000000,False,25356
vsp-setup-6484dd4ae4a82cc5df57,2026-01-10 20:00:00+00:00,buy,2026-01-11 02:15:00+00:00,38457.99165,38060.668946428574,39898.4469,40025.4714,FILLED,2026-01-11 02:15:00+00:00,2026-01-11T02:50:00.000000,STOP,-1.0,39.732270357142994,0.2883478377662036,0.1,-1.0,-1.05,-1.1,-0.04652502822979722,-inf,8,2026-01-11T02:50:00.000000,False,25370
vsp-setup-bc49d21855e6d6b09993,2026-01-10 20:00:00+00:00,buy,2026-01-11 03:50:00+00:00,38509.37005,37898.58844607143,39898.4469,40025.4714,FILLED,2026-01-11 03:50:00+00:00,2026-01-11T04:20:00.000000,STOP,-1.0,61.07816039285681,0.37958023297442356,0.1,-1.0,-1.05,-1.1,-0.28148023597008465,-inf,7,2026-01-11T04:20:00.000000,False,25389
vsp-setup-2423ce0ac7ecbeb8b16f,2026-01-10 20:00:00+00:00,buy,2026-01-11 05:20:00+00:00,38138.1882,37943.22376357143,38668.3339,38675.567,FILLED,2026-01-11 05:20:00+00:00,2026-01-11T05:50:00.000000,TP1,2.7191918162686637,19.49644364285705,0.14734608607908847,0.1,2.7191918162686637,2.669191816268664,2.6191918162686636,3.006905314317581,-inf,7,2026-01-11T05:50:00.000000,False,25407
vsp-setup-7d3ba7b3215c756ec917,2026-01-10 20:00:00+00:00,buy,2026-01-11 05:40:00+00:00,38495.57405,38012.5113625,39898.4469,40025.4714,FILLED,2026-01-11 05:40:00+00:00,2026-01-11T13:35:00.000000,TP1,2.9041217347179087,48.306268750000164,0.34505465309491656,0.1,2.9041217347179087,2.854121734717909,2.8041217347179086,2.9506440610774667,-inf,96,2026-01-11T13:35:00.000000,False,25411
vsp-setup-138a2bb7a8584f688b6d,2026-01-10 20:00:00+00:00,buy,2026-01-11 07:30:00+00:00,38786.66190000001,38553.34036214286,39898.4469,40025.4714,FILLED,2026-01-11 07:30:00+00:00,2026-01-11T11:05:00.000000,STOP,-1.0,23.332153785714766,0.18054870031527845,0.1,-1.0,-1.05,-1.1,1.1972310939036481,-inf,44,2026-01-11T11:05:00.000000,False,25433
vsp-setup-4ecbbde6ae37eec21074,2026-01-10 20:00:00+00:00,buy,2026-01-11 10:30:00+00:00,38957.5084,38666.01959892857,39898.4469,40025.4714,FILLED,2026-01-11 10:30:00+00:00,2026-01-11T10:55:00.000000,STOP,-1.0,29.14888010714276,0.2118465780946787,0.1,-1.0,-1.05,-1.1,0.24033822137418104,-inf,6,2026-01-11T10:55:00.000000,False,25469
vsp-setup-cb2977d27431c5d07b63,2026-01-12 00:00:00+00:00,buy,2026-01-12 03:50:00+00:00,41683.737,41500.61513535714,42137.0323,42539.8151,FILLED,2026-01-12 03:50:00+00:00,2026-01-12T03:50:00.000000,STOP,-1.0,18.31218646428606,0.15847605364967918,0.1,-1.0,-1.05,-1.1,-1.0190181296151217,-inf,1,2026-01-12T03:50:00.000000,False,25677
vsp-setup-fa1a5ab51d12191f3a02,2026-01-12 04:00:00+00:00,buy,2026-01-12 05:20:00+00:00,41657.5943,41108.19284,42539.8151,42605.7294,FILLED,2026-01-12 05:20:00+00:00,2026-01-12T06:50:00.000000,STOP,-1.0,54.94014599999937,0.34744555469086275,0.1,-1.0,-1.05,-1.1,0.4225483856559243,-inf,19,2026-01-12T06:50:00.000000,False,25695
vsp-setup-5a29d6e30a5882a4a2e4,2026-01-12 04:00:00+00:00,buy,2026-01-12 05:55:00+00:00,41885.02255,41108.84438714286,43881.2928,44292.7443,FILLED,2026-01-12 05:55:00+00:00,2026-01-12T06:50:00.000000,STOP,-1.0,77.61781628571407,0.47657665116583575,0.1,-1.0,-1.05,-1.1,-0.22416380455685156,-inf,12,2026-01-12T06:50:00.000000,False,25702
vsp-setup-92870dc716f021b004ff,2026-01-12 04:00:00+00:00,buy,2026-01-12 09:40:00+00:00,40909.70005,40428.20751535714,42093.9064,42137.0323,FILLED,2026-01-12 09:40:00+00:00,2026-01-12T17:05:00.000000,STOP,-1.0,48.14925346428572,0.3279756410208373,0.1,-1.0,-1.05,-1.1,1.5703922607249807,-inf,90,2026-01-12T17:05:00.000000,False,25747
vsp-setup-712a1d408870dc1ed009,2026-01-12 04:00:00+00:00,buy,2026-01-12 10:30:00+00:00,40991.1955,40684.64688464285,42093.9064,42137.0323,FILLED,2026-01-12 10:30:00+00:00,2026-01-12T15:50:00.000000,STOP,-1.0,30.654861535715465,0.20374297890130694,0.1,-1.0,-1.05,-1.1,2.2007494609427205,-inf,65,2026-01-12T15:50:00.000000,False,25757
vsp-setup-c582cc47da39f1c0c33d,2026-01-12 04:00:00+00:00,buy,2026-01-12 11:00:00+00:00,41318.9898,40672.99570464285,42539.8151,42605.7294,FILLED,2026-01-12 11:00:00+00:00,2026-01-12T15:50:00.000000,STOP,-1.0,64.59940953571495,0.438066873960805,0.1,-1.0,-1.05,-1.1,0.5369126474882654,-inf,59,2026-01-12T15:50:00.000000,False,25763
vsp-setup-ba9cb5912e780b207c88,2026-01-12 04:00:00+00:00,buy,2026-01-12 11:15:00+00:00,41309.4132,40673.11051464285,42539.8151,42605.7294,FILLED,2026-01-12 11:15:00+00:00,2026-01-12T15:50:00.000000,STOP,-1.0,63.630268535715004,0.4541837114425831,0.1,-1.0,-1.05,-1.1,0.5601406503572119,-inf,56,2026-01-12T15:50:00.000000,False,25766
vsp-setup-024765a675c80accaf61,2026-01-12 04:00:00+00:00,buy,2026-01-12 11:30:00+00:00,41528.7157,41135.580571428574,42137.0323,42539.8151,FILLED,2026-01-12 11:30:00+00:00,2026-01-12T12:20:00.000000,STOP,-1.0,39.31351285714263,0.2781636391433047,0.1,-1.0,-1.05,-1.1,0.3487770235599401,-inf,11,2026-01-12T12:20:00.000000,False,25769
vsp-setup-369eb4e8851097e2f5bd,2026-01-12 04:00:00+00:00,buy,2026-01-12 13:10:00+00:00,41406.17635,41081.74438321428,42093.9064,42137.0323,FILLED,2026-01-12 13:10:00+00:00,2026-01-12T14:50:00.000000,STOP,-1.0,32.44319667857199,0.19908758767191892,0.1,-1.0,-1.05,-1.1,0.4646014124112241,-inf,21,2026-01-12T14:50:00.000000,False,25789
vsp-setup-d7df77cc9d1fa53aebaa,2026-01-12 17:00:00+00:00,sell,2026-01-12 19:40:00+00:00,40095.842350000006,40930.9825025,38464.3711,37887.3983,FILLED,2026-01-12 19:40:00+00:00,2026-01-12T22:20:00.000000,STOP,-1.0,83.51401524999966,0.6946058992858559,0.1,-1.0,-1.05,-1.1,-0.17351033783517159,-inf,33,2026-01-12T22:20:00.000000,False,25867
vsp-setup-cb38f7288be5f92cf19d,2026-01-13 00:00:00+00:00,sell,2026-01-13 02:25:00+00:00,39565.19945,40901.73228464285,37461.63,37456.1839,FILLED,2026-01-13 02:25:00+00:00,2026-01-14T23:40:00.000000,STOP,-1.0,133.65328346428507,1.1101672700517775,0.1,-1.0,-1.05,-1.1,0.7582300439860133,-inf,544,2026-01-14T23:40:00.000000,False,25948
vsp-setup-3cfec44b14d9f27166b7,2026-01-13 00:00:00+00:00,sell,2026-01-13 12:10:00+00:00,38688.63595,39162.67134714286,37887.3983,37853.0693,FILLED,2026-01-13 12:10:00+00:00,2026-01-13T12:10:00.000000,STOP,-1.0,47.403539714285586,0.40104641125011975,0.1,-1.0,-1.05,-1.1,-0.9067482145652078,-inf,1,2026-01-13T12:10:00.000000,False,26065
vsp-setup-8a62d8aacea12ddd8595,2026-01-13 08:00:00+00:00,sell,2026-01-13 13:55:00+00:00,39446.8337,39754.70842714286,38865.1409,38798.8847,FILLED,2026-01-13 13:55:00+00:00,2026-01-13T20:20:00.000000,STOP,-1.0,30.787472714285833,0.21444567764396733,0.1,-1.0,-1.05,-1.1,1.7520580692214642,-inf,78,2026-01-13T20:20:00.000000,False,26086
vsp-setup-24bfb6cb0a86b67e4f9b,2026-01-13 08:00:00+00:00,sell,2026-01-13 15:00:00+00:00,39308.1259,39476.68380035715,38865.1409,38798.8847,FILLED,2026-01-13 15:00:00+00:00,2026-01-13T17:20:00.000000,STOP,-1.0,16.855790035714744,0.13194216762261107,0.1,-1.0,-1.05,-1.1,2.3772638313064176,-inf,29,2026-01-13T17:20:00.000000,False,26099
vsp-setup-94393ae9c3b7540cdbae,2026-01-13 08:00:00+00:00,sell,2026-01-13 15:10:00+00:00,39089.8616,39508.96674428571,37887.3983,37853.0693,FILLED,2026-01-13 15:10:00+00:00,2026-01-13T17:25:00.000000,STOP,-1.0,41.91051442857133,0.3214219225861144,0.1,-1.0,-1.05,-1.1,0.33783861145706684,-inf,28,2026-01-13T17:25:00.000000,False,26101
vsp-setup-3af252f9beb29b42d739,2026-01-13 08:00:00+00:00,sell,2026-01-13 18:00:00+00:00,39409.6913,39592.45534928572,39117.4775,38907.4193,FILLED,2026-01-13 18:00:00+00:00,2026-01-13T18:20:00.000000,STOP,-1.0,18.276404928572447,0.16022183304108992,0.1,-1.0,-1.05,-1.1,0.5411025876614906,-inf,5,2026-01-13T18:20:00.000000,False,26135
vsp-setup-34f6f677f52b47017041,2026-01-13 20:00:00+00:00,buy,2026-01-13 21:15:00+00:00,39923.495500000005,39242.24696785714,40999.6129,41444.2898,FILLED,2026-01-13 21:15:00+00:00,2026-01-13T22:20:00.000000,STOP,-1.0,68.12485321428612,0.41404579419298815,0.1,-1.0,-1.05,-1.1,-0.19899683243879188,-inf,14,2026-01-13T22:20:00.000000,False,26174
vsp-setup-beb2f8c1abc15e501713,2026-01-13 20:00:00+00:00,buy,2026-01-13 23:05:00+00:00,39517.52275,39120.78800035714,40141.6658,40469.968,FILLED,2026-01-13 23:05:00+00:00,2026-01-14T11:00:00.000000,TP1,1.5731998534584266,39.67347496428556,0.28332470642029756,0.1,1.5731998534584266,1.5231998534584266,1.4731998534584265,1.8584914748802595,-inf,144,2026-01-14T11:00:00.000000,False,26196
vsp-setup-1e3bc5ed22a1f91a776a,2026-01-13 20:00:00+00:00,buy,2026-01-14 07:00:00+00:00,39729.27835,39241.29100392857,40469.968,40999.6129,FILLED,2026-01-14 07:00:00+00:00,2026-01-14T11:25:00.000000,TP1,1.5178460178587927,48.79873460714298,0.31623601821681574,0.1,1.5178460178587927,1.4678460178587927,1.4178460178587926,1.637776791619953,-inf,54,2026-01-14T11:25:00.000000,False,26291
vsp-setup-b4c2551ca82480cd46e9,2026-01-13 20:00:00+00:00,buy,2026-01-14 07:25:00+00:00,39868.02215,39241.5721375,40999.6129,41444.2898,FILLED,2026-01-14 07:25:00+00:00,2026-01-15T01:15:00.000000,TP1,1.8063544216147769,62.64500124999977,0.41881015832487545,0.1,1.8063544216147769,1.7563544216147768,1.7063544216147768,1.8183426087807912,-inf,215,2026-01-15T01:15:00.000000,False,26296
vsp-setup-3c229aa11601ecd5ddd8,2026-01-13 20:00:00+00:00,buy,2026-01-14 08:05:00+00:00,40008.11005,39242.66163392857,41665.8322,42093.9064,FILLED,2026-01-14 08:05:00+00:00,2026-01-15T11:20:00.000000,TP1,2.1656876089809414,76.54484160714347,0.5914897247883425,0.1,2.1656876089809414,2.1156876089809415,2.0656876089809413,2.1888417492572616,-inf,328,2026-01-15T11:20:00.000000,False,26304
vsp-setup-5963cc49c1904f8dc28b,2026-01-13 20:00:00+00:00,buy,2026-01-14 09:00:00+00:00,39660.2791,39249.90418964286,40469.968,40999.6129,FILLED,2026-01-14 09:00:00+00:00,2026-01-14T11:25:00.000000,TP1,1.9730467910315206,41.037491035713906,0.3194483610311867,0.1,1.9730467910315206,1.9230467910315205,1.8730467910315205,2.1156595544411285,-inf,30,2026-01-14T11:25:00.000000,False,26315
vsp-setup-5d00dc9920c8fc24ba6b,2026-01-13 20:00:00+00:00,buy,2026-01-14 09:40:00+00:00,39948.66155,39437.12214678571,40999.6129,41444.2898,FILLED,2026-01-14 09:40:00+00:00,2026-01-14T18:35:00.000000,STOP,-1.0,51.15394032142868,0.338169174077508,0.1,-1.0,-1.05,-1.1,1.1647846602941072,-inf,108,2026-01-14T18:35:00.000000,False,26323
vsp-setup-0113ab7ec2327d0cc006,2026-01-14 10:00:00+00:00,buy,2026-01-14 10:05:00+00:00,39948.66155,39437.48807535714,40999.6129,41444.2898,FILLED,2026-01-14 10:05:00+00:00,2026-01-14T18:35:00.000000,STOP,-1.0,51.11734746428556,0.34768831701678216,0.1,-1.0,-1.05,-1.1,1.165618482876674,-inf,103,2026-01-14T18:35:00.000000,False,26328
vsp-setup-2f3dc7c5a08b0d2ce123,2026-01-14 11:00:00+00:00,buy,2026-01-14 12:40:00+00:00,40383.36865,39604.35558035714,41665.8322,42093.9064,FILLED,2026-01-14 12:40:00+00:00,2026-01-14T16:35:00.000000,STOP,-1.0,77.90130696428533,0.529527328074984,0.1,-1.0,-1.05,-1.1,-0.17460612061663658,-inf,48,2026-01-14T16:35:00.000000,False,26359
vsp-setup-99f0016896d4d9c132d1,2026-01-14 11:00:00+00:00,buy,2026-01-14 12:45:00+00:00,40420.01945000001,39604.472904285714,41665.8322,42093.9064,FILLED,2026-01-14 12:45:00+00:00,2026-01-14T16:35:00.000000,STOP,-1.0,81.55465457142928,0.5775482102819224,0.1,-1.0,-1.05,-1.1,-0.21172458016945356,-inf,47,2026-01-14T16:35:00.000000,False,26360
vsp-setup-56f223a3898994cec570,2026-01-14 11:00:00+00:00,buy,2026-01-14 14:20:00+00:00,40147.95,39794.60724571429,40999.6129,41444.2898,FILLED,2026-01-14 14:20:00+00:00,2026-01-14T14:50:00.000000,STOP,-1.0,35.33427542857098,0.2670974322236248,0.1,-1.0,-1.05,-1.1,-0.013158611415135996,-inf,7,2026-01-14T14:50:00.000000,False,26379
vsp-setup-aeffff772bd07db4aa5a,2026-01-14 18:00:00+00:00,sell,2026-01-14 18:15:00+00:00,39870.73775,40079.139813214286,39540.6515,39444.6718,FILLED,2026-01-14 18:15:00+00:00,2026-01-14T18:20:00.000000,TP1,1.5838914687739687,20.84020632142856,0.16877367810349303,0.1,1.5838914687739687,1.5338914687739686,1.4838914687739686,1.7383342775618145,-inf,2,2026-01-14T18:20:00.000000,False,26426
vsp-setup-b87f0185a9b1f5d3ce5b,2026-01-14 18:00:00+00:00,sell,2026-01-14 19:40:00+00:00,39572.37195,40124.3349475,38551.8001,38464.3711,FILLED,2026-01-14 19:40:00+00:00,2026-01-14T20:40:00.000000,STOP,-1.0,55.196299749999895,0.421482218290496,0.1,-1.0,-1.05,-1.1,-0.07391935724822249,-inf,13,2026-01-14T20:40:00.000000,False,26443
vsp-setup-3b8f222cdccd5e22f505,2026-01-14 20:00:00+00:00,buy,2026-01-14 20:05:00+00:00,39763.8574,39432.157125714286,40381.3439,40544.4948,FILLED,2026-01-14 20:05:00+00:00,2026-01-14T20:55:00.000000,TP1,1.8615797087587516,33.17002742857149,0.23448400836341382,0.1,1.8615797087587516,1.8115797087587515,1.7615797087587515,1.884213395198005,-inf,11,2026-01-14T20:55:00.000000,False,26448
vsp-setup-5ebc64591699fc3cb9c0,2026-01-14 20:00:00+00:00,buy,2026-01-14 21:00:00+00:00,40203.2419,39606.39425857143,41665.8322,42093.9064,FILLED,2026-01-14 21:00:00+00:00,2026-01-15T11:20:00.000000,TP1,2.4505253912024387,59.68476414285688,0.45339147102589095,0.1,2.4505253912024387,2.400525391202439,2.3505253912024386,2.48022023921689,-inf,173,2026-01-15T11:20:00.000000,False,26459
vsp-setup-ebb2ed4905418d424cd7,2026-01-14 22:00:00+00:00,buy,2026-01-14 23:05:00+00:00,40763.8471,40106.22493,42137.0323,42539.8151,FILLED,2026-01-14 23:05:00+00:00,2026-01-15T13:50:00.000000,TP1,2.0881066099094485,65.76221700000023,0.4611450822491449,0.1,2.0881066099094485,2.0381066099094487,1.9881066099094484,2.260756050849065,-inf,178,2026-01-15T13:50:00.000000,False,26484
vsp-setup-18bb68887698eeb3c886,2026-01-14 22:00:00+00:00,buy,2026-01-15 00:15:00+00:00,40874.18575,40489.33284857142,41665.8322,42093.9064,FILLED,2026-01-15 00:15:00+00:00,2026-01-15T00:15:00.000000,STOP,-1.0,38.485290142857416,0.2664017561745408,0.1,-1.0,-1.05,-1.1,-0.6391635585619905,-inf,1,2026-01-15T00:15:00.000000,False,26498
vsp-setup-83d25112d78e5203633d,2026-01-15 01:00:00+00:00,buy,2026-01-15 02:40:00+00:00,41342.27485,40496.80420607143,43881.2928,44292.7443,FILLED,2026-01-15 02:40:00+00:00,2026-01-15T03:45:00.000000,STOP,-1.0,84.5470643928573,0.5668502587933429,0.1,-1.0,-1.05,-1.1,-0.10937405179476684,-inf,14,2026-01-15T03:45:00.000000,False,26527
vsp-setup-9f7b725d2a49ce3fc4ae,2026-01-15 03:00:00+00:00,buy,2026-01-15 03:10:00+00:00,41342.27485,40497.02462178571,43881.2928,44292.7443,FILLED,2026-01-15 03:10:00+00:00,2026-01-15T03:45:00.000000,STOP,-1.0,84.52502282142888,0.586133705167917,0.1,-1.0,-1.05,-1.1,-0.22335462765724662,-inf,8,2026-01-15T03:45:00.000000,False,26533
vsp-setup-d9e0b11ab023eec35a42,2026-01-15 03:00:00+00:00,buy,2026-01-15 05:40:00+00:00,40636.2979,40161.7014425,41605.753,41665.8322,FILLED,2026-01-15 05:40:00+00:00,2026-01-15T11:20:00.000000,TP1,2.0426935024056876,47.45964574999962,0.3062768792880059,0.1,2.0426935024056876,1.9926935024056875,1.9426935024056875,2.2066275115422935,-inf,69,2026-01-15T11:20:00.000000,False,26563
vsp-setup-a992f295f0e0ad1d112f,2026-01-15 03:00:00+00:00,buy,2026-01-15 05:50:00+00:00,40755.52895,40161.63274678571,41665.8322,42093.9064,FILLED,2026-01-15 05:50:00+00:00,2026-01-15T11:20:00.000000,TP1,1.5327648923721844,59.389620321428815,0.368746952405326,0.1,1.5327648923721844,1.4827648923721843,1.4327648923721843,1.5626073124854685,-inf,67,2026-01-15T11:20:00.000000,False,26565
vsp-setup-064c9d7600cf656df74a,2026-01-15 03:00:00+00:00,buy,2026-01-15 06:50:00+00:00,41014.6392,40408.30736535714,42137.0323,42539.8151,FILLED,2026-01-15 06:50:00+00:00,2026-01-15T13:50:00.000000,TP1,1.8511201884379302,60.633183464285686,0.35105665204855385,0.1,1.8511201884379302,1.8011201884379302,1.7511201884379302,2.038374252158458,-inf,85,2026-01-15T13:50:00.000000,False,26577
vsp-setup-d6b83af23f04783f4d8d,2026-01-15 03:00:00+00:00,buy,2026-01-15 08:00:00+00:00,41122.8487,40919.99803357143,41605.753,41665.8322,FILLED,2026-01-15 08:00:00+00:00,2026-01-15T11:20:00.000000,TP1,2.380590157785014,20.28506664285742,0.1344906272431139,0.1,2.380590157785014,2.3305901577850143,2.280590157785014,2.7641358535907528,-inf,41,2026-01-15T11:20:00.000000,False,26591
vsp-setup-159ed2fad5283894c8bf,2026-01-15 03:00:00+00:00,buy,2026-01-15 08:30:00+00:00,41218.26685,40921.04608,41665.8322,42137.0323,FILLED,2026-01-15 08:30:00+00:00,2026-01-15T10:40:00.000000,STOP,-1.0,29.72207699999999,0.22254696422024509,0.1,-1.0,-1.05,-1.1,1.182838097081846,-inf,27,2026-01-15T10:40:00.000000,False,26597
vsp-setup-65ffe3f12984457e92f0,2026-01-15 03:00:00+00:00,buy,2026-01-15 09:55:00+00:00,41487.5649,40964.37115642858,42539.8151,42605.7294,FILLED,2026-01-15 09:55:00+00:00,2026-01-15T10:35:00.000000,STOP,-1.0,52.31937435714208,0.344811061069301,0.1,-1.0,-1.05,-1.1,-0.3573106565149134,-inf,9,2026-01-15T10:35:00.000000,False,26614
vsp-setup-6b88e83dffbb57c70ca6,2026-01-15 13:00:00+00:00,buy,2026-01-15 17:50:00+00:00,42258.09695,41925.05340392858,43881.2928,44292.7443,FILLED,2026-01-15 17:50:00+00:00,2026-01-15T18:10:00.000000,STOP,-1.0,33.30435460714216,0.2269407636964782,0.1,-1.0,-1.05,-1.1,0.07819533003175504,-inf,5,2026-01-15T18:10:00.000000,False,26709
vsp-setup-dd3afed6509d3a350565,2026-01-15 13:00:00+00:00,buy,2026-01-15 20:00:00+00:00,41910.36,41196.40559178571,43881.2928,44292.7443,FILLED,2026-01-15 20:00:00+00:00,2026-01-15T21:55:00.000000,STOP,-1.0,71.39544082142893,0.42708064665745676,0.1,-1.0,-1.05,-1.1,0.24873843197379158,-inf,24,2026-01-15T21:55:00.000000,False,26735
vsp-setup-cfe55be88c7566896028,2026-01-15 13:00:00+00:00,buy,2026-01-15 23:20:00+00:00,41702.584050000005,41179.28282892857,42610.5458,43881.2928,FILLED,2026-01-15 23:20:00+00:00,2026-01-16T05:05:00.000000,TP1,1.7350652233162807,52.330122107143694,0.34194541455499133,0.1,1.7350652233162807,1.6850652233162806,1.6350652233162806,1.743683586542661,-inf,70,2026-01-16T05:05:00.000000,False,26775
vsp-setup-5e5face6f1d778255c60,2026-01-15 13:00:00+00:00,buy,2026-01-16 00:25:00+00:00,41889.73095,41180.04010607143,43881.2928,44292.7443,FILLED,2026-01-16 00:25:00+00:00,2026-01-17T06:30:00.000000,STOP,-1.0,70.9690843928569,0.49297119799033723,0.1,-1.0,-1.05,-1.1,2.7095835693119787,-inf,362,2026-01-17T06:30:00.000000,False,26788
vsp-setup-8c184579037680587e62,2026-01-15 13:00:00+00:00,buy,2026-01-16 01:55:00+00:00,41840.372650000005,41582.92221214285,42375.3418,42391.6686,FILLED,2026-01-16 01:55:00+00:00,2026-01-16T05:00:00.000000,TP1,2.0779500491539857,25.745043785715826,0.22496548596033558,0.1,2.0779500491539857,2.027950049153986,1.9779500491539856,2.594913240624048,-inf,38,2026-01-16T05:00:00.000000,False,26806
vsp-setup-db289fd47b95c6378a19,2026-01-15 13:00:00+00:00,buy,2026-01-16 04:25:00+00:00,42091.24885,41896.060553928575,42391.6686,42440.7247,FILLED,2026-01-16 04:25:00+00:00,2026-01-16T05:00:00.000000,TP1,1.5391278885392612,19.518829607142834,0.1442756616524415,0.1,1.5391278885392612,1.4891278885392611,1.439127888539261,2.1373481832503547,-inf,8,2026-01-16T05:00:00.000000,False,26836
vsp-setup-13e47281f595e39faf69,2026-01-16 06:00:00+00:00,buy,2026-01-16 10:20:00+00:00,43379.01515,43104.26035357143,43795.1482,43812.6976,FILLED,2026-01-16 10:20:00+00:00,2026-01-16T10:25:00.000000,STOP,-1.0,27.475479642856953,0.21621729872328233,0.1,-1.0,-1.05,-1.1,-0.39800852040240375,-inf,2,2026-01-16T10:25:00.000000,False,26907
vsp-setup-05e1aaa7df9cc6c0085a,2026-01-16 06:00:00+00:00,buy,2026-01-16 16:45:00+00:00,42610.85855,42359.57576642857,43043.1983,43073.6314,FILLED,2026-01-16 16:45:00+00:00,2026-01-16T17:35:00.000000,STOP,-1.0,25.1282783571427,0.1820701540322136,0.1,-1.0,-1.05,-1.1,1.3575325183511269,-inf,11,2026-01-16T17:35:00.000000,False,26984
vsp-setup-010c43032faabee85d48,2026-01-16 06:00:00+00:00,buy,2026-01-16 16:55:00+00:00,42799.6233,42394.79395107143,43517.7746,43583.8701,FILLED,2026-01-16 16:55:00+00:00,2026-01-16T17:30:00.000000,STOP,-1.0,40.48293489285716,0.2911667208831521,0.1,-1.0,-1.05,-1.1,0.18080087373535644,-inf,8,2026-01-16T17:30:00.000000,False,26986
vsp-setup-63e6b3379a040a094315,2026-01-16 06:00:00+00:00,buy,2026-01-16 19:10:00+00:00,42486.88575,42057.05580892857,43189.1975,43247.5965,FILLED,2026-01-16 19:10:00+00:00,2026-01-16T20:35:00.000000,STOP,-1.0,42.98299410714317,0.2770526571022092,0.1,-1.0,-1.05,-1.1,0.3329934383891963,-inf,18,2026-01-16T20:35:00.000000,False,27013
vsp-setup-9cb1bc8ae9fb09232208,2026-01-16 06:00:00+00:00,buy,2026-01-16 21:25:00+00:00,42343.2345,41920.44295928572,43043.1983,43073.6314,FILLED,2026-01-16 21:25:00+00:00,2026-01-17T04:35:00.000000,STOP,-1.0,42.27915407142791,0.2657196229284418,0.1,-1.0,-1.05,-1.1,0.8720330576556219,-inf,87,2026-01-17T04:35:00.000000,False,27040
vsp-setup-fbb4533b136b39676747,2026-01-16 06:00:00+00:00,buy,2026-01-16 21:35:00+00:00,42535.95359999999,41920.38526214286,43517.7746,43583.8701,FILLED,2026-01-16 21:35:00+00:00,2026-01-17T04:35:00.000000,STOP,-1.0,61.556833785713394,0.38074177113407487,0.1,-1.0,-1.05,-1.1,0.2735975677148829,-inf,85,2026-01-17T04:35:00.000000,False,27042
vsp-setup-a01adbe1f257732c4b4e,2026-01-16 06:00:00+00:00,buy,2026-01-16 22:55:00+00:00,42578.5586,42336.885441428574,42951.9831,43043.1983,FILLED,2026-01-16 22:55:00+00:00,2026-01-16T23:10:00.000000,STOP,-1.0,24.167315857142242,0.1640089394266261,0.1,-1.0,-1.05,-1.1,0.09931305628593572,-inf,4,2026-01-16T23:10:00.000000,False,27058
vsp-setup-1cea5ee3791d25897ac9,2026-01-16 06:00:00+00:00,buy,2026-01-17 00:50:00+00:00,42281.87055,42066.44645821429,42704.3716,42711.9227,FILLED,2026-01-17 00:50:00+00:00,2026-01-17T01:10:00.000000,STOP,-1.0,21.542409178570963,0.1545248773574155,0.1,-1.0,-1.05,-1.1,0.20810648255903236,-inf,5,2026-01-17T01:10:00.000000,False,27081
vsp-setup-7d9807ed1b1660a27f3a,2026-01-16 06:00:00+00:00,buy,2026-01-17 03:10:00+00:00,42179.4553,41999.95760071428,42704.3716,42711.9227,FILLED,2026-01-17 03:10:00+00:00,2026-01-17T04:30:00.000000,STOP,-1.0,17.949769928571914,0.14515522710788453,0.1,-1.0,-1.05,-1.1,1.8509134173979551,-inf,17,2026-01-17T04:30:00.000000,False,27109
vsp-setup-51d3cb19131aacd937c2,2026-01-16 06:00:00+00:00,buy,2026-01-17 03:15:00+00:00,42270.8899,42000.08036928571,42704.3716,42711.9227,FILLED,2026-01-17 03:15:00+00:00,2026-01-17T04:30:00.000000,STOP,-1.0,27.080953071429395,0.21344427725206688,0.1,-1.0,-1.05,-1.1,0.8891862090852566,-inf,16,2026-01-17T04:30:00.000000,False,27110
vsp-setup-dd1b2314ef11052d421a,2026-01-16 06:00:00+00:00,buy,2026-01-17 03:35:00+00:00,42353.4868,42050.20336678571,42951.9831,43043.1983,FILLED,2026-01-17 03:35:00+00:00,2026-01-17T04:30:00.000000,STOP,-1.0,30.32834332142884,0.23019612928207053,0.1,-1.0,-1.05,-1.1,0.27897138694094264,-inf,12,2026-01-17T04:30:00.000000,False,27114
vsp-setup-6320ef774b350f5ba8ac,2026-01-17 06:00:00+00:00,sell,2026-01-17 06:05:00+00:00,41445.5704,42205.75553107143,40169.6208,39918.3995,FILLED,2026-01-17 06:05:00+00:00,2026-01-17T10:05:00.000000,TP1,1.6784721876914748,76.01851310714338,0.4882318372671872,0.1,1.6784721876914748,1.6284721876914747,1.5784721876914747,1.7171393475694454,-inf,49,2026-01-17T10:05:00.000000,False,27144
vsp-setup-0e2527a732d6f3f1eaa1,2026-01-17 08:00:00+00:00,sell,2026-01-17 08:20:00+00:00,40859.27695,41807.73951392857,39393.3632,39256.0829,FILLED,2026-01-17 08:20:00+00:00,2026-01-17T12:40:00.000000,TP1,1.5455683816640282,94.84625639285733,0.6430146619327973,0.1,1.5455683816640282,1.4955683816640282,1.4455683816640281,1.6369902292916707,-inf,53,2026-01-17T12:40:00.000000,False,27171
vsp-setup-492e75bf78b47470cd04,2026-01-17 19:00:00+00:00,sell,2026-01-18 06:15:00+00:00,37637.56655,37962.65066571429,37142.7303,37039.0675,FILLED,2026-01-18 06:15:00+00:00,2026-01-18T07:30:00.000000,TP1,1.5221791102057671,32.50841157142859,0.25882009032019165,0.1,1.5221791102057671,1.472179110205767,1.422179110205767,1.7245710353093373,-inf,16,2026-01-18T07:30:00.000000,False,27434
vsp-setup-b513bddb67881947e3b3,2026-01-17 19:00:00+00:00,sell,2026-01-18 12:20:00+00:00,37922.518500000006,38158.83165571428,37533.5894,37514.9353,FILLED,2026-01-18 12:20:00+00:00,2026-01-18T14:10:00.000000,TP1,1.6458207704282761,23.631315571427695,0.17968281736009653,0.1,1.6458207704282761,1.595820770428276,1.545820770428276,1.8984567263891021,-inf,23,2026-01-18T14:10:00.000000,False,27507
vsp-setup-d5f695471a2e09303c38,2026-01-17 19:00:00+00:00,sell,2026-01-18 12:30:00+00:00,37910.497,38158.93875142857,37533.5894,37514.9353,FILLED,2026-01-18 12:30:00+00:00,2026-01-18T14:10:00.000000,TP1,1.5170863908048726,24.844175142856695,0.19184063753457836,0.1,1.5170863908048726,1.4670863908048726,1.4170863908048725,1.7573889955671862,-inf,21,2026-01-18T14:10:00.000000,False,27509
vsp-setup-df81299cd7827cbfadb4,2026-01-17 19:00:00+00:00,sell,2026-01-18 12:50:00+00:00,37774.874800000005,38057.28463357143,37076.9359,37039.0675,FILLED,2026-01-18 12:50:00+00:00,2026-01-18T17:20:00.000000,TP1,2.4713689717305716,28.24098335714225,0.22897555769874514,0.1,2.4713689717305716,2.4213689717305718,2.3713689717305715,2.5517826022079655,-inf,55,2026-01-18T17:20:00.000000,False,27513
vsp-setup-018c10daf7de91c5184b,2026-01-17 19:00:00+00:00,sell,2026-01-18 13:00:00+00:00,37726.29555,38057.83409285714,37076.9359,37039.0675,FILLED,2026-01-18 13:00:00+00:00,2026-01-18T17:20:00.000000,TP1,1.9586249140264123,33.1538542857139,0.24428690358636104,0.1,1.9586249140264123,1.9086249140264122,1.8586249140264122,2.027122530636196,-inf,53,2026-01-18T17:20:00.000000,False,27515
vsp-setup-f3fcd510fc571dbf426e,2026-01-17 19:00:00+00:00,sell,2026-01-18 14:20:00+00:00,37588.43675,37851.745232500005,37076.9359,37039.0675,FILLED,2026-01-18 14:20:00+00:00,2026-01-18T17:20:00.000000,TP1,1.9425916140016335,26.330848250000418,0.2362832332699077,0.1,1.9425916140016335,1.8925916140016334,1.8425916140016334,2.028838740506547,-inf,37,2026-01-18T17:20:00.000000,False,27531
vsp-setup-dfd9a9000e5b3ccdbab2,2026-01-18 22:00:00+00:00,buy,2026-01-18 22:35:00+00:00,37750.769,36866.98746714286,39219.1905,40571.9261,FILLED,2026-01-18 22:35:00+00:00,2026-01-19T11:45:00.000000,TP1,1.661520913718125,88.37815328571378,0.7268821086577841,0.1,1.661520913718125,1.611520913718125,1.561520913718125,1.6721612129893735,-inf,159,2026-01-19T11:45:00.000000,False,27630
vsp-setup-d372a8273d54568452e5,2026-01-18 23:00:00+00:00,buy,2026-01-19 00:35:00+00:00,38179.9564,37678.75607214285,39219.1905,40571.9261,FILLED,2026-01-19 00:35:00+00:00,2026-01-19T11:45:00.000000,TP1,2.0734904632707902,50.12003278571501,0.42474015281508193,0.1,2.0734904632707902,2.0234904632707904,1.9734904632707901,2.092252821308758,-inf,135,2026-01-19T11:45:00.000000,False,27654
vsp-setup-bd2778cd5616e347d399,2026-01-19 04:00:00+00:00,buy,2026-01-19 04:20:00+00:00,38918.79925,38336.33690892857,42511.69,42704.3716,FILLED,2026-01-19 04:20:00+00:00,2026-01-19T05:00:00.000000,STOP,-1.0,58.24623410714267,0.4372783182695353,0.1,-1.0,-1.05,-1.1,-0.37992524906062053,-inf,9,2026-01-19T05:00:00.000000,False,27699
vsp-setup-2d8c164f1dad36d78473,2026-01-19 04:00:00+00:00,buy,2026-01-19 06:20:00+00:00,38250.1399,37831.11686821429,39016.0804,39103.659,FILLED,2026-01-19 06:20:00+00:00,2026-01-19T10:55:00.000000,TP1,1.8279198084550548,41.902303178571316,0.27628884156327355,0.1,1.8279198084550548,1.7779198084550547,1.7279198084550547,1.8510338123768193,-inf,56,2026-01-19T10:55:00.000000,False,27723
vsp-setup-12f209f66a3dd52485ec,2026-01-19 04:00:00+00:00,buy,2026-01-19 07:35:00+00:00,38318.06715,38085.76605714286,38697.5071,39016.0804,FILLED,2026-01-19 07:35:00+00:00,2026-01-19T07:50:00.000000,TP1,1.6333971800698233,23.230109285714573,0.19114510732363757,0.1,1.6333971800698233,1.5833971800698232,1.5333971800698232,1.633494037125993,-inf,4,2026-01-19T07:50:00.000000,False,27738
vsp-setup-380be942ff12b16d2df1,2026-01-19 04:00:00+00:00,buy,2026-01-19 08:00:00+00:00,38578.59655,38127.99905571429,42511.69,42704.3716,FILLED,2026-01-19 08:00:00+00:00,2026-01-19T20:05:00.000000,STOP,-1.0,45.05974942857138,0.36546189324263784,0.1,-1.0,-1.05,-1.1,2.496942535784689,-inf,146,2026-01-19T20:05:00.000000,False,27743
vsp-setup-d9e1c7d211d7d8b4468d,2026-01-19 04:00:00+00:00,buy,2026-01-19 09:45:00+00:00,38747.0773,38353.57106607143,42511.69,42704.3716,FILLED,2026-01-19 09:45:00+00:00,2026-01-19T18:15:00.000000,STOP,-1.0,39.350623392856505,0.261118340189571,0.1,-1.0,-1.05,-1.1,2.431055006294167,-inf,103,2026-01-19T18:15:00.000000,False,27764
vsp-setup-754f2491b8852b4c972e,2026-01-19 11:00:00+00:00,buy,2026-01-19 19:35:00+00:00,38538.063,38235.150905,39056.4398,39102.6791,FILLED,2026-01-19 19:35:00+00:00,2026-01-19T20:00:00.000000,STOP,-1.0,30.29120949999997,0.21832793764738065,0.1,-1.0,-1.05,-1.1,0.5588324229839667,-inf,6,2026-01-19T20:00:00.000000,False,27882
vsp-setup-5e4df7340626bdf7d1e5,2026-01-19 11:00:00+00:00,buy,2026-01-19 19:45:00+00:00,38652.97365,38235.40992035714,39703.7126,40571.9261,FILLED,2026-01-19 19:45:00+00:00,2026-01-19T20:00:00.000000,STOP,-1.0,41.75637296428613,0.31301608796353914,0.1,-1.0,-1.05,-1.1,0.017089487169076732,-inf,4,2026-01-19T20:00:00.000000,False,27884
vsp-setup-6bd58af362ea7bff0077,2026-01-19 11:00:00+00:00,buy,2026-01-19 21:25:00+00:00,38365.95505,38091.05569,39056.4398,39102.6791,FILLED,2026-01-19 21:25:00+00:00,2026-01-19T22:15:00.000000,STOP,-1.0,27.48993599999958,0.2102289313505259,0.1,-1.0,-1.05,-1.1,0.6008942690881748,-inf,11,2026-01-19T22:15:00.000000,False,27904
vsp-setup-0f3911a73de5fa6e7c97,2026-01-19 11:00:00+00:00,buy,2026-01-20 00:05:00+00:00,38317.08765,38032.183005,39056.4398,39102.6791,FILLED,2026-01-20 00:05:00+00:00,2026-01-20T03:15:00.000000,STOP,-1.0,28.490464500000236,0.20822956593410505,0.1,-1.0,-1.05,-1.1,1.6273169221231665,-inf,39,2026-01-20T03:15:00.000000,False,27936
vsp-setup-63c157ef5f9572c3011c,2026-01-19 11:00:00+00:00,buy,2026-01-20 00:20:00+00:00,38389.3498,38040.83883107143,39056.4398,39102.6791,FILLED,2026-01-20 00:20:00+00:00,2026-01-20T02:40:00.000000,STOP,-1.0,34.85109689285746,0.24782440814293571,0.1,-1.0,-1.05,-1.1,1.1229718284138244,-inf,29,2026-01-20T02:40:00.000000,False,27939
vsp-setup-dd5ded1ebe5a0bd3a8fd,2026-01-19 11:00:00+00:00,buy,2026-01-20 00:40:00+00:00,38600.8541,38040.42651321429,39703.7126,40571.9261,FILLED,2026-01-20 00:40:00+00:00,2026-01-20T02:40:00.000000,STOP,-1.0,56.042758678570685,0.37801519391524313,0.1,-1.0,-1.05,-1.1,0.2451149858412082,-inf,25,2026-01-20T02:40:00.000000,False,27943
vsp-setup-82c870c56989812642d0,2026-01-20 04:00:00+00:00,buy,2026-01-20 05:50:00+00:00,39134.8166,38799.11965642857,39703.7126,40571.9261,FILLED,2026-01-20 05:50:00+00:00,2026-01-20T05:50:00.000000,STOP,-1.0,33.56969435714273,0.2581460666998177,0.1,-1.0,-1.05,-1.1,-0.7026307641964342,-inf,1,2026-01-20T05:50:00.000000,False,28005
vsp-setup-0d24c6b9675627a68cf2,2026-01-20 07:00:00+00:00,buy,2026-01-20 08:10:00+00:00,38863.30935,38179.30591035714,42511.69,42711.9227,FILLED,2026-01-20 08:10:00+00:00,2026-01-20T09:15:00.000000,STOP,-1.0,68.40034396428601,0.45660975801998105,0.1,-1.0,-1.05,-1.1,0.05154952147376266,-inf,14,2026-01-20T09:15:00.000000,False,28033
vsp-setup-01c082f6af38a19640e8,2026-01-20 04:00:00+00:00,buy,2026-01-20 10:55:00+00:00,38170.0716,37858.90457285714,38989.9329,39268.0333,FILLED,2026-01-20 10:55:00+00:00,2026-01-20T13:05:00.000000,STOP,-1.0,31.11670271428666,0.22034346531064486,0.1,-1.0,-1.05,-1.1,0.6242650507786941,-inf,27,2026-01-20T13:05:00.000000,False,28066
vsp-setup-105356f69349a2f4065c,2026-01-20 07:00:00+00:00,buy,2026-01-20 11:20:00+00:00,38170.0716,37859.29327428572,38989.9329,39268.0333,FILLED,2026-01-20 11:20:00+00:00,2026-01-20T13:05:00.000000,STOP,-1.0,31.077832571428008,0.2495499310753136,0.1,-1.0,-1.05,-1.1,0.5917494393385344,-inf,22,2026-01-20T13:05:00.000000,False,28071
vsp-setup-23e2e3ac92b76b9fe353,2026-01-20 07:00:00+00:00,buy,2026-01-20 11:30:00+00:00,38295.92975,37837.65210535714,38989.9329,39268.0333,FILLED,2026-01-20 11:30:00+00:00,2026-01-20T13:10:00.000000,STOP,-1.0,45.82776446428616,0.3635175717890441,0.1,-1.0,-1.05,-1.1,0.12665848024340848,-inf,21,2026-01-20T13:10:00.000000,False,28073
vsp-setup-4e8a2f92975cc9cec175,2026-01-21 04:00:00+00:00,sell,2026-01-21 13:30:00+00:00,34127.2038,34427.75528035714,33650.5074,33552.933,FILLED,2026-01-21 13:30:00+00:00,2026-01-21T14:50:00.000000,STOP,-1.0,30.0551480357135,0.2537332086573102,0.1,-1.0,-1.05,-1.1,0.4032267612057445,-inf,17,2026-01-21T14:50:00.000000,False,28385
vsp-setup-e55f76d6af1d91d6db13,2026-01-21 04:00:00+00:00,sell,2026-01-21 15:40:00+00:00,34210.33585,34487.13961678572,33650.5074,33552.933,FILLED,2026-01-21 15:40:00+00:00,2026-01-21T18:45:00.000000,TP1,2.022474103227757,27.68037667857134,0.2311476897445186,0.1,2.022474103227757,1.9724741032277568,1.9224741032277568,2.0487349452835386,-inf,38,2026-01-21T18:45:00.000000,False,28411
vsp-setup-6f0614e961eab6a4f155,2026-01-22 01:00:00+00:00,sell,2026-01-22 13:00:00+00:00,32865.63445,33139.93206428571,32420.5765,32377.4648,FILLED,2026-01-22 13:00:00+00:00,2026-01-22T16:20:00.000000,TP1,1.622536714943555,27.42976142857151,0.2616963374733173,0.1,1.622536714943555,1.572536714943555,1.522536714943555,1.664764934937968,-inf,41,2026-01-22T16:20:00.000000,False,28667
vsp-setup-f77e175bce1dcd9f9c31,2026-01-22 01:00:00+00:00,sell,2026-01-22 15:10:00+00:00,32867.45195,33089.13866821429,32511.4185,32420.5765,FILLED,2026-01-22 15:10:00+00:00,2026-01-22T15:25:00.000000,STOP,-1.0,22.168671821428873,0.17932696156176928,0.1,-1.0,-1.05,-1.1,0.11672395265011351,-inf,4,2026-01-22T15:25:00.000000,False,28693
vsp-setup-9a009303c9f54569fe98,2026-01-23 00:00:00+00:00,sell,2026-01-23 00:35:00+00:00,32044.74565,32365.303218214285,31473.953,,FILLED,2026-01-23 00:35:00+00:00,2026-01-23T05:40:00.000000,TP1,1.780624469981128,32.05575682142844,0.2924199399014553,0.1,1.780624469981128,1.730624469981128,1.680624469981128,1.8159909723636922,-inf,62,2026-01-23T05:40:00.000000,False,28806
vsp-setup-a527ecbe97d8e16b0b3f,2026-01-23 21:00:00+00:00,sell,2026-01-23 23:25:00+00:00,29169.4062,29297.975547857142,28797.9983,28753.3622,FILLED,2026-01-23 23:25:00+00:00,2026-01-24T00:50:00.000000,STOP,-1.0,12.856934785714111,0.1303716521375956,0.1,-1.0,-1.05,-1.1,1.194440996703489,-inf,18,2026-01-24T00:50:00.000000,False,29080
vsp-setup-70cc7379df583d33c2dd,2026-01-23 21:00:00+00:00,sell,2026-01-24 00:35:00+00:00,29101.76655,29237.975007142857,28797.9983,28753.3622,FILLED,2026-01-24 00:35:00+00:00,2026-01-24T00:50:00.000000,STOP,-1.0,13.620845714285679,0.12600218144416517,0.1,-1.0,-1.05,-1.1,-0.1102960147639132,-inf,4,2026-01-24T00:50:00.000000,False,29094
vsp-setup-8d9aaeeaf9d58659aba4,2026-01-24 01:00:00+00:00,buy,2026-01-24 01:05:00+00:00,29265.8191,29014.8417725,29692.1896,29998.4037,FILLED,2026-01-24 01:05:00+00:00,2026-01-24T02:45:00.000000,TP1,1.6988407050433658,25.09773275000007,0.2423796202960301,0.1,1.6988407050433658,1.6488407050433658,1.5988407050433657,1.7476654340420428,-inf,21,2026-01-24T02:45:00.000000,False,29100
vsp-setup-8a55c72046655eaaf07e,2026-01-24 01:00:00+00:00,buy,2026-01-24 01:20:00+00:00,29461.07835,29015.076992857143,30229.7416,30459.0866,FILLED,2026-01-24 01:20:00+00:00,2026-01-24T10:15:00.000000,TP1,1.7234549574560902,44.60013571428572,0.43634312034556905,0.1,1.7234549574560902,1.6734549574560902,1.6234549574560901,1.8912028775056617,-inf,108,2026-01-24T10:15:00.000000,False,29103
vsp-setup-f873aa8a4480a4897353,2026-01-24 01:00:00+00:00,buy,2026-01-24 02:05:00+00:00,29551.40375,29014.890937142856,30459.0866,30622.8795,FILLED,2026-01-24 02:05:00+00:00,2026-01-24T10:25:00.000000,TP1,1.69181952089126,53.651281285714504,0.5031950804761308,0.1,1.69181952089126,1.64181952089126,1.59181952089126,1.7318839881041308,-inf,101,2026-01-24T10:25:00.000000,False,29112
vsp-setup-a1cb94bce59acdf97cf3,2026-01-24 05:00:00+00:00,buy,2026-01-24 06:00:00+00:00,30128.7158,29635.062184285714,31021.4157,31078.4869,FILLED,2026-01-24 06:00:00+00:00,2026-01-24T08:45:00.000000,STOP,-1.0,49.365361571428735,0.48213879811437826,0.1,-1.0,-1.05,-1.1,-0.1524457587353265,-inf,34,2026-01-24T08:45:00.000000,False,29159
vsp-setup-2e266a8a326f1ee8ddcf,2026-01-24 05:00:00+00:00,buy,2026-01-24 09:40:00+00:00,29713.48075,29495.446182857144,30053.4604,30162.9327,FILLED,2026-01-24 09:40:00+00:00,2026-01-24T10:05:00.000000,TP1,1.5592924298891033,21.803456714285495,0.23649990539953647,0.1,1.5592924298891033,1.5092924298891033,1.4592924298891032,1.8973672634621848,-inf,6,2026-01-24T10:05:00.000000,False,29203
vsp-setup-1257b7410ba9743378f3,2026-01-24 11:00:00+00:00,buy,2026-01-24 11:45:00+00:00,30421.37875,29494.64239642857,32359.9637,32422.0876,FILLED,2026-01-24 11:45:00+00:00,2026-01-25T04:40:00.000000,STOP,-1.0,92.67363535714286,0.925040028382242,0.1,-1.0,-1.05,-1.1,0.9940955121158869,-inf,204,2026-01-25T04:40:00.000000,False,29228
vsp-setup-15a3ac54053866a84642,2026-01-24 11:00:00+00:00,buy,2026-01-24 12:50:00+00:00,30354.9259,30211.422258214287,30668.6128,31078.4869,FILLED,2026-01-24 12:50:00+00:00,2026-01-24T13:25:00.000000,TP1,2.1859159537457353,14.350364178571182,0.13480885575751145,0.1,2.1859159537457353,2.1359159537457355,2.0859159537457352,2.4896908228539183,-inf,8,2026-01-24T13:25:00.000000,False,29241
vsp-setup-04f8fcfacdb2419aa663,2026-01-24 13:00:00+00:00,buy,2026-01-24 13:05:00+00:00,30354.9259,30211.569214285715,30668.6128,31078.4869,FILLED,2026-01-24 13:05:00+00:00,2026-01-24T13:25:00.000000,TP1,2.1881567534645274,14.335668571428323,0.1403635139862486,0.1,2.1881567534645274,2.1381567534645276,2.0881567534645273,2.4922430245916707,-inf,5,2026-01-24T13:25:00.000000,False,29244
vsp-setup-214f2c808a9785709331,2026-01-25 05:00:00+00:00,sell,2026-01-25 09:25:00+00:00,29639.348,30181.856063214287,28753.3622,,FILLED,2026-01-25 09:25:00+00:00,2026-01-25T21:35:00.000000,TP1,1.6331292750759476,54.25080632142854,0.5193330484964412,0.1,1.6331292750759476,1.5831292750759476,1.5331292750759475,1.6875419225582766,-inf,147,2026-01-25T21:35:00.000000,False,29488
vsp-setup-1011452aad80ab1564e5,2026-01-25 05:00:00+00:00,sell,2026-01-25 09:40:00+00:00,29669.2453,30181.97577928572,28753.3622,,FILLED,2026-01-25 09:40:00+00:00,2026-01-25T21:35:00.000000,TP1,1.786285654942739,51.273047928572126,0.4839766324475453,0.1,1.786285654942739,1.736285654942739,1.686285654942739,1.8438583977239424,-inf,144,2026-01-25T21:35:00.000000,False,29491
vsp-setup-d4a35ed39ef4e84b55a8,2026-01-25 05:00:00+00:00,sell,2026-01-25 09:55:00+00:00,29600.7084,29748.15442678572,29371.078,29237.7344,FILLED,2026-01-25 09:55:00+00:00,2026-01-25T10:50:00.000000,STOP,-1.0,14.74460267857212,0.13658362838036528,0.1,-1.0,-1.05,-1.1,0.6785839007069653,-inf,12,2026-01-25T10:50:00.000000,False,29494
vsp-setup-2b8d39744435eb3abe66,2026-01-25 05:00:00+00:00,sell,2026-01-25 13:20:00+00:00,29863.8064,30071.102609285717,29500.6539,29371.078,FILLED,2026-01-25 13:20:00+00:00,2026-01-25T17:55:00.000000,TP1,1.7518530669293022,20.729620928571606,0.203099676722557,0.1,1.7518530669293022,1.7018530669293022,1.6518530669293021,2.197001583238229,-inf,56,2026-01-25T17:55:00.000000,False,29535
vsp-setup-351d5cee33d1323a5727,2026-01-25 05:00:00+00:00,sell,2026-01-25 13:30:00+00:00,29815.6119,30071.07151071429,29371.078,29237.7344,FILLED,2026-01-25 13:30:00+00:00,2026-01-25T18:00:00.000000,TP1,1.7401337877132077,25.545961071428977,0.25092820578665037,0.1,1.7401337877132077,1.6901337877132077,1.6401337877132076,1.7446315632981173,-inf,55,2026-01-25T18:00:00.000000,False,29537
vsp-setup-ec8dc6fea43a65caa2dc,2026-01-25 05:00:00+00:00,sell,2026-01-25 14:00:00+00:00,29675.28995,30071.155254642857,28753.3622,,FILLED,2026-01-25 14:00:00+00:00,2026-01-25T21:35:00.000000,TP1,2.3288925278049866,39.5865304642859,0.37847533616822554,0.1,2.3288925278049866,2.2788925278049867,2.2288925278049865,2.4034615785749995,-inf,92,2026-01-25T21:35:00.000000,False,29543
vsp-setup-6452f7807d9124a847b3,2026-01-25 05:00:00+00:00,sell,2026-01-25 16:00:00+00:00,29568.93705,29818.790436785715,28753.3622,,FILLED,2026-01-25 16:00:00+00:00,2026-01-25T21:35:00.000000,TP1,3.2642137074550566,24.985338678571498,0.241753521392018,0.1,3.2642137074550566,3.2142137074550567,3.1642137074550565,3.3823601948001207,-inf,68,2026-01-25T21:35:00.000000,False,29567
vsp-setup-69d303d06adf8f3e355f,2026-01-25 05:00:00+00:00,sell,2026-01-25 16:10:00+00:00,29693.05325,29818.662077142857,29504.073,29500.6539,FILLED,2026-01-25 16:10:00+00:00,2026-01-25T17:55:00.000000,TP1,1.5045140878918597,12.560882714285619,0.11118427910148507,0.1,1.5045140878918597,1.4545140878918597,1.4045140878918596,2.266376945596626,-inf,22,2026-01-25T17:55:00.000000,False,29569
vsp-setup-2c20591bf8ab17c0222a,2026-01-25 05:00:00+00:00,sell,2026-01-25 17:00:00+00:00,29618.9488,29789.38981107143,29237.7344,29020.0398,FILLED,2026-01-25 17:00:00+00:00,2026-01-25T18:50:00.000000,TP1,2.2366354060187588,17.04410110714307,0.16438120367170406,0.1,2.2366354060187588,2.186635406018759,2.1366354060187587,2.3824049003665118,-inf,23,2026-01-25T18:50:00.000000,False,29579
vsp-setup-77b0477301d386338919,2026-01-26 03:00:00+00:00,sell,2026-01-26 07:40:00+00:00,28341.7409,28548.671089285715,27881.4536,,FILLED,2026-01-26 07:40:00+00:00,2026-01-26T08:20:00.000000,STOP,-1.0,20.693018928571476,0.20878685623144788,0.1,-1.0,-1.05,-1.1,0.541251135886021,-inf,9,2026-01-26T08:20:00.000000,False,29755
vsp-setup-7db475c0c9fba2406b76,2026-01-26 03:00:00+00:00,sell,2026-01-26 11:50:00+00:00,28309.86465,28517.41750607143,27881.4536,,FILLED,2026-01-26 11:50:00+00:00,2026-01-26T13:35:00.000000,TP1,2.064105780614069,20.755285607143016,0.24327230232629113,0.1,2.064105780614069,2.014105780614069,1.964105780614069,2.1038262651019464,-inf,22,2026-01-26T13:35:00.000000,False,29805
vsp-setup-0e71c2c957385e3906ff,2026-01-26 04:00:00+00:00,sell,2026-01-26 12:05:00+00:00,28309.86465,28517.284697500003,27881.4536,,FILLED,2026-01-26 12:05:00+00:00,2026-01-26T13:35:00.000000,TP1,2.06542740281646,20.742004750000344,0.25883734693296034,0.1,2.06542740281646,2.01542740281646,1.9654274028164598,2.105173319854685,-inf,19,2026-01-26T13:35:00.000000,False,29808
vsp-setup-5284b7c9337fbe0df63f,2026-01-26 17:00:00+00:00,buy,2026-01-26 18:35:00+00:00,28673.22625,28328.45009392857,29214.359,29394.982,FILLED,2026-01-26 18:35:00+00:00,2026-01-26T20:15:00.000000,STOP,-1.0,34.4776156071428,0.36815811460293396,0.1,-1.0,-1.05,-1.1,0.0484202567550547,-inf,21,2026-01-26T20:15:00.000000,False,29886
vsp-setup-8658caa4889e2237521f,2026-01-26 17:00:00+00:00,buy,2026-01-27 00:05:00+00:00,27842.19405,27658.796926071427,28224.8788,28265.1372,FILLED,2026-01-27 00:05:00+00:00,2026-01-27T01:30:00.000000,STOP,-1.0,18.33971239285711,0.17637059501074032,0.1,-1.0,-1.05,-1.1,1.227338494619303,-inf,18,2026-01-27T01:30:00.000000,False,29952
vsp-setup-ecc3c3be3a0ab6c7b6c0,2026-01-26 17:00:00+00:00,buy,2026-01-27 00:15:00+00:00,27939.0708,27796.3068325,28224.8788,28265.1372,FILLED,2026-01-27 00:15:00+00:00,2026-01-27T00:55:00.000000,STOP,-1.0,14.276396750000277,0.14812282927907505,0.1,-1.0,-1.05,-1.1,0.8039087313820736,-inf,9,2026-01-27T00:55:00.000000,False,29954
vsp-setup-472a972fc309adeb2721,2026-01-26 17:00:00+00:00,buy,2026-01-27 03:55:00+00:00,27693.93315,27420.69908571429,28224.8788,28265.1372,FILLED,2026-01-27 03:55:00+00:00,2026-01-27T08:00:00.000000,STOP,-1.0,27.323406428571253,0.2817392904837789,0.1,-1.0,-1.05,-1.1,0.8652722368934925,-inf,50,2026-01-27T08:00:00.000000,False,29998
vsp-setup-27f18415d84672e049a0,2026-01-26 17:00:00+00:00,buy,2026-01-27 04:20:00+00:00,27749.53405,27420.316575714285,28265.1372,28543.1053,FILLED,2026-01-27 04:20:00+00:00,2026-01-27T08:00:00.000000,STOP,-1.0,32.92174742857133,0.3115786297122273,0.1,-1.0,-1.05,-1.1,0.5492446911948382,-inf,45,2026-01-27T08:00:00.000000,False,30003
vsp-setup-fbfd696d2bbd08e6c65d,2026-01-26 17:00:00+00:00,buy,2026-01-27 05:30:00+00:00,27847.801,27421.30361392857,28543.1053,28641.762,FILLED,2026-01-27 05:30:00+00:00,2026-01-27T08:00:00.000000,STOP,-1.0,42.649738607143085,0.4883118801095823,0.1,-1.0,-1.05,-1.1,0.19356273378466554,-inf,31,2026-01-27T08:00:00.000000,False,30017
vsp-setup-ef50ff7ba67724dc273b,2026-01-26 17:00:00+00:00,buy,2026-01-27 05:50:00+00:00,27872.9785,27649.274405,28224.8788,28265.1372,FILLED,2026-01-27 05:50:00+00:00,2026-01-27T06:20:00.000000,STOP,-1.0,22.370409500000097,0.24931299121553768,0.1,-1.0,-1.05,-1.1,-0.11388258225671853,-inf,7,2026-01-27T06:20:00.000000,False,30021
vsp-setup-fb0e9dff3f52f0fc41dd,2026-01-27 08:00:00+00:00,sell,2026-01-27 11:25:00+00:00,27347.3348,27458.34070714286,27100.1878,27080.0887,FILLED,2026-01-27 11:25:00+00:00,2026-01-27T11:30:00.000000,STOP,-1.0,11.100590714285865,0.13363017315364792,0.1,-1.0,-1.05,-1.1,0.3358244706024962,-inf,2,2026-01-27T11:30:00.000000,False,30088
vsp-setup-880dd71bf5ef45789fec,2026-01-28 06:00:00+00:00,sell,2026-01-28 07:40:00+00:00,24824.36945,25031.130224285716,24377.9772,,FILLED,2026-01-28 07:40:00+00:00,2026-01-28T08:15:00.000000,STOP,-1.0,20.67607742857181,0.19674627639097436,0.1,-1.0,-1.05,-1.1,0.0750043138190669,-inf,8,2026-01-28T08:15:00.000000,False,30331
vsp-setup-42ee6499be40a3aad227,2026-01-28 20:00:00+00:00,buy,2026-01-28 20:35:00+00:00,26300.43945,26013.17214392857,27530.0816,27673.7613,FILLED,2026-01-28 20:35:00+00:00,2026-01-29T12:40:00.000000,STOP,-1.0,28.726730607143327,0.28794760285085436,0.1,-1.0,-1.05,-1.1,3.0320716336004048,-inf,194,2026-01-29T12:40:00.000000,False,30486
vsp-setup-d5f9c32c1067e634b104,2026-01-28 22:00:00+00:00,buy,2026-01-29 02:25:00+00:00,26900.38975,26707.865958571427,27530.0816,27673.7613,FILLED,2026-01-29 02:25:00+00:00,2026-01-29T08:05:00.000000,STOP,-1.0,19.252379142857173,0.22458065932066246,0.1,-1.0,-1.05,-1.1,1.4079545597384995,-inf,69,2026-01-29T08:05:00.000000,False,30556
vsp-setup-5cb2400ea04d1839c257,2026-01-29 06:00:00+00:00,buy,2026-01-29 07:15:00+00:00,27082.91175,26901.133696785717,27530.0816,27673.7613,FILLED,2026-01-29 07:15:00+00:00,2026-01-29T07:15:00.000000,STOP,-1.0,18.17780532142824,0.21206375688485848,0.1,-1.0,-1.05,-1.1,-0.6064128647590753,-inf,1,2026-01-29T07:15:00.000000,False,30614
vsp-setup-f96e9d95c69813ca1505,2026-01-29 13:00:00+00:00,sell,2026-01-29 13:40:00+00:00,26100.8345,26395.359952857143,24377.9772,,FILLED,2026-01-29 13:40:00+00:00,2026-01-29T14:00:00.000000,STOP,-1.0,29.452545285714223,0.32870418438623084,0.1,-1.0,-1.05,-1.1,-0.4270880454634697,-inf,5,2026-01-29T14:00:00.000000,False,30691
vsp-setup-4659b4d1dbcc7b9f355a,2026-01-29 13:00:00+00:00,sell,2026-01-29 14:55:00+00:00,26304.735500000003,26455.14885857143,25990.769,25987.1332,FILLED,2026-01-29 14:55:00+00:00,2026-01-29T15:20:00.000000,TP1,2.087357818360995,15.041335857142622,0.1821103868334511,0.1,2.087357818360995,2.037357818360995,1.9873578183609948,2.141960016450326,-inf,6,2026-01-29T15:20:00.000000,False,30706
vsp-setup-2080c2ffed7aba3793c3,2026-01-30 04:00:00+00:00,buy,2026-01-30 07:35:00+00:00,26781.2071,26557.84941857143,27169.7955,27171.4545,FILLED,2026-01-30 07:35:00+00:00,2026-01-30T09:30:00.000000,TP1,1.7397583889420516,22.335768142856978,0.2507283725851485,0.1,1.7397583889420516,1.6897583889420515,1.6397583889420515,1.8687138822824934,-inf,24,2026-01-30T09:30:00.000000,False,30906
vsp-setup-cd1e68061989641b1878,2026-01-30 09:00:00+00:00,buy,2026-01-30 10:10:00+00:00,27228.38035,26831.380517142858,27930.355,28945.6596,FILLED,2026-01-30 10:10:00+00:00,2026-01-30T10:55:00.000000,STOP,-1.0,39.69998328571419,0.4125062675670542,0.1,-1.0,-1.05,-1.1,-0.3109738085064235,-inf,10,2026-01-30T10:55:00.000000,False,30937
vsp-setup-7c60bc737d3e377e7394,2026-01-30 09:00:00+00:00,buy,2026-01-30 12:20:00+00:00,26953.67735,26839.018868214287,27365.6321,27530.0816,FILLED,2026-01-30 12:20:00+00:00,2026-01-30T12:20:00.000000,STOP,-1.0,11.46584817857147,0.13478222915549384,0.1,-1.0,-1.05,-1.1,-0.4443504676367402,-inf,1,2026-01-30T12:20:00.000000,False,30963
vsp-setup-378e3a6af2f3131c88e4,2026-01-30 09:00:00+00:00,buy,2026-01-30 15:00:00+00:00,26903.041,26653.8633475,27365.6321,27530.0816,FILLED,2026-01-30 15:00:00+00:00,2026-01-30T15:25:00.000000,STOP,-1.0,24.91776525000023,0.32222413849639076,0.1,-1.0,-1.05,-1.1,0.1567327551574852,-inf,6,2026-01-30T15:25:00.000000,False,30995
vsp-setup-0b4668e56a3bc227124b,2026-01-30 17:00:00+00:00,buy,2026-01-30 17:10:00+00:00,26883.84095,26503.528715714285,27530.0816,27930.355,FILLED,2026-01-30 17:10:00+00:00,2026-01-31T02:10:00.000000,STOP,-1.0,38.031223428571685,0.39407618965851876,0.1,-1.0,-1.05,-1.1,1.335041590112387,-inf,109,2026-01-31T02:10:00.000000,False,31021
vsp-setup-4fd61f97ebfd6e49882a,2026-01-30 17:00:00+00:00,buy,2026-01-30 17:25:00+00:00,26845.802600000003,26695.30510892857,27104.9238,27365.6321,FILLED,2026-01-30 17:25:00+00:00,2026-01-30T18:10:00.000000,TP1,1.7217642510532347,15.049749107143363,0.1519184822982505,0.1,1.7217642510532347,1.6717642510532347,1.6217642510532346,1.7879739926845497,-inf,10,2026-01-30T18:10:00.000000,False,31024
vsp-setup-a48a84b8912a47663b11,2026-01-30 17:00:00+00:00,buy,2026-01-30 17:55:00+00:00,26922.74315,26760.046177857144,27365.6321,27530.0816,FILLED,2026-01-30 17:55:00+00:00,2026-01-30T20:20:00.000000,TP1,2.722170819572028,16.269697214285408,0.17230329954326035,0.1,2.722170819572028,2.6721708195720284,2.622170819572028,2.8577879715656556,-inf,30,2026-01-30T20:20:00.000000,False,31030
vsp-setup-d64143c22b3e9710822e,2026-01-30 18:00:00+00:00,buy,2026-01-30 19:25:00+00:00,27231.12555,26962.39722607143,27930.355,28945.6596,FILLED,2026-01-30 19:25:00+00:00,2026-01-30T23:00:00.000000,STOP,-1.0,26.872832392857163,0.2779211003120876,0.1,-1.0,-1.05,-1.1,0.5970641562987844,-inf,44,2026-01-30T23:00:00.000000,False,31048
vsp-setup-c6a4cd45a43359dfd3cd,2026-01-30 18:00:00+00:00,buy,2026-01-30 20:45:00+00:00,27299.61035,27112.3493875,27930.355,28945.6596,FILLED,2026-01-30 20:45:00+00:00,2026-01-30T21:20:00.000000,STOP,-1.0,18.726096250000047,0.23704320091126307,0.1,-1.0,-1.05,-1.1,-0.08072718306144938,-inf,8,2026-01-30T21:20:00.000000,False,31064
vsp-setup-a2645c9916df72ffe856,2026-01-30 18:00:00+00:00,buy,2026-01-30 22:40:00+00:00,27183.80395,27071.0768275,27391.5736,27530.0816,FILLED,2026-01-30 22:40:00+00:00,2026-01-30T22:45:00.000000,STOP,-1.0,11.27271225000004,0.13359001888077368,0.1,-1.0,-1.05,-1.1,-0.04363767912200118,-inf,2,2026-01-30T22:45:00.000000,False,31087
vsp-setup-e2ec5927ac5518c974a6,2026-01-31 05:00:00+00:00,sell,2026-01-31 05:05:00+00:00,26140.5283,26750.60951642857,25119.5505,24734.3287,FILLED,2026-01-31 05:05:00+00:00,2026-01-31T15:25:00.000000,STOP,-1.0,61.008121642856715,0.5968087858402664,0.1,-1.0,-1.05,-1.1,1.0203444774846437,-inf,125,2026-01-31T15:25:00.000000,False,31164
vsp-setup-740e995cac3294edb6c6,2026-01-31 11:00:00+00:00,sell,2026-01-31 13:40:00+00:00,26013.79115,26193.962720714288,25711.8381,25640.3019,FILLED,2026-01-31 13:40:00+00:00,2026-01-31T14:20:00.000000,STOP,-1.0,18.017157071428667,0.17314603432811113,0.1,-1.0,-1.05,-1.1,0.6367683289054122,-inf,9,2026-01-31T14:20:00.000000,False,31267
vsp-setup-ec2ba2cdcb7aa4fa8855,2026-01-31 18:00:00+00:00,buy,2026-01-31 22:05:00+00:00,27225.72065,27002.576454285718,27930.355,28945.6596,FILLED,2026-01-31 22:05:00+00:00,2026-01-31T22:05:00.000000,STOP,-1.0,22.314419571428154,0.2509971525170529,0.1,-1.0,-1.05,-1.1,-0.765636540323713,-inf,1,2026-01-31T22:05:00.000000,False,31368
vsp-setup-a5a03a5f390a8fa8893a,2026-01-31 18:00:00+00:00,buy,2026-02-01 00:45:00+00:00,27308.77245,27105.131046785715,27930.355,28945.6596,FILLED,2026-02-01 00:45:00+00:00,2026-02-01T00:50:00.000000,STOP,-1.0,20.364140321428568,0.19056778610053643,0.1,-1.0,-1.05,-1.1,-0.4819395685303123,-inf,2,2026-02-01T00:50:00.000000,False,31400
vsp-setup-062cde637cf3bb8a35a3,2026-01-31 18:00:00+00:00,buy,2026-02-01 00:50:00+00:00,27301.3838,27105.324260357145,27930.355,28945.6596,FILLED,2026-02-01 00:50:00+00:00,2026-02-01T00:50:00.000000,STOP,-1.0,19.605953964285437,0.17757236642108967,0.1,-1.0,-1.05,-1.1,-0.4855372004514832,-inf,1,2026-02-01T00:50:00.000000,False,31401
vsp-setup-f6cae2080c5e20238799,2026-02-01 02:00:00+00:00,sell,2026-02-01 03:25:00+00:00,26783.06505,27034.96255642857,25925.0003,25899.0636,FILLED,2026-02-01 03:25:00+00:00,2026-02-01T03:25:00.000000,STOP,-1.0,25.189750642856964,0.2804621340559578,0.1,-1.0,-1.05,-1.1,-0.6276884286857101,-inf,1,2026-02-01T03:25:00.000000,False,31432
vsp-setup-786ff6dab14831400134,2026-02-01 08:00:00+00:00,sell,2026-02-01 13:35:00+00:00,26130.974950000003,26324.3400075,25826.7538,25760.0226,FILLED,2026-02-01 13:35:00+00:00,2026-02-01T13:55:00.000000,STOP,-1.0,19.33650574999956,0.1911816537673137,0.1,-1.0,-1.05,-1.1,0.04365757758483887,-inf,5,2026-02-01T13:55:00.000000,False,31554
vsp-setup-2e6a07eaf9b69294b9f7,2026-02-01 08:00:00+00:00,sell,2026-02-01 16:05:00+00:00,26188.9091,26357.90197142857,25919.5152,25826.7538,FILLED,2026-02-01 16:05:00+00:00,2026-02-01T16:15:00.000000,STOP,-1.0,16.899287142857066,0.20007707436077415,0.1,-1.0,-1.05,-1.1,0.4565393755831355,-inf,3,2026-02-01T16:15:00.000000,False,31584
vsp-setup-b7721ba3cc80b77a2904,2026-02-01 08:00:00+00:00,sell,2026-02-01 20:55:00+00:00,27049.23155,27369.401650357144,26507.156,26494.0674,FILLED,2026-02-01 20:55:00+00:00,2026-02-01T21:35:00.000000,STOP,-1.0,32.01701003571434,0.31844515121127925,0.1,-1.0,-1.05,-1.1,0.41548336291119237,-inf,9,2026-02-01T21:35:00.000000,False,31642
vsp-setup-5cfdbcfe6fb727d1ce51,2026-02-01 08:00:00+00:00,sell,2026-02-01 23:40:00+00:00,27221.62405,27341.59987142857,26916.2062,26817.5906,FILLED,2026-02-01 23:40:00+00:00,2026-02-01T23:55:00.000000,TP1,2.545661670521083,11.99758214285721,0.11855268953919589,0.1,2.545661670521083,2.4956616705210832,2.445661670521083,2.91796335154431,-inf,4,2026-02-01T23:55:00.000000,False,31675
vsp-setup-3178eb03a801fca67bc8,2026-02-01 08:00:00+00:00,sell,2026-02-02 00:05:00+00:00,26925.8606,27322.384687857146,26111.7572,26096.4518,FILLED,2026-02-02 00:05:00+00:00,2026-02-02T02:15:00.000000,STOP,-1.0,39.652408785714584,0.4419540610650951,0.1,-1.0,-1.05,-1.1,0.2995762518286026,-inf,27,2026-02-02T02:15:00.000000,False,31680
vsp-setup-eba96bb61e9e00370ae1,2026-02-01 08:00:00+00:00,sell,2026-02-02 00:25:00+00:00,26892.254,27322.202816785717,26111.7572,26096.4518,FILLED,2026-02-02 00:25:00+00:00,2026-02-02T02:15:00.000000,STOP,-1.0,42.99488167857162,0.4808306991671337,0.1,-1.0,-1.05,-1.1,0.19812265245156976,-inf,23,2026-02-02T02:15:00.000000,False,31684
vsp-setup-5426cded530bf4194d0b,2026-02-02 02:00:00+00:00,buy,2026-02-02 03:45:00+00:00,27644.06805,27127.783685357143,28945.6596,30176.7353,FILLED,2026-02-02 03:45:00+00:00,2026-02-02T09:25:00.000000,STOP,-1.0,51.62843646428592,0.5680958862377977,0.1,-1.0,-1.05,-1.1,0.3383742796876017,-inf,69,2026-02-02T09:25:00.000000,False,31724
vsp-setup-2fd58937685a3908afba,2026-02-02 02:00:00+00:00,buy,2026-02-02 05:55:00+00:00,27786.9699,27128.37159821429,28945.6596,30176.7353,FILLED,2026-02-02 05:55:00+00:00,2026-02-02T09:25:00.000000,STOP,-1.0,65.85983017857107,0.7691497950699878,0.1,-1.0,-1.05,-1.1,-0.15843390381828126,-inf,43,2026-02-02T09:25:00.000000,False,31750
vsp-setup-4a9a6a4354ac156b296d,2026-02-02 02:00:00+00:00,buy,2026-02-02 06:05:00+00:00,27443.3655,27340.33730892857,27818.7654,27910.7939,FILLED,2026-02-02 06:05:00+00:00,2026-02-02T06:20:00.000000,STOP,-1.0,10.302819107142932,0.12299713636641743,0.1,-1.0,-1.05,-1.1,0.8139296548637065,-inf,4,2026-02-02T06:20:00.000000,False,31752
vsp-setup-35fca9ddb68cc5514cc9,2026-02-02 02:00:00+00:00,buy,2026-02-02 07:25:00+00:00,27596.81885,27367.655764285715,28945.6596,30176.7353,FILLED,2026-02-02 07:25:00+00:00,2026-02-02T07:50:00.000000,STOP,-1.0,22.916308571428456,0.24922310700181213,0.1,-1.0,-1.05,-1.1,0.36595880937193703,-inf,6,2026-02-02T07:50:00.000000,False,31768
vsp-setup-3bfbc64eb22cc89ba7ad,2026-02-02 02:00:00+00:00,buy,2026-02-02 13:45:00+00:00,27105.39105,26857.79286642857,27557.52,27682.6256,FILLED,2026-02-02 13:45:00+00:00,2026-02-02T17:10:00.000000,STOP,-1.0,24.759818357143015,0.25128937317398303,0.1,-1.0,-1.05,-1.1,1.022222967669653,-inf,42,2026-02-02T17:10:00.000000,False,31844
vsp-setup-c722e35ca2c8e859c6f6,2026-02-02 02:00:00+00:00,buy,2026-02-02 14:25:00+00:00,27155.04045,26902.922863214288,27557.52,27682.6256,FILLED,2026-02-02 14:25:00+00:00,2026-02-02T16:30:00.000000,STOP,-1.0,25.21175867857128,0.24255944521850561,0.1,-1.0,-1.05,-1.1,0.8069692899802503,-inf,26,2026-02-02T16:30:00.000000,False,31852
vsp-setup-9484d3eea4ff43458d1b,2026-02-02 02:00:00+00:00,buy,2026-02-02 14:55:00+00:00,27289.6188,26903.33640714286,27910.7939,27930.355,FILLED,2026-02-02 14:55:00+00:00,2026-02-02T16:30:00.000000,STOP,-1.0,38.62823928571416,0.4035295935687806,0.1,-1.0,-1.05,-1.1,0.034600593366791076,-inf,20,2026-02-02T16:30:00.000000,False,31858
vsp-setup-d3c67cc2073bf8664bc9,2026-02-02 02:00:00+00:00,buy,2026-02-02 18:35:00+00:00,26931.469,26768.57116357143,27239.1433,27358.4916,FILLED,2026-02-02 18:35:00+00:00,2026-02-02T19:40:00.000000,TP1,1.888756209078986,16.28978364285722,0.17952396077657304,0.1,1.888756209078986,1.838756209078986,1.788756209078986,1.9873001821110519,-inf,14,2026-02-02T19:40:00.000000,False,31902
vsp-setup-710f4e9c3932d6a113d0,2026-02-02 02:00:00+00:00,buy,2026-02-02 18:45:00+00:00,27005.796,26768.47179035714,27440.1208,27557.52,FILLED,2026-02-02 18:45:00+00:00,2026-02-02T20:25:00.000000,TP1,1.8300905780055203,23.73242096428585,0.2600571214937432,0.1,1.8300905780055203,1.7800905780055203,1.7300905780055202,2.0454862179064164,-inf,21,2026-02-02T20:25:00.000000,False,31904
vsp-setup-e583e805dab698fe4e9f,2026-02-02 19:00:00+00:00,buy,2026-02-02 19:05:00+00:00,27005.796,26768.337810714285,27440.1208,27557.52,FILLED,2026-02-02 19:05:00+00:00,2026-02-02T20:25:00.000000,TP1,1.8290579967213352,23.745818928571317,0.2327347543270888,0.1,1.8290579967213352,1.7790579967213351,1.729057996721335,2.04433210520235,-inf,17,2026-02-02T20:25:00.000000,False,31908
vsp-setup-89d05572054b8b8c986f,2026-02-02 19:00:00+00:00,buy,2026-02-02 19:35:00+00:00,26918.42395,26806.739146071428,27139.453,27239.1433,FILLED,2026-02-02 19:35:00+00:00,2026-02-02T19:35:00.000000,TP1,1.9790431842577203,11.168480392857237,0.11996456083260235,0.1,1.9790431842577203,1.9290431842577203,1.8790431842577202,2.2175877226627505,-inf,1,2026-02-02T19:35:00.000000,False,31914
vsp-setup-19ee8f8e9a69a2549222,2026-02-02 21:00:00+00:00,buy,2026-02-02 23:15:00+00:00,27780.98415,27450.746061785718,28945.6596,30176.7353,FILLED,2026-02-02 23:15:00+00:00,2026-02-02T23:15:00.000000,STOP,-1.0,33.02380882142825,0.3914063448973394,0.1,-1.0,-1.05,-1.1,-0.8057733480680073,-inf,1,2026-02-02T23:15:00.000000,False,31958
vsp-setup-90f799650a1a5426b11f,2026-02-02 21:00:00+00:00,buy,2026-02-03 03:35:00+00:00,27334.1304,26996.5240775,27910.7939,27930.355,FILLED,2026-02-03 03:35:00+00:00,2026-02-03T08:00:00.000000,TP1,1.708094492217345,33.76063224999998,0.3336856354568245,0.1,1.708094492217345,1.658094492217345,1.608094492217345,1.7958810590699208,-inf,54,2026-02-03T08:00:00.000000,False,32010
vsp-setup-6302db38699ca839a6ea,2026-02-02 23:00:00+00:00,buy,2026-02-03 04:05:00+00:00,27334.1304,26996.846411785715,27910.7939,27930.355,FILLED,2026-02-03 04:05:00+00:00,2026-02-03T08:00:00.000000,TP1,1.7097268774989585,33.72839882142835,0.35773918248223385,0.1,1.7097268774989585,1.6597268774989584,1.6097268774989584,1.7975973398855967,-inf,48,2026-02-03T08:00:00.000000,False,32016
vsp-setup-3136be56b80693648e6b,2026-02-02 23:00:00+00:00,buy,2026-02-03 05:20:00+00:00,27354.4314,27184.792400357142,27789.6785,27830.3967,FILLED,2026-02-03 05:20:00+00:00,2026-02-03T07:55:00.000000,TP1,2.5657254576855952,16.963899964285883,0.18050965189955367,0.1,2.5657254576855952,2.5157254576855954,2.465725457685595,2.8411803949251118,-inf,32,2026-02-03T07:55:00.000000,False,32031
vsp-setup-5b3237cb4e4925714a64,2026-02-02 23:00:00+00:00,buy,2026-02-03 05:35:00+00:00,27439.26545,27184.90855321429,27830.3967,27910.7939,FILLED,2026-02-03 05:35:00+00:00,2026-02-03T07:55:00.000000,TP1,1.5377261436300724,25.435689678571,0.2681861250411253,0.1,1.5377261436300724,1.4877261436300724,1.4377261436300723,1.5613531813709116,-inf,29,2026-02-03T07:55:00.000000,False,32034
vsp-setup-1fce1d81c1044a0ddb96,2026-02-02 23:00:00+00:00,buy,2026-02-03 05:55:00+00:00,27554.5012,27185.14206821429,28945.6596,30176.7353,FILLED,2026-02-03 05:55:00+00:00,2026-02-05T03:35:00.000000,STOP,-1.0,36.93591317857099,0.4058127075747059,0.1,-1.0,-1.05,-1.1,3.6164943141976544,-inf,549,2026-02-05T03:35:00.000000,False,32038
vsp-setup-4c25748e9c28ac4ccafd,2026-02-02 21:00:00+00:00,buy,2026-02-03 06:05:00+00:00,27554.5012,27185.309440357145,28945.6596,30176.7353,FILLED,2026-02-03 06:05:00+00:00,2026-02-05T03:35:00.000000,STOP,-1.0,36.91917596428539,0.42687335747171334,0.1,-1.0,-1.05,-1.1,3.6181338426735326,-inf,547,2026-02-05T03:35:00.000000,False,32040
vsp-setup-8cf355af017f5455381c,2026-02-02 21:00:00+00:00,buy,2026-02-03 06:45:00+00:00,27652.0687,27488.02250178572,27910.7939,27930.355,FILLED,2026-02-03 06:45:00+00:00,2026-02-03T07:25:00.000000,STOP,-1.0,16.40461982142806,0.20462494773330928,0.1,-1.0,-1.05,-1.1,-0.06896228088883233,-inf,9,2026-02-03T07:25:00.000000,False,32048
vsp-setup-3f1cf56b82f64a6603b1,2026-02-02 21:00:00+00:00,buy,2026-02-03 08:45:00+00:00,28077.60495,27470.296245,30176.7353,31342.6432,FILLED,2026-02-03 08:45:00+00:00,2026-02-04T17:55:00.000000,STOP,-1.0,60.73087049999995,0.585826812392515,0.1,-1.0,-1.05,-1.1,1.33816861722738,-inf,399,2026-02-04T17:55:00.000000,False,32072
vsp-setup-273e730e6226e181cd19,2026-02-03 09:00:00+00:00,buy,2026-02-03 09:05:00+00:00,28077.60495,27469.9059725,30176.7353,31342.6432,FILLED,2026-02-03 09:05:00+00:00,2026-02-04T17:55:00.000000,STOP,-1.0,60.76989775000002,0.508547567281588,0.1,-1.0,-1.05,-1.1,1.3373092272481235,-inf,395,2026-02-04T17:55:00.000000,False,32076
vsp-setup-e8c82ec5f36e1064cb73,2026-02-03 09:00:00+00:00,buy,2026-02-03 11:20:00+00:00,28223.66605,27832.410978214288,28945.6596,30176.7353,FILLED,2026-02-03 11:20:00+00:00,2026-02-04T16:45:00.000000,STOP,-1.0,39.12550717857121,0.454324721720899,0.1,-1.0,-1.05,-1.1,1.7037998944205504,-inf,354,2026-02-04T16:45:00.000000,False,32103
vsp-setup-c6a7793d8118c77ebef5,2026-02-03 09:00:00+00:00,buy,2026-02-03 12:45:00+00:00,28111.08665,27840.244103928573,28945.6596,30176.7353,FILLED,2026-02-03 12:45:00+00:00,2026-02-04T16:45:00.000000,STOP,-1.0,27.084254607142796,0.2758010951610136,0.1,-1.0,-1.05,-1.1,2.8769473677688193,-inf,337,2026-02-04T16:45:00.000000,False,32120
vsp-setup-8483e2a691793227c015,2026-02-03 15:00:00+00:00,buy,2026-02-03 15:40:00+00:00,28632.12885,28147.799255357146,30176.7353,31342.6432,FILLED,2026-02-03 15:40:00+00:00,2026-02-03T18:05:00.000000,STOP,-1.0,48.432959464285524,0.46437134541872027,0.1,-1.0,-1.05,-1.1,-0.16932446603944434,-inf,30,2026-02-03T18:05:00.000000,False,32155
vsp-setup-d9740b6475ec08fbcfb3,2026-02-03 15:00:00+00:00,buy,2026-02-03 19:15:00+00:00,28189.09495,27993.57688,28550.12,28724.4208,FILLED,2026-02-03 19:15:00+00:00,2026-02-03T20:50:00.000000,STOP,-1.0,19.551806999999826,0.19830056689739786,0.1,-1.0,-1.05,-1.1,1.0838995597696,-inf,20,2026-02-03T20:50:00.000000,False,32198
vsp-setup-7000c8553741e5e42526,2026-02-03 15:00:00+00:00,buy,2026-02-03 19:30:00+00:00,28321.1094,27972.195442857144,28945.6596,30176.7353,FILLED,2026-02-03 19:30:00+00:00,2026-02-04T16:20:00.000000,STOP,-1.0,34.891395714285686,0.388124266624968,0.1,-1.0,-1.05,-1.1,1.6312818342401818,-inf,251,2026-02-04T16:20:00.000000,False,32201
vsp-setup-2d44aba0e7ae910b3d94,2026-02-03 15:00:00+00:00,buy,2026-02-03 20:45:00+00:00,28257.9361,27971.57699071429,28724.4208,28945.6596,FILLED,2026-02-03 20:45:00+00:00,2026-02-03T23:00:00.000000,TP1,1.629019943397625,28.635910928570958,0.2835413964059699,0.1,1.629019943397625,1.5790199433976249,1.5290199433976248,1.7029983827524755,-inf,28,2026-02-03T23:00:00.000000,False,32216
vsp-setup-9b60acd6faf2ec0a1973,2026-02-03 15:00:00+00:00,buy,2026-02-03 21:30:00+00:00,28356.27465,27983.79802428572,28945.6596,30176.7353,FILLED,2026-02-03 21:30:00+00:00,2026-02-04T16:20:00.000000,STOP,-1.0,37.24766257142801,0.34409573258223086,0.1,-1.0,-1.05,-1.1,1.4336785535896472,-inf,227,2026-02-04T16:20:00.000000,False,32225
vsp-setup-ca57f1230c0d0704538a,2026-02-03 15:00:00+00:00,buy,2026-02-03 21:45:00+00:00,28391.07395,27983.66039892857,30176.7353,31342.6432,FILLED,2026-02-03 21:45:00+00:00,2026-02-04T16:20:00.000000,STOP,-1.0,40.74135510714332,0.38026375136821083,0.1,-1.0,-1.05,-1.1,1.2253211722760555,-inf,224,2026-02-04T16:20:00.000000,False,32228
vsp-setup-57ab18cb1cdf542dbc96,2026-02-03 15:00:00+00:00,buy,2026-02-03 22:25:00+00:00,28600.6087,27984.05999857143,30176.7353,31342.6432,FILLED,2026-02-03 22:25:00+00:00,2026-02-04T16:20:00.000000,STOP,-1.0,61.654870142857185,0.6097425805324995,0.1,-1.0,-1.05,-1.1,0.4698374991769565,-inf,216,2026-02-04T16:20:00.000000,False,32236
vsp-setup-e0236d9b51e9375e8448,2026-02-03 15:00:00+00:00,buy,2026-02-04 00:35:00+00:00,28657.392,28462.794191785717,30176.7353,31342.6432,FILLED,2026-02-04 00:35:00+00:00,2026-02-04T00:35:00.000000,STOP,-1.0,19.459780821428286,0.21161173973699507,0.1,-1.0,-1.05,-1.1,-0.4381909579685699,-inf,1,2026-02-04T00:35:00.000000,False,32262
vsp-setup-6a784866f1800d5598ab,2026-02-03 15:00:00+00:00,buy,2026-02-04 02:15:00+00:00,28615.92845,28268.54945,30176.7353,31342.6432,FILLED,2026-02-04 02:15:00+00:00,2026-02-04T05:15:00.000000,STOP,-1.0,34.73790000000008,0.3446746091577044,0.1,-1.0,-1.05,-1.1,0.4961838510675693,-inf,37,2026-02-04T05:15:00.000000,False,32282
vsp-setup-1d9583fcfc0d5245293e,2026-02-04 06:00:00+00:00,sell,2026-02-04 07:15:00+00:00,28185.34045,28337.074627142854,27920.1851,27845.2098,FILLED,2026-02-04 07:15:00+00:00,2026-02-04T07:25:00.000000,STOP,-1.0,15.173417714285462,0.13960112433832697,0.1,-1.0,-1.05,-1.1,-0.31671210075997214,-inf,3,2026-02-04T07:25:00.000000,False,32342
vsp-setup-b0db765269206b0bdcf4,2026-02-04 06:00:00+00:00,sell,2026-02-04 11:30:00+00:00,28401.81975,28658.359310357144,27989.0953,27976.7346,FILLED,2026-02-04 11:30:00+00:00,2026-02-04T12:05:00.000000,STOP,-1.0,25.65395603571451,0.24851910333520807,0.1,-1.0,-1.05,-1.1,0.45741580689011346,-inf,8,2026-02-04T12:05:00.000000,False,32393
vsp-setup-234a3a65b2ba584a6510,2026-02-04 06:00:00+00:00,sell,2026-02-04 12:10:00+00:00,28588.11565,28751.660039285714,28284.4745,28239.5243,FILLED,2026-02-04 12:10:00+00:00,2026-02-04T13:15:00.000000,TP1,1.856628352254466,16.354438928571472,0.15116547050142148,0.1,1.856628352254466,1.806628352254466,1.756628352254466,2.0293973486315853,-inf,14,2026-02-04T13:15:00.000000,False,32401
vsp-setup-672e6e7a906cc2838d71,2026-02-04 06:00:00+00:00,sell,2026-02-04 13:35:00+00:00,28229.53945,28478.837030714283,27001.6997,26811.3364,FILLED,2026-02-04 13:35:00+00:00,2026-02-04T15:30:00.000000,STOP,-1.0,24.929758071428296,0.25956572259396826,0.1,-1.0,-1.05,-1.1,0.7075237132050272,-inf,24,2026-02-04T15:30:00.000000,False,32418
vsp-setup-e3c917785a32310461a2,2026-02-04 06:00:00+00:00,sell,2026-02-04 14:35:00+00:00,28143.77145,28394.532743571428,27001.6997,26811.3364,FILLED,2026-02-04 14:35:00+00:00,2026-02-04T15:05:00.000000,STOP,-1.0,25.076129357142783,0.2363609996667336,0.1,-1.0,-1.05,-1.1,-0.16615183869328842,-inf,7,2026-02-04T15:05:00.000000,False,32430
vsp-setup-aab1b626f99f354a6ed6,2026-02-04 17:00:00+00:00,sell,2026-02-05 00:10:00+00:00,27552.5475,27786.142200714286,27001.6997,26811.3364,FILLED,2026-02-05 00:10:00+00:00,2026-02-05T06:20:00.000000,STOP,-1.0,23.35947007142859,0.2509487573020169,0.1,-1.0,-1.05,-1.1,1.5916063115436136,-inf,75,2026-02-05T06:20:00.000000,False,32545
vsp-setup-66d2ab1d14748e705c83,2026-02-04 17:00:00+00:00,sell,2026-02-05 00:25:00+00:00,27526.90735,27786.033361785718,27001.6997,26811.3364,FILLED,2026-02-05 00:25:00+00:00,2026-02-05T06:20:00.000000,STOP,-1.0,25.91260117857164,0.27679012489326155,0.1,-1.0,-1.05,-1.1,1.3358390676974876,-inf,72,2026-02-05T06:20:00.000000,False,32548
vsp-setup-1bfd0b3181ff0419158d,2026-02-04 17:00:00+00:00,sell,2026-02-05 03:45:00+00:00,27249.62865,27567.499444285717,26730.0658,25760.0226,FILLED,2026-02-05 03:45:00+00:00,2026-02-05T05:00:00.000000,STOP,-1.0,31.787079428571815,0.3235407300292207,0.1,-1.0,-1.05,-1.1,-0.1440036355112809,-inf,16,2026-02-05T05:00:00.000000,False,32588
vsp-setup-ffc6fd1d015697d00316,2026-02-05 05:00:00+00:00,buy,2026-02-05 05:30:00+00:00,27525.818700000003,27304.82727,28424.5212,28490.2065,FILLED,2026-02-05 05:30:00+00:00,2026-02-05T09:30:00.000000,STOP,-1.0,22.099143000000186,0.24029234631431007,0.1,-1.0,-1.05,-1.1,1.6186980644452815,-inf,49,2026-02-05T09:30:00.000000,False,32609
vsp-setup-b791f344a18a657f786a,2026-02-05 05:00:00+00:00,buy,2026-02-05 06:40:00+00:00,27820.02,27448.35255571429,28424.5212,28490.2065,FILLED,2026-02-05 06:40:00+00:00,2026-02-05T09:15:00.000000,STOP,-1.0,37.166744428571114,0.40045892496782215,0.1,-1.0,-1.05,-1.1,-0.05785978925684173,-inf,32,2026-02-05T09:15:00.000000,False,32623
vsp-setup-db86ed5f4881a1b0e17d,2026-02-05 10:00:00+00:00,sell,2026-02-05 10:05:00+00:00,27305.68115,27803.339134285718,25760.0226,25518.0353,FILLED,2026-02-05 10:05:00+00:00,2026-02-07T04:10:00.000000,STOP,-1.0,49.76579842857173,0.4989736709330359,0.1,-1.0,-1.05,-1.1,2.1832414716694513,-inf,506,2026-02-07T04:10:00.000000,False,32664
vsp-setup-d8c9fc0cf1164947870c,2026-02-05 18:00:00+00:00,sell,2026-02-05 19:10:00+00:00,26470.74765,26736.378955714285,25760.0226,25518.0353,FILLED,2026-02-05 19:10:00+00:00,2026-02-05T19:40:00.000000,STOP,-1.0,26.56313057142834,0.3016297131894956,0.1,-1.0,-1.05,-1.1,-0.08365222593115636,-inf,7,2026-02-05T19:40:00.000000,False,32773
vsp-setup-5495a3cc6c156954dc59,2026-02-05 18:00:00+00:00,sell,2026-02-05 21:45:00+00:00,26329.7286,26579.7090675,25760.0226,25518.0353,FILLED,2026-02-05 21:45:00+00:00,2026-02-05T22:25:00.000000,STOP,-1.0,24.998046750000142,0.27711222892842347,0.1,-1.0,-1.05,-1.1,-0.2617008466871622,-inf,9,2026-02-05T22:25:00.000000,False,32804
vsp-setup-eccb238581ae62effcc0,2026-02-05 23:00:00+00:00,buy,2026-02-05 23:40:00+00:00,26757.8517,26506.46460357143,27285.0043,27379.0516,FILLED,2026-02-05 23:40:00+00:00,2026-02-06T07:45:00.000000,TP1,2.0969755707003315,25.138709642857066,0.2595562014556274,0.1,2.0969755707003315,2.0469755707003316,1.9969755707003314,2.2060527683352253,-inf,98,2026-02-06T07:45:00.000000,False,32827
vsp-setup-0d9bf27d3d12a67397fa,2026-02-05 23:00:00+00:00,buy,2026-02-06 00:40:00+00:00,26917.08505,26704.84355214285,27285.0043,27379.0516,FILLED,2026-02-06 00:40:00+00:00,2026-02-06T01:10:00.000000,STOP,-1.0,21.224149785715056,0.24403632874501746,0.1,-1.0,-1.05,-1.1,-0.11010688407282372,-inf,7,2026-02-06T01:10:00.000000,False,32839
vsp-setup-284e75536728be1b0d2b,2026-02-06 01:00:00+00:00,buy,2026-02-06 01:05:00+00:00,26917.08505,26705.01678178571,27285.0043,27379.0516,FILLED,2026-02-06 01:05:00+00:00,2026-02-06T01:10:00.000000,STOP,-1.0,21.20682682142906,0.23778152021622107,0.1,-1.0,-1.05,-1.1,-0.5173765548419148,-inf,2,2026-02-06T01:10:00.000000,False,32844
vsp-setup-ee4deb26aee07bf93df0,2026-02-06 02:00:00+00:00,buy,2026-02-06 02:35:00+00:00,27072.90455,26778.032237857144,27798.5154,27883.5371,FILLED,2026-02-06 02:35:00+00:00,2026-02-06T02:45:00.000000,STOP,-1.0,29.48723121428557,0.3228298119871133,0.1,-1.0,-1.05,-1.1,-0.5935828587229384,-inf,3,2026-02-06T02:45:00.000000,False,32862
vsp-setup-1af14e658b2207a25476,2026-02-06 02:00:00+00:00,buy,2026-02-06 03:40:00+00:00,26999.56855,26739.587405,27798.5154,27883.5371,FILLED,2026-02-06 03:40:00+00:00,2026-02-06T04:35:00.000000,STOP,-1.0,25.998114500000156,0.2940895454492238,0.1,-1.0,-1.05,-1.1,0.5485838213382662,-inf,12,2026-02-06T04:35:00.000000,False,32875
vsp-setup-da65b1b8b3be2b0ae331,2026-02-06 05:00:00+00:00,buy,2026-02-06 06:25:00+00:00,26965.3518,26587.609639285714,27798.5154,27883.5371,FILLED,2026-02-06 06:25:00+00:00,2026-02-07T04:05:00.000000,TP1,2.205641007677145,37.774216071428604,0.3680832359367512,0.1,2.205641007677145,2.1556410076771453,2.105641007677145,2.2161772951608447,-inf,261,2026-02-07T04:05:00.000000,False,32908
vsp-setup-6be20a5ca9f1dc0be9e6,2026-02-06 07:00:00+00:00,buy,2026-02-06 07:15:00+00:00,26965.3518,26587.972785,27798.5154,27883.5371,FILLED,2026-02-06 07:15:00+00:00,2026-02-07T04:05:00.000000,TP1,2.207763460297343,37.737901499999865,0.36016426915329824,0.1,2.207763460297343,2.157763460297343,2.1077634602973427,2.2183098866798474,-inf,251,2026-02-07T04:05:00.000000,False,32918
vsp-setup-cf5b034c19adb0527d40,2026-02-06 07:00:00+00:00,buy,2026-02-06 08:55:00+00:00,27234.60095,26863.17749107143,27798.5154,27883.5371,FILLED,2026-02-06 08:55:00+00:00,2026-02-06T10:15:00.000000,STOP,-1.0,37.14234589285697,0.4471694621879025,0.1,-1.0,-1.05,-1.1,0.00864552284678586,-inf,17,2026-02-06T10:15:00.000000,False,32938
vsp-setup-f87ad6a7dcb7559d5f7c,2026-02-06 07:00:00+00:00,buy,2026-02-06 11:25:00+00:00,27054.12105,26834.128010357144,27883.5371,28490.2065,FILLED,2026-02-06 11:25:00+00:00,2026-02-06T15:40:00.000000,STOP,-1.0,21.99930396428572,0.22997124559130194,0.1,-1.0,-1.05,-1.1,1.0546845044582835,-inf,52,2026-02-06T15:40:00.000000,False,32968
vsp-setup-461e63b608dfb384527a,2026-02-06 07:00:00+00:00,buy,2026-02-06 11:40:00+00:00,27034.36905,26969.099052142858,27237.8121,27335.4919,FILLED,2026-02-06 11:40:00+00:00,2026-02-06T11:40:00.000000,STOP,-1.0,6.526999785714361,0.06493660866990371,0.1,-1.0,-1.05,-1.1,0.1708710030052013,-inf,1,2026-02-06T11:40:00.000000,False,32971
vsp-setup-c0e14cec05e297fe58ee,2026-02-06 07:00:00+00:00,buy,2026-02-06 12:55:00+00:00,27042.2791,26909.656663571423,27335.4919,27379.0516,FILLED,2026-02-06 12:55:00+00:00,2026-02-06T13:35:00.000000,STOP,-1.0,13.26224364285772,0.14096196796505367,0.1,-1.0,-1.05,-1.1,1.8387929415799258,-inf,9,2026-02-06T13:35:00.000000,False,32986
vsp-setup-7e645fb426a54575ab7b,2026-02-06 07:00:00+00:00,buy,2026-02-06 13:15:00+00:00,27204.8261,26909.840495357144,27883.5371,28490.2065,FILLED,2026-02-06 13:15:00+00:00,2026-02-06T13:35:00.000000,STOP,-1.0,29.498560464285404,0.3086255304059533,0.1,-1.0,-1.05,-1.1,-0.08391392532516054,-inf,5,2026-02-06T13:35:00.000000,False,32990
vsp-setup-8d33689de5d38a8cbc40,2026-02-06 07:00:00+00:00,buy,2026-02-06 14:25:00+00:00,26995.121,26832.466082857143,27286.1443,27335.4919,FILLED,2026-02-06 14:25:00+00:00,2026-02-06T15:40:00.000000,STOP,-1.0,16.2654917142856,0.18145958711721216,0.1,-1.0,-1.05,-1.1,1.0961494625053827,-inf,16,2026-02-06T15:40:00.000000,False,33004
vsp-setup-c7d57963b78ced0d1c51,2026-02-06 07:00:00+00:00,buy,2026-02-06 14:40:00+00:00,27101.26585,26932.378142857146,27883.5371,28490.2065,FILLED,2026-02-06 14:40:00+00:00,2026-02-06T15:15:00.000000,STOP,-1.0,16.88877071428542,0.1891476647930753,0.1,-1.0,-1.05,-1.1,0.3739765970448901,-inf,8,2026-02-06T15:15:00.000000,False,33007
vsp-setup-e6bfd9e9fe3effebd901,2026-02-06 07:00:00+00:00,buy,2026-02-06 16:20:00+00:00,27069.5439,26805.8343825,27883.5371,28490.2065,FILLED,2026-02-06 16:20:00+00:00,2026-02-07T05:00:00.000000,TP1,3.0867039146586825,26.37095174999995,0.2566657655625899,0.1,3.0867039146586825,3.0367039146586827,2.9867039146586825,3.1370543916754907,-inf,153,2026-02-07T05:00:00.000000,False,33027
vsp-setup-59b84f710276014cc520,2026-02-06 07:00:00+00:00,buy,2026-02-06 17:20:00+00:00,27213.12975,26897.890823928574,27883.5371,28490.2065,FILLED,2026-02-06 17:20:00+00:00,2026-02-07T05:00:00.000000,TP1,2.1266642364087414,31.523892607142628,0.35501752384939206,0.1,2.1266642364087414,2.0766642364087415,2.0266642364087413,2.1687843519841534,-inf,141,2026-02-07T05:00:00.000000,False,33039
vsp-setup-9112fcc455384a16f388,2026-02-06 07:00:00+00:00,buy,2026-02-06 18:15:00+00:00,27222.0101,27040.507845714284,27883.5371,28490.2065,FILLED,2026-02-06 18:15:00+00:00,2026-02-06T18:15:00.000000,STOP,-1.0,18.150225428571503,0.17920925901594492,0.1,-1.0,-1.05,-1.1,-0.08724134067819721,-inf,1,2026-02-06T18:15:00.000000,False,33050
vsp-setup-5aadbae015126e828cca,2026-02-06 07:00:00+00:00,buy,2026-02-06 19:10:00+00:00,27317.9367,26977.851447142857,27883.5371,28490.2065,FILLED,2026-02-06 19:10:00+00:00,2026-02-07T05:00:00.000000,TP1,1.663113572988692,34.008525285714136,0.3137051379861044,0.1,1.663113572988692,1.6131135729886918,1.5631135729886918,1.702156430297106,-inf,119,2026-02-07T05:00:00.000000,False,33061
vsp-setup-5540dbb0609262907580,2026-02-06 20:00:00+00:00,buy,2026-02-06 20:05:00+00:00,27317.9367,26979.281475714284,27883.5371,28490.2065,FILLED,2026-02-06 20:05:00+00:00,2026-02-07T05:00:00.000000,TP1,1.6701363494183727,33.865522428571424,0.3970999728212952,0.1,1.6701363494183727,1.6201363494183727,1.5701363494183727,1.709344071750142,-inf,108,2026-02-07T05:00:00.000000,False,33072
vsp-setup-b6351d1e31593d36c5e3,2026-02-06 20:00:00+00:00,buy,2026-02-06 20:40:00+00:00,27166.18865,27022.93287357143,27382.0767,27798.5154,FILLED,2026-02-06 20:40:00+00:00,2026-02-06T20:50:00.000000,TP1,1.5070111333880265,14.325577642857025,0.17772327629994483,0.1,1.5070111333880265,1.4570111333880265,1.4070111333880264,1.8891800159621732,-inf,3,2026-02-06T20:50:00.000000,False,33079
vsp-setup-bf6f136ab4b598fca48e,2026-02-06 20:00:00+00:00,buy,2026-02-06 21:40:00+00:00,27297.92105,27201.46454678571,27883.5371,28490.2065,FILLED,2026-02-06 21:40:00+00:00,2026-02-07T01:25:00.000000,STOP,-1.0,9.645650321428912,0.11157252410880186,0.1,-1.0,-1.05,-1.1,3.024747324209212,-inf,46,2026-02-07T01:25:00.000000,False,33091
vsp-setup-d7bd916057f0188e53c5,2026-02-06 20:00:00+00:00,buy,2026-02-06 22:30:00+00:00,27338.4051,27197.19597892857,27883.5371,28490.2065,FILLED,2026-02-06 22:30:00+00:00,2026-02-07T01:25:00.000000,STOP,-1.0,14.120912107143159,0.14150195937636176,0.1,-1.0,-1.05,-1.1,1.7794353374162795,-inf,36,2026-02-07T01:25:00.000000,False,33101
vsp-setup-d323745ec7b16275eb87,2026-02-06 20:00:00+00:00,buy,2026-02-06 23:50:00+00:00,27505.4316,27198.484819642857,28746.1027,28788.2923,FILLED,2026-02-06 23:50:00+00:00,2026-02-07T01:25:00.000000,STOP,-1.0,30.694678035714244,0.29873413099489654,0.1,-1.0,-1.05,-1.1,-0.024157282221280454,-inf,20,2026-02-07T01:25:00.000000,False,33117
vsp-setup-3638a22c21cc27027d77,2026-02-06 20:00:00+00:00,buy,2026-02-07 01:05:00+00:00,27452.5937,27309.766725357145,27883.5371,28490.2065,FILLED,2026-02-07 01:05:00+00:00,2026-02-07T01:05:00.000000,STOP,-1.0,14.282697464285594,0.17813218926337904,0.1,-1.0,-1.05,-1.1,-0.22398360029675843,-inf,1,2026-02-07T01:05:00.000000,False,33132
vsp-setup-319694aa46d9a1c70d8d,2026-02-06 20:00:00+00:00,buy,2026-02-07 02:30:00+00:00,27518.25885,27212.500724642858,28746.1027,28788.2923,FILLED,2026-02-07 02:30:00+00:00,2026-02-07T09:40:00.000000,STOP,-1.0,30.575812535714068,0.2997132725866146,0.1,-1.0,-1.05,-1.1,1.4934214731551003,-inf,87,2026-02-07T09:40:00.000000,False,33149
vsp-setup-5bb566525891a6634d59,2026-02-07 03:00:00+00:00,buy,2026-02-07 03:05:00+00:00,27518.25885,27212.38876,28746.1027,28788.2923,FILLED,2026-02-07 03:05:00+00:00,2026-02-07T09:40:00.000000,STOP,-1.0,30.58700899999967,0.3018532426561896,0.1,-1.0,-1.05,-1.1,1.492874801848091,-inf,80,2026-02-07T09:40:00.000000,False,33156
vsp-setup-5a237d971309c21cebca,2026-02-07 03:00:00+00:00,buy,2026-02-07 05:55:00+00:00,27746.090600000003,27227.957789285712,28746.1027,28890.2864,FILLED,2026-02-07 05:55:00+00:00,2026-02-07T09:35:00.000000,STOP,-1.0,51.81328107142909,0.5668636935207,0.1,-1.0,-1.05,-1.1,0.4415740429265341,-inf,45,2026-02-07T09:35:00.000000,False,33190
vsp-setup-a69ef80030751c1272f6,2026-02-07 03:00:00+00:00,buy,2026-02-07 07:25:00+00:00,27901.65525,27603.16631642857,28746.1027,28890.2864,FILLED,2026-02-07 07:25:00+00:00,2026-02-07T07:40:00.000000,STOP,-1.0,29.84889335714288,0.2769307270440012,0.1,-1.0,-1.05,-1.1,-0.39265961587802506,-inf,4,2026-02-07T07:40:00.000000,False,33208
vsp-setup-81149903ac147acb45a8,2026-02-07 09:00:00+00:00,sell,2026-02-07 09:05:00+00:00,27388.739,27702.628361785715,26902.3401,26811.0349,FILLED,2026-02-07 09:05:00+00:00,2026-02-07T16:00:00.000000,TP1,1.5495870813616652,31.388936178571385,0.32107487999651396,0.1,1.5495870813616652,1.4995870813616652,1.4495870813616651,1.5612220726822574,-inf,84,2026-02-07T16:00:00.000000,False,33228
vsp-setup-becbf2b12012646335d7,2026-02-07 09:00:00+00:00,sell,2026-02-07 12:25:00+00:00,27141.143900000003,27505.749976785715,26593.1847,26219.1736,FILLED,2026-02-07 12:25:00+00:00,2026-02-07T13:40:00.000000,STOP,-1.0,36.46060767857125,0.43035950700190706,0.1,-1.0,-1.05,-1.1,0.06272111590022808,-inf,16,2026-02-07T13:40:00.000000,False,33268
vsp-setup-6eb3d3b297bc4c288b30,2026-02-07 15:00:00+00:00,sell,2026-02-07 17:25:00+00:00,27009.09835,27199.40701142857,26593.1847,26219.1736,FILLED,2026-02-07 17:25:00+00:00,2026-02-07T18:35:00.000000,STOP,-1.0,19.03086614285712,0.18571909164201697,0.1,-1.0,-1.05,-1.1,0.8395726647468925,-inf,15,2026-02-07T18:35:00.000000,False,33328
vsp-setup-007b48a74fc72c414324,2026-02-08 07:00:00+00:00,sell,2026-02-08 07:15:00+00:00,25546.13625,25898.657325357144,24377.9772,,FILLED,2026-02-08 07:15:00+00:00,2026-02-08T07:55:00.000000,STOP,-1.0,35.25210753571446,0.4258578412740224,0.1,-1.0,-1.05,-1.1,-0.39099265160348584,-inf,9,2026-02-08T07:55:00.000000,False,33494
vsp-setup-7047183597e051855527,2026-02-08 07:00:00+00:00,sell,2026-02-08 10:20:00+00:00,25798.72885,25949.316138214286,25469.5152,25446.657,FILLED,2026-02-08 10:20:00+00:00,2026-02-08T10:30:00.000000,STOP,-1.0,15.058728821428668,0.1522212199159191,0.1,-1.0,-1.05,-1.1,0.2740672900707954,-inf,3,2026-02-08T10:30:00.000000,False,33531
vsp-setup-f0d08f6e9622c78c0842,2026-02-08 07:00:00+00:00,sell,2026-02-08 15:00:00+00:00,26176.7809,26547.470118214285,25469.5152,25446.657,FILLED,2026-02-08 15:00:00+00:00,2026-02-08T16:10:00.000000,STOP,-1.0,37.068921821428376,0.4198551567605676,0.1,-1.0,-1.05,-1.1,0.16809417953985908,-inf,15,2026-02-08T16:10:00.000000,False,33587
vsp-setup-1c0e6ed5d347b5bf2731,2026-02-08 15:00:00+00:00,buy,2026-02-08 15:05:00+00:00,26380.31555,26118.15463392857,27149.4649,27225.9355,FILLED,2026-02-08 15:05:00+00:00,2026-02-08T15:25:00.000000,STOP,-1.0,26.216091607142882,0.29755048706956605,0.1,-1.0,-1.05,-1.1,-0.2692950995821379,-inf,5,2026-02-08T15:25:00.000000,False,33588
vsp-setup-5eacc2d9868a92580edc,2026-02-08 15:00:00+00:00,buy,2026-02-08 18:40:00+00:00,26487.87835,26306.917417142857,27149.4649,27225.9355,FILLED,2026-02-08 18:40:00+00:00,2026-02-08T18:40:00.000000,STOP,-1.0,18.096093285714232,0.20545749829958038,0.1,-1.0,-1.05,-1.1,-0.5847132214085645,-inf,1,2026-02-08T18:40:00.000000,False,33631
vsp-setup-c6b7065c2d5255b290c3,2026-02-08 15:00:00+00:00,buy,2026-02-08 21:00:00+00:00,26525.85805,26348.9821825,27671.2652,27974.8846,FILLED,2026-02-08 21:00:00+00:00,2026-02-09T06:20:00.000000,STOP,-1.0,17.6875867499999,0.18425611455707178,0.1,-1.0,-1.05,-1.1,3.418693338705479,-inf,113,2026-02-09T06:20:00.000000,False,33659
vsp-setup-c66d4f5699fa497582ba,2026-02-08 15:00:00+00:00,buy,2026-02-09 00:00:00+00:00,26878.1991,26580.866347857143,27671.2652,27974.8846,FILLED,2026-02-09 00:00:00+00:00,2026-02-09T00:00:00.000000,STOP,-1.0,29.733275214285825,0.325356853438747,0.1,-1.0,-1.05,-1.1,-0.8091937341783322,-inf,1,2026-02-09T00:00:00.000000,False,33695
vsp-setup-d1e2a54e089d2a6f5519,2026-02-09 00:00:00+00:00,buy,2026-02-09 00:35:00+00:00,26692.0423,26549.65192107143,26978.8433,27149.4649,FILLED,2026-02-09 00:35:00+00:00,2026-02-09T01:50:00.000000,TP1,2.014188052297187,14.239037892857233,0.14136185030033638,0.1,2.014188052297187,1.9641880522971868,1.9141880522971868,2.091406752624663,-inf,16,2026-02-09T01:50:00.000000,False,33702
vsp-setup-ceec3a01613ba124b7d5,2026-02-09 00:00:00+00:00,buy,2026-02-09 01:05:00+00:00,26760.36255,26625.48755142857,26978.8433,27149.4649,FILLED,2026-02-09 01:05:00+00:00,2026-02-09T01:50:00.000000,TP1,1.619875828093441,13.48749985714312,0.1372523763941783,0.1,1.619875828093441,1.569875828093441,1.519875828093441,1.7013972376686786,-inf,10,2026-02-09T01:50:00.000000,False,33708
vsp-setup-a8971851ffa4437519ba,2026-02-09 00:00:00+00:00,buy,2026-02-09 01:20:00+00:00,26783.56775,26625.754913214285,27671.2652,27974.8846,FILLED,2026-02-09 01:20:00+00:00,2026-02-09T05:25:00.000000,STOP,-1.0,15.781283678571345,0.1722129919503277,0.1,-1.0,-1.05,-1.1,2.1986465554202064,-inf,50,2026-02-09T05:25:00.000000,False,33711
vsp-setup-5e38cf424461d80a1b91,2026-02-09 00:00:00+00:00,buy,2026-02-09 02:10:00+00:00,26932.67525,26666.166274285715,27671.2652,27974.8846,FILLED,2026-02-09 02:10:00+00:00,2026-02-09T05:25:00.000000,STOP,-1.0,26.650897571428505,0.29612569052661375,0.1,-1.0,-1.05,-1.1,0.7424408482666816,-inf,40,2026-02-09T05:25:00.000000,False,33721
vsp-setup-9a9cdb35d857ecf7fd7f,2026-02-09 00:00:00+00:00,buy,2026-02-09 04:00:00+00:00,27072.37815,26752.0158375,27671.2652,27974.8846,FILLED,2026-02-09 04:00:00+00:00,2026-02-09T04:25:00.000000,STOP,-1.0,32.03623125000013,0.3755635560513502,0.1,-1.0,-1.05,-1.1,-0.3920531382729366,-inf,6,2026-02-09T04:25:00.000000,False,33743
vsp-setup-cea1bcf5091c15cee27a,2026-02-09 00:00:00+00:00,buy,2026-02-09 07:35:00+00:00,26488.97365,26195.498074285715,27035.0857,27130.5424,FILLED,2026-02-09 07:35:00+00:00,2026-02-09T08:35:00.000000,TP1,1.86084327007734,29.34755757142848,0.3153213302740504,0.1,1.86084327007734,1.81084327007734,1.76084327007734,2.000509066456607,-inf,13,2026-02-09T08:35:00.000000,False,33786
vsp-setup-3cae5a2089f2bcf66113,2026-02-09 00:00:00+00:00,buy,2026-02-09 07:50:00+00:00,26612.6705,26195.38040214286,27671.2652,27974.8846,FILLED,2026-02-09 07:50:00+00:00,2026-02-10T11:20:00.000000,STOP,-1.0,41.729009785714155,0.45938943130749305,0.1,-1.0,-1.05,-1.1,1.914023131872721,-inf,331,2026-02-10T11:20:00.000000,False,33789
vsp-setup-9fa04dfbe284273890b9,2026-02-09 00:00:00+00:00,buy,2026-02-09 08:00:00+00:00,26740.02965,26195.35794392857,27671.2652,27974.8846,FILLED,2026-02-09 08:00:00+00:00,2026-02-10T11:20:00.000000,STOP,-1.0,54.46717060714291,0.5560043454997896,0.1,-1.0,-1.05,-1.1,1.2325658603458998,-inf,329,2026-02-10T11:20:00.000000,False,33791
vsp-setup-59e42a1bf1ea8fd11f01,2026-02-09 08:00:00+00:00,buy,2026-02-09 08:10:00+00:00,26740.02965,26195.153161785714,27671.2652,27974.8846,FILLED,2026-02-09 08:10:00+00:00,2026-02-10T11:20:00.000000,STOP,-1.0,54.48764882142859,0.5845944175361077,0.1,-1.0,-1.05,-1.1,1.23210262237628,-inf,327,2026-02-10T11:20:00.000000,False,33793
vsp-setup-58f738927a8511128caf,2026-02-09 08:00:00+00:00,buy,2026-02-09 13:05:00+00:00,27334.58245,26825.710450357143,28746.1027,28890.2864,FILLED,2026-02-09 13:05:00+00:00,2026-02-09T14:45:00.000000,STOP,-1.0,50.887199964285905,0.4972775126770997,0.1,-1.0,-1.05,-1.1,-0.16559223156145386,-inf,21,2026-02-09T14:45:00.000000,False,33852
vsp-setup-310a10a8d223ab9779da,2026-02-09 14:00:00+00:00,sell,2026-02-09 14:25:00+00:00,27002.27095,27255.18853964286,26200.0092,26114.4702,FILLED,2026-02-09 14:25:00+00:00,2026-02-10T10:15:00.000000,TP1,3.1720282924285903,25.291758964286057,0.2616116743571286,0.1,3.1720282924285903,3.1220282924285905,3.07202829242859,3.1882533403020767,-inf,239,2026-02-10T10:15:00.000000,False,33868
vsp-setup-479b4e30139c6e9b8365,2026-02-09 14:00:00+00:00,sell,2026-02-09 14:40:00+00:00,26900.8387,27226.188571785715,26200.0092,26114.4702,FILLED,2026-02-09 14:40:00+00:00,2026-02-10T10:15:00.000000,TP1,2.15407953337565,32.53498717857146,0.34046982035723533,0.1,2.15407953337565,2.1040795333756503,2.05407953337565,2.1666924167847603,-inf,236,2026-02-10T10:15:00.000000,False,33871
vsp-setup-e93f55e28fdff3c1ac1b,2026-02-09 14:00:00+00:00,sell,2026-02-09 14:55:00+00:00,26830.81995,27226.399410714286,26200.0092,26114.4702,FILLED,2026-02-09 14:55:00+00:00,2026-02-10T10:15:00.000000,TP1,1.5946499063954576,39.557946071428525,0.40516271656890396,0.1,1.5946499063954576,1.5446499063954575,1.4946499063954575,1.6050235491336131,-inf,233,2026-02-10T10:15:00.000000,False,33874
vsp-setup-f41d0e1fd7408c98e53d,2026-02-09 14:00:00+00:00,sell,2026-02-09 15:05:00+00:00,26686.1512,27226.60137357143,25431.5577,25119.5505,FILLED,2026-02-09 15:05:00+00:00,2026-02-11T00:00:00.000000,TP1,2.3213860617516926,54.04501735714294,0.5326374099960806,0.1,2.3213860617516926,2.2713860617516928,2.2213860617516925,2.403242821474155,-inf,396,2026-02-11T00:00:00.000000,False,33876
vsp-setup-80a369c51ea5185f842a,2026-02-09 14:00:00+00:00,sell,2026-02-09 17:45:00+00:00,26869.7193,27196.322166785714,26200.0092,26114.4702,FILLED,2026-02-09 17:45:00+00:00,2026-02-09T23:30:00.000000,STOP,-1.0,32.66028667857136,0.30733820557306835,0.1,-1.0,-1.05,-1.1,1.38624196552767,-inf,70,2026-02-09T23:30:00.000000,False,33908
vsp-setup-590186a78d9fd915150d,2026-02-09 14:00:00+00:00,sell,2026-02-09 19:40:00+00:00,26470.20415,26737.82906607143,25431.5577,25119.5505,FILLED,2026-02-09 19:40:00+00:00,2026-02-09T20:55:00.000000,STOP,-1.0,26.762491607142877,0.29503394928981425,0.1,-1.0,-1.05,-1.1,0.08856331595700233,-inf,16,2026-02-09T20:55:00.000000,False,33931
vsp-setup-56b3655d358cc7af798b,2026-02-09 14:00:00+00:00,sell,2026-02-10 01:35:00+00:00,26805.84925,27004.92446428572,26446.5024,26416.9687,FILLED,2026-02-10 01:35:00+00:00,2026-02-10T01:50:00.000000,TP1,1.8050808147530129,19.907521428572,0.21781973856345752,0.1,1.8050808147530129,1.7550808147530128,1.7050808147530128,2.075307825147139,-inf,4,2026-02-10T01:50:00.000000,False,34002
vsp-setup-d11855e26b104030df9e,2026-02-09 14:00:00+00:00,sell,2026-02-10 02:35:00+00:00,26307.478150000003,27005.39260821429,25119.5505,,FILLED,2026-02-10 02:35:00+00:00,2026-02-10T05:30:00.000000,STOP,-1.0,69.79144582142872,0.7195106208940385,0.1,-1.0,-1.05,-1.1,-0.25098627480535124,-inf,36,2026-02-10T05:30:00.000000,False,34014
vsp-setup-1b79dce056ddeeae1f6a,2026-02-09 14:00:00+00:00,sell,2026-02-10 04:05:00+00:00,26648.5965,26852.12437464285,26221.4699,26200.0092,FILLED,2026-02-10 04:05:00+00:00,2026-02-10T05:15:00.000000,STOP,-1.0,20.352787464285214,0.22879573210267393,0.1,-1.0,-1.05,-1.1,0.8153743082671467,-inf,15,2026-02-10T05:15:00.000000,False,34032
vsp-setup-ad507635a598639c3109,2026-02-09 14:00:00+00:00,sell,2026-02-10 04:30:00+00:00,26578.941850000003,26849.504650357143,25431.5577,25119.5505,FILLED,2026-02-10 04:30:00+00:00,2026-02-10T05:15:00.000000,STOP,-1.0,27.05628003571401,0.3217859524229207,0.1,-1.0,-1.05,-1.1,0.280995945856745,-inf,10,2026-02-10T05:15:00.000000,False,34037
vsp-setup-22c15d521bf5e096602b,2026-02-09 14:00:00+00:00,sell,2026-02-10 06:20:00+00:00,26731.6353,26940.40291107143,26221.4699,26200.0092,FILLED,2026-02-10 06:20:00+00:00,2026-02-10T09:45:00.000000,TP1,2.443699946470406,20.87676110714274,0.21972752589408392,0.1,2.443699946470406,2.3936999464704063,2.343699946470406,2.4922553710785462,-inf,42,2026-02-10T09:45:00.000000,False,34059
vsp-setup-5d77d02f429e1d6ae671,2026-02-09 14:00:00+00:00,sell,2026-02-10 07:10:00+00:00,26486.6021,26744.94607214286,25431.5577,25119.5505,FILLED,2026-02-10 07:10:00+00:00,2026-02-11T00:00:00.000000,TP1,4.083874654588738,25.834397214285858,0.29131805466620114,0.1,4.083874654588738,4.033874654588738,3.9838746545887376,4.25511727981065,-inf,203,2026-02-11T00:00:00.000000,False,34069
vsp-setup-1dfdb815d82230240b23,2026-02-09 14:00:00+00:00,sell,2026-02-10 08:55:00+00:00,26348.97265,26618.980004285717,25431.5577,25119.5505,FILLED,2026-02-10 08:55:00+00:00,2026-02-10T08:55:00.000000,STOP,-1.0,27.000735428571716,0.3215402139307015,0.1,-1.0,-1.05,-1.1,-0.7169088061029936,-inf,1,2026-02-10T08:55:00.000000,False,34090
vsp-setup-6a0fded41b3763440d4e,2026-02-10 12:00:00+00:00,sell,2026-02-10 17:20:00+00:00,25929.57895,26336.062064285717,25119.5505,,FILLED,2026-02-10 17:20:00+00:00,2026-02-10T17:55:00.000000,STOP,-1.0,40.64831142857184,0.448242400908404,0.1,-1.0,-1.05,-1.1,-0.2745588834510683,-inf,8,2026-02-10T17:55:00.000000,False,34191
vsp-setup-12cd21fc40177e7b5542,2026-02-10 21:00:00+00:00,sell,2026-02-11 02:30:00+00:00,25547.81205,25725.64348428572,25119.5505,,FILLED,2026-02-11 02:30:00+00:00,2026-02-11T02:35:00.000000,STOP,-1.0,17.78314342857193,0.17743187038731223,0.1,-1.0,-1.05,-1.1,-0.562862524289032,-inf,2,2026-02-11T02:35:00.000000,False,34301
vsp-setup-263d784f268a46fd5897,2026-02-11 17:00:00+00:00,buy,2026-02-11 17:10:00+00:00,25555.72185,25391.345689642854,25883.0488,26520.8746,FILLED,2026-02-11 17:10:00+00:00,2026-02-11T17:40:00.000000,TP1,1.9913286043961655,16.437616035714747,0.19015323825890545,0.1,1.9913286043961655,1.9413286043961655,1.8913286043961655,1.9944385444196466,-inf,7,2026-02-11T17:40:00.000000,False,34477
vsp-setup-920f324d746b50369d92,2026-02-11 18:00:00+00:00,buy,2026-02-11 19:00:00+00:00,25859.54815,25469.20462964286,26520.8746,26676.9565,FILLED,2026-02-11 19:00:00+00:00,2026-02-11T20:35:00.000000,STOP,-1.0,39.034352035713894,0.43457233726884203,0.1,-1.0,-1.05,-1.1,0.08204299118556387,-inf,20,2026-02-11T20:35:00.000000,False,34499
vsp-setup-b9a06d53d7c199b9e9b8,2026-02-11 18:00:00+00:00,buy,2026-02-11 21:35:00+00:00,25626.0604,25369.229188214285,26676.9565,26718.8667,FILLED,2026-02-11 21:35:00+00:00,2026-02-12T01:05:00.000000,STOP,-1.0,25.683121178571312,0.285835876517243,0.1,-1.0,-1.05,-1.1,1.4945060506129364,-inf,43,2026-02-12T01:05:00.000000,False,34530
vsp-setup-db5a49419eb9d9fa544b,2026-02-11 18:00:00+00:00,buy,2026-02-11 21:55:00+00:00,25647.7998,25519.78382892857,25840.2736,25891.5731,FILLED,2026-02-11 21:55:00+00:00,2026-02-11T22:30:00.000000,TP1,1.5035139630554386,12.801597107143245,0.14589333377508684,0.1,1.5035139630554386,1.4535139630554386,1.4035139630554385,1.7080361002611835,-inf,8,2026-02-11T22:30:00.000000,False,34534
vsp-setup-7d4ecc5a601e5d8053f7,2026-02-11 18:00:00+00:00,buy,2026-02-11 22:55:00+00:00,25927.9291,25604.83431,26676.9565,26718.8667,FILLED,2026-02-11 22:55:00+00:00,2026-02-11T23:25:00.000000,STOP,-1.0,32.30947900000029,0.3578817668824065,0.1,-1.0,-1.05,-1.1,-0.2335769635901644,-inf,7,2026-02-11T23:25:00.000000,False,34546
vsp-setup-7e4d0ff14bc334e1e596,2026-02-11 18:00:00+00:00,buy,2026-02-12 00:10:00+00:00,25717.59725,25465.1546325,26676.9565,26718.8667,FILLED,2026-02-12 00:10:00+00:00,2026-02-12T00:35:00.000000,STOP,-1.0,25.244261749999716,0.2580290006561306,0.1,-1.0,-1.05,-1.1,0.13686417270650322,-inf,6,2026-02-12T00:35:00.000000,False,34561
vsp-setup-8af9c8dcba41b5df7deb,2026-02-11 18:00:00+00:00,buy,2026-02-12 01:35:00+00:00,25453.6636,25361.87018,25810.4562,26009.8962,FILLED,2026-02-12 01:35:00+00:00,2026-02-12T02:15:00.000000,TP1,3.8869082337275143,9.179341999999815,0.10390569162958926,0.1,3.8869082337275143,3.8369082337275144,3.786908233727514,3.9951785215106734,-inf,9,2026-02-12T02:15:00.000000,False,34578
vsp-setup-518494d8a145c0093e21,2026-02-11 18:00:00+00:00,buy,2026-02-12 01:50:00+00:00,25566.90595,25376.929243214287,26009.8962,26676.9565,FILLED,2026-02-12 01:50:00+00:00,2026-02-12T03:15:00.000000,TP1,2.3318135022714888,18.997670678571378,0.22301418787307986,0.1,2.3318135022714888,2.281813502271489,2.2318135022714887,2.582801640800403,-inf,18,2026-02-12T03:15:00.000000,False,34581
vsp-setup-e1c1c118e0f0fbbd5d83,2026-02-11 18:00:00+00:00,buy,2026-02-12 02:05:00+00:00,25619.22165,25376.449847857144,26009.8962,26676.9565,FILLED,2026-02-12 02:05:00+00:00,2026-02-12T03:15:00.000000,TP1,1.6092253983026954,24.277180214285547,0.26373279489134344,0.1,1.6092253983026954,1.5592253983026954,1.5092253983026953,1.8056316513317927,-inf,15,2026-02-12T03:15:00.000000,False,34584
vsp-setup-6971b6880e4ab3881467,2026-02-11 18:00:00+00:00,buy,2026-02-12 02:50:00+00:00,25927.98575,25462.768538214288,26676.9565,26718.8667,FILLED,2026-02-12 02:50:00+00:00,2026-02-12T08:10:00.000000,TP1,1.6099377474129035,46.52172117857117,0.45894875851371275,0.1,1.6099377474129035,1.5599377474129035,1.5099377474129034,1.6770182405877199,-inf,65,2026-02-12T08:10:00.000000,False,34593
vsp-setup-3e1cd2fbd22957fed2a1,2026-02-12 03:00:00+00:00,buy,2026-02-12 04:55:00+00:00,26110.1704,25755.21626035714,26676.9565,26718.8667,FILLED,2026-02-12 04:55:00+00:00,2026-02-12T08:10:00.000000,TP1,1.596786842858859,35.49541396428577,0.43405730008380267,0.1,1.596786842858859,1.546786842858859,1.4967868428588589,1.684705242772149,-inf,40,2026-02-12T08:10:00.000000,False,34618
vsp-setup-d6e9e8ffdb0bb3ccdf6d,2026-02-12 05:00:00+00:00,buy,2026-02-12 05:05:00+00:00,26110.1704,25754.964032142856,26676.9565,26718.8667,FILLED,2026-02-12 05:05:00+00:00,2026-02-12T08:10:00.000000,TP1,1.5956529817279381,35.52063678571431,0.40506174335846634,0.1,1.5956529817279381,1.545652981727938,1.495652981727938,1.6835089517328152,-inf,38,2026-02-12T08:10:00.000000,False,34620
vsp-setup-73d93af78c9bb3daf699,2026-02-12 06:00:00+00:00,buy,2026-02-12 09:40:00+00:00,26637.06615,26263.35409321429,27216.4007,27221.5114,FILLED,2026-02-12 09:40:00+00:00,2026-02-12T12:25:00.000000,STOP,-1.0,37.37120567857092,0.39729805300011556,0.1,-1.0,-1.05,-1.1,0.47621463308059353,-inf,34,2026-02-12T12:25:00.000000,False,34675
vsp-setup-a2faaec7b7dac4d559c0,2026-02-12 11:00:00+00:00,buy,2026-02-12 11:50:00+00:00,26721.50935,26302.645475,27411.3734,27671.2652,FILLED,2026-02-12 11:50:00+00:00,2026-02-12T12:00:00.000000,STOP,-1.0,41.88638749999991,0.45622314072218884,0.1,-1.0,-1.05,-1.1,-0.5191556564766996,-inf,3,2026-02-12T12:00:00.000000,False,34701
vsp-setup-bc8f445696e47a98050f,2026-02-12 11:00:00+00:00,buy,2026-02-12 17:35:00+00:00,25791.4284,25621.988756785715,26184.0035,26193.1942,FILLED,2026-02-12 17:35:00+00:00,2026-02-12T19:30:00.000000,TP1,2.316902305462949,16.943964321428577,0.20485696960862337,0.1,2.316902305462949,2.266902305462949,2.216902305462949,2.3377321415806747,-inf,24,2026-02-12T19:30:00.000000,False,34770
vsp-setup-f1dcd5c2150361ad93b4,2026-02-12 11:00:00+00:00,buy,2026-02-12 17:55:00+00:00,26005.12275,25622.056239285717,26814.7999,26815.0333,FILLED,2026-02-12 17:55:00+00:00,2026-02-13T19:00:00.000000,TP1,2.1136725016505524,38.306651071428135,0.42374607320700103,0.1,2.1136725016505524,2.0636725016505526,2.0136725016505523,2.3671741711620036,-inf,302,2026-02-13T19:00:00.000000,False,34774
vsp-setup-35b42e8121c98a9d0b9d,2026-02-12 11:00:00+00:00,buy,2026-02-12 19:40:00+00:00,26122.26605,25884.274046785715,26814.7999,26815.0333,FILLED,2026-02-12 19:40:00+00:00,2026-02-12T21:55:00.000000,STOP,-1.0,23.799200321428362,0.2666186580916903,0.1,-1.0,-1.05,-1.1,0.5625384390729289,-inf,28,2026-02-12T21:55:00.000000,False,34795
vsp-setup-4bf9fcf6e776e84987a8,2026-02-12 11:00:00+00:00,buy,2026-02-13 00:05:00+00:00,25825.5408,25625.994909642857,26127.3362,26252.3198,FILLED,2026-02-13 00:05:00+00:00,2026-02-13T03:00:00.000000,TP1,1.5124110021001074,19.954589035714164,0.20701939398987437,0.1,1.5124110021001074,1.4624110021001073,1.4124110021001073,1.5244292902026957,-inf,36,2026-02-13T03:00:00.000000,False,34848
vsp-setup-50139754cebaece01720,2026-02-12 11:00:00+00:00,buy,2026-02-13 00:20:00+00:00,25871.2398,25626.045033571427,26252.3198,26256.1457,FILLED,2026-02-13 00:20:00+00:00,2026-02-13T08:25:00.000000,TP1,1.554193042334016,24.519476642857263,0.25570910472118025,0.1,1.554193042334016,1.504193042334016,1.454193042334016,1.602081095456136,-inf,98,2026-02-13T08:25:00.000000,False,34851
vsp-setup-a87d29f52208acb4cb7a,2026-02-12 11:00:00+00:00,buy,2026-02-13 01:55:00+00:00,25910.801,25721.459053571427,26252.3198,26256.1457,FILLED,2026-02-13 01:55:00+00:00,2026-02-13T06:40:00.000000,STOP,-1.0,18.934194642857257,0.19476489674280875,0.1,-1.0,-1.05,-1.1,1.746873348662742,-inf,58,2026-02-13T06:40:00.000000,False,34870
vsp-setup-f2c46c78956a567d5395,2026-02-12 11:00:00+00:00,buy,2026-02-13 03:10:00+00:00,26083.3048,25751.29627678572,26814.7999,26815.0333,FILLED,2026-02-13 03:10:00+00:00,2026-02-13T06:40:00.000000,STOP,-1.0,33.2008523214281,0.3472770291033489,0.1,-1.0,-1.05,-1.1,0.4766522210571753,-inf,43,2026-02-13T06:40:00.000000,False,34885
vsp-setup-c87fe26cd3549c0c0cc2,2026-02-12 11:00:00+00:00,buy,2026-02-13 05:40:00+00:00,26177.7333,25880.170951785716,26814.7999,26815.0333,FILLED,2026-02-13 05:40:00+00:00,2026-02-13T06:10:00.000000,STOP,-1.0,29.75623482142837,0.31011375961504456,0.1,-1.0,-1.05,-1.1,-0.24035668635231228,-inf,7,2026-02-13T06:10:00.000000,False,34915
vsp-setup-0a213b3b9418bd1ea81c,2026-02-12 11:00:00+00:00,buy,2026-02-13 09:00:00+00:00,26180.8465,25973.408716785714,26814.7999,26815.0333,FILLED,2026-02-13 09:00:00+00:00,2026-02-13T09:05:00.000000,STOP,-1.0,20.743778321428547,0.24265377959927042,0.1,-1.0,-1.05,-1.1,-0.2963592217744363,-inf,2,2026-02-13T09:05:00.000000,False,34955
vsp-setup-acdc53a5e26cac52b786,2026-02-12 11:00:00+00:00,buy,2026-02-13 12:25:00+00:00,25982.8186,25842.922039642857,26278.3856,26383.7003,FILLED,2026-02-13 12:25:00+00:00,2026-02-13T12:40:00.000000,TP1,2.112753875044896,13.989656035714143,0.15016066382366713,0.1,2.112753875044896,2.0627538750448964,2.012753875044896,2.1469462811182742,-inf,4,2026-02-13T12:40:00.000000,False,34996
vsp-setup-48635dadf11cc525f5de,2026-02-12 11:00:00+00:00,buy,2026-02-13 15:45:00+00:00,26432.34705,25959.861511785715,27216.4007,27411.3734,FILLED,2026-02-13 15:45:00+00:00,2026-02-14T01:50:00.000000,STOP,-1.0,47.24855382142851,0.5158701033635653,0.1,-1.0,-1.05,-1.1,1.261522526705725,-inf,122,2026-02-14T01:50:00.000000,False,35036
vsp-setup-1d62045c82cc70e8d512,2026-02-13 16:00:00+00:00,buy,2026-02-13 16:05:00+00:00,26432.34705,25959.64854785714,27216.4007,27411.3734,FILLED,2026-02-13 16:05:00+00:00,2026-02-14T01:50:00.000000,STOP,-1.0,47.26985021428591,0.4822526153859604,0.1,-1.0,-1.05,-1.1,1.2609541754373077,-inf,118,2026-02-14T01:50:00.000000,False,35040
vsp-setup-7ca0b069c808de0b589b,2026-02-13 16:00:00+00:00,buy,2026-02-13 16:40:00+00:00,26185.62615,26041.853655714287,26503.229,26815.0333,FILLED,2026-02-13 16:40:00+00:00,2026-02-13T18:00:00.000000,TP1,2.20906545148226,14.377249428571304,0.15870823117801722,0.1,2.20906545148226,2.15906545148226,2.1090654514822598,2.2638339246809926,-inf,17,2026-02-13T18:00:00.000000,False,35047
vsp-setup-ebcf4e26381939c09f7e,2026-02-13 16:00:00+00:00,buy,2026-02-13 17:05:00+00:00,26302.61765,26022.525876071428,26815.0333,27031.5639,FILLED,2026-02-13 17:05:00+00:00,2026-02-13T19:00:00.000000,TP1,1.8294562628985767,28.00917739285724,0.30414428616370365,0.1,1.8294562628985767,1.7794562628985766,1.7294562628985766,2.175323614307132,-inf,24,2026-02-13T19:00:00.000000,False,35052
vsp-setup-d23fa2d6d5d47410680f,2026-02-13 20:00:00+00:00,buy,2026-02-13 22:35:00+00:00,26547.34065,26305.934184642854,27028.3982,27031.5639,FILLED,2026-02-13 22:35:00+00:00,2026-02-14T01:10:00.000000,STOP,-1.0,24.140646535714406,0.2802750259796442,0.1,-1.0,-1.05,-1.1,1.0990043270278638,-inf,32,2026-02-14T01:10:00.000000,False,35118
vsp-setup-91baf33d795ef4341fa7,2026-02-13 20:00:00+00:00,buy,2026-02-13 23:40:00+00:00,26549.9551,26430.527288928573,26903.5118,27028.3982,FILLED,2026-02-13 23:40:00+00:00,2026-02-14T01:10:00.000000,STOP,-1.0,11.942781107142583,0.11787065551869853,0.1,-1.0,-1.05,-1.1,2.1995906786141703,-inf,19,2026-02-14T01:10:00.000000,False,35131
vsp-setup-2e039d60bbbf7716c50f,2026-02-13 20:00:00+00:00,buy,2026-02-14 00:15:00+00:00,26712.1795,26430.92775107143,27216.4007,27411.3734,FILLED,2026-02-14 00:15:00+00:00,2026-02-14T01:10:00.000000,STOP,-1.0,28.12517489285674,0.3409401390767301,0.1,-1.0,-1.05,-1.1,0.1436577733433548,-inf,12,2026-02-14T01:10:00.000000,False,35138
vsp-setup-08f045d5d650048287af,2026-02-14 01:00:00+00:00,sell,2026-02-14 02:20:00+00:00,26066.7817,26741.051771785715,24797.7533,,FILLED,2026-02-14 02:20:00+00:00,2026-02-14T06:00:00.000000,STOP,-1.0,67.42700717857151,0.6453592673279609,0.1,-1.0,-1.05,-1.1,-0.2330652161140892,-inf,45,2026-02-14T06:00:00.000000,False,35163
vsp-setup-1731ce4ac74b82657eec,2026-02-14 01:00:00+00:00,sell,2026-02-14 03:50:00+00:00,26352.75935,26590.584950357144,25949.3054,25902.2716,FILLED,2026-02-14 03:50:00+00:00,2026-02-14T05:05:00.000000,STOP,-1.0,23.782560035714415,0.25937895391136345,0.1,-1.0,-1.05,-1.1,0.3808872966744124,-inf,16,2026-02-14T05:05:00.000000,False,35181
vsp-setup-1574a9fca0476984e720,2026-02-14 01:00:00+00:00,sell,2026-02-14 04:05:00+00:00,26347.27485,26590.7924725,25949.3054,25902.2716,FILLED,2026-02-14 04:05:00+00:00,2026-02-14T05:05:00.000000,STOP,-1.0,24.351762249999958,0.2547832078105547,0.1,-1.0,-1.05,-1.1,0.34946238849717454,-inf,13,2026-02-14T05:05:00.000000,False,35184
vsp-setup-a74c73009a15b620b778,2026-02-14 01:00:00+00:00,sell,2026-02-14 07:40:00+00:00,26447.12525,26810.20104714286,25902.2716,25847.5533,FILLED,2026-02-14 07:40:00+00:00,2026-02-14T08:25:00.000000,STOP,-1.0,36.30757971428575,0.4312889138531331,0.1,-1.0,-1.05,-1.1,-0.09738145664963851,-inf,10,2026-02-14T08:25:00.000000,False,35227
vsp-setup-47a39345d46a7146734f,2026-02-14 01:00:00+00:00,sell,2026-02-14 08:50:00+00:00,26683.24915,26749.004954285712,26482.4821,26392.241,FILLED,2026-02-14 08:50:00+00:00,2026-02-14T09:15:00.000000,STOP,-1.0,6.575580428571266,0.07027213947601216,0.1,-1.0,-1.05,-1.1,2.1257172886617743,-inf,6,2026-02-14T09:15:00.000000,False,35241
vsp-setup-7f4c63122f1d9f1afbe1,2026-02-14 11:00:00+00:00,buy,2026-02-14 13:15:00+00:00,27440.58955,27169.75976142857,27974.8846,28746.1027,FILLED,2026-02-14 13:15:00+00:00,2026-02-14T13:15:00.000000,STOP,-1.0,27.0829788571431,0.24970545610160316,0.1,-1.0,-1.05,-1.1,-0.6613266249061891,-inf,1,2026-02-14T13:15:00.000000,False,35294
vsp-setup-81fa07757edccd6e7b75,2026-02-14 11:00:00+00:00,buy,2026-02-14 21:55:00+00:00,27383.0992,27021.911211785715,27974.8846,28746.1027,FILLED,2026-02-14 21:55:00+00:00,2026-02-14T22:20:00.000000,STOP,-1.0,36.11879882142858,0.3972851463462422,0.1,-1.0,-1.05,-1.1,0.1696994418419986,-inf,6,2026-02-14T22:20:00.000000,False,35398
vsp-setup-c9e1dde739c12601a3e0,2026-02-14 22:00:00+00:00,sell,2026-02-14 22:05:00+00:00,27068.1408,27608.51328178572,26223.9306,25949.3054,FILLED,2026-02-14 22:05:00+00:00,2026-02-15T03:35:00.000000,TP1,1.5622745947577106,54.03724817857183,0.5771719336084261,0.1,1.5622745947577106,1.5122745947577105,1.4622745947577105,1.6518470686187943,-inf,67,2026-02-15T03:35:00.000000,False,35400
vsp-setup-621e1ba44e30e6e5e438,2026-02-14 22:00:00+00:00,sell,2026-02-15 11:35:00+00:00,26690.05725,26932.403623214286,26295.2133,25960.2343,FILLED,2026-02-15 11:35:00+00:00,2026-02-15T15:05:00.000000,STOP,-1.0,24.234637321428455,0.2720184792376846,0.1,-1.0,-1.05,-1.1,0.8453695728256297,-inf,43,2026-02-15T15:05:00.000000,False,35562
vsp-setup-a94b464016dda02d81f3,2026-02-14 22:00:00+00:00,sell,2026-02-15 12:00:00+00:00,26632.0878,26931.677145,25960.2343,25949.3054,FILLED,2026-02-15 12:00:00+00:00,2026-02-15T15:05:00.000000,STOP,-1.0,29.958934500000034,0.3672478651382576,0.1,-1.0,-1.05,-1.1,0.49034721178084517,-inf,38,2026-02-15T15:05:00.000000,False,35567
vsp-setup-42ae411e74492655fee0,2026-02-15 03:00:00+00:00,sell,2026-02-15 12:10:00+00:00,26544.858,26709.496491428574,26295.2133,25960.2343,FILLED,2026-02-15 12:10:00+00:00,2026-02-15T12:40:00.000000,STOP,-1.0,16.463849142857363,0.21092830498644446,0.1,-1.0,-1.05,-1.1,0.25193804705137673,-inf,7,2026-02-15T12:40:00.000000,False,35569
vsp-setup-c833cc4f1368cd189b27,2026-02-15 16:00:00+00:00,sell,2026-02-15 17:30:00+00:00,26534.46285,26986.239028214284,25731.036,25726.2234,FILLED,2026-02-15 17:30:00+00:00,2026-02-15T20:45:00.000000,STOP,-1.0,45.177617821428434,0.5692159103569943,0.1,-1.0,-1.05,-1.1,0.23247916792589815,-inf,40,2026-02-15T20:45:00.000000,False,35633
vsp-setup-d01ee2867422179fca74,2026-02-15 20:00:00+00:00,buy,2026-02-15 22:25:00+00:00,27113.3567,26755.05830785714,27671.2652,27974.8846,FILLED,2026-02-15 22:25:00+00:00,2026-02-15T22:35:00.000000,STOP,-1.0,35.82983921428604,0.3890488402667459,0.1,-1.0,-1.05,-1.1,-0.3182464741693165,-inf,3,2026-02-15T22:35:00.000000,False,35692
vsp-setup-42e3f3fd1dcb887985f3,2026-02-15 20:00:00+00:00,buy,2026-02-16 00:30:00+00:00,26516.5545,26375.331350714285,26916.2558,27244.0138,FILLED,2026-02-16 00:30:00+00:00,2026-02-16T02:50:00.000000,TP1,2.830281735123685,14.12231492857136,0.13976419083026245,0.1,2.830281735123685,2.780281735123685,2.7302817351236848,3.464129659155603,-inf,29,2026-02-16T02:50:00.000000,False,35717
vsp-setup-8e5de0c8f2ffb7923b9d,2026-02-15 20:00:00+00:00,buy,2026-02-16 00:45:00+00:00,26644.2374,26375.463236785712,27244.0138,27481.8126,FILLED,2026-02-16 00:45:00+00:00,2026-02-16T03:55:00.000000,TP1,2.2315255038922985,26.877416321428974,0.2858654456403114,0.1,2.2315255038922985,2.1815255038922987,2.1315255038922984,2.3463676435937555,-inf,39,2026-02-16T03:55:00.000000,False,35720
vsp-setup-32de0511fe685333e9fe,2026-02-15 20:00:00+00:00,buy,2026-02-16 02:05:00+00:00,26581.75875,26375.089684285715,26916.2558,27244.0138,FILLED,2026-02-16 02:05:00+00:00,2026-02-16T02:50:00.000000,TP1,1.6185153246999733,20.666906571428626,0.22515722393392648,0.1,1.6185153246999733,1.5685153246999732,1.5185153246999732,2.0516425548958535,-inf,10,2026-02-16T02:50:00.000000,False,35736
vsp-setup-42c179b90b12fd7d4fe2,2026-02-15 20:00:00+00:00,buy,2026-02-16 02:15:00+00:00,26672.8894,26419.1716975,27244.0138,27481.8126,FILLED,2026-02-16 02:15:00+00:00,2026-02-16T03:55:00.000000,TP1,2.2510230637139106,25.371770249999827,0.27418604314574047,0.1,2.2510230637139106,2.2010230637139108,2.1510230637139105,2.3726803217446064,-inf,21,2026-02-16T03:55:00.000000,False,35738
vsp-setup-f3e7bd2a68950ae68c6c,2026-02-15 20:00:00+00:00,buy,2026-02-16 03:00:00+00:00,26957.60955,26522.826166785715,27671.2652,27974.8846,FILLED,2026-02-16 03:00:00+00:00,2026-02-16T04:40:00.000000,TP1,1.641405071012731,43.4783383214286,0.4545037150483133,0.1,1.641405071012731,1.591405071012731,1.541405071012731,1.6995333274634694,-inf,21,2026-02-16T04:40:00.000000,False,35747
vsp-setup-e6c69505be71fac95bea,2026-02-16 03:00:00+00:00,buy,2026-02-16 03:10:00+00:00,26981.92325,26522.672272142856,27671.2652,27974.8846,FILLED,2026-02-16 03:10:00+00:00,2026-02-16T04:40:00.000000,TP1,1.5010135704369274,45.92509778571439,0.46072572800350114,0.1,1.5010135704369274,1.4510135704369274,1.4010135704369273,1.55604491760558,-inf,19,2026-02-16T04:40:00.000000,False,35749
vsp-setup-5c905825ec17aaa83acd,2026-02-16 03:00:00+00:00,buy,2026-02-16 03:30:00+00:00,26995.0766,26522.545111785712,27974.8846,28746.1027,FILLED,2026-02-16 03:30:00+00:00,2026-02-16T05:35:00.000000,TP1,2.0735295412856543,47.253148821428844,0.46701180892858635,0.1,2.0735295412856543,2.0235295412856544,1.9735295412856542,2.159720199508056,-inf,26,2026-02-16T05:35:00.000000,False,35753
vsp-setup-733ab76fbc69be8b2354,2026-02-16 03:00:00+00:00,buy,2026-02-16 03:40:00+00:00,27065.35955,26906.643897857142,27603.6395,27671.2652,FILLED,2026-02-16 03:40:00+00:00,2026-02-16T04:35:00.000000,TP1,3.39147363686285,15.871565214285875,0.15884319187999538,0.1,3.39147363686285,3.34147363686285,3.29147363686285,3.6715789661090423,-inf,12,2026-02-16T04:35:00.000000,False,35755
vsp-setup-53ca3db7bac04b1bc3d7,2026-02-16 06:00:00+00:00,buy,2026-02-16 06:10:00+00:00,27907.05725,27551.33973714286,28746.1027,28890.2864,FILLED,2026-02-16 06:10:00+00:00,2026-02-16T06:10:00.000000,STOP,-1.0,35.57175128571435,0.33571220664799956,0.1,-1.0,-1.05,-1.1,-0.7530431882547709,-inf,1,2026-02-16T06:10:00.000000,False,35785
vsp-setup-97794c197c9784c15793,2026-02-16 07:00:00+00:00,buy,2026-02-16 07:45:00+00:00,27543.5578,27344.826505,28015.6124,28746.1027,FILLED,2026-02-16 07:45:00+00:00,2026-02-16T08:40:00.000000,TP1,2.375341035240617,19.873129499999777,0.22697823357356925,0.1,2.375341035240617,2.325341035240617,2.2753410352406167,2.415792137821112,-inf,12,2026-02-16T08:40:00.000000,False,35804
vsp-setup-a4cbb821d5731f76c47a,2026-02-16 07:00:00+00:00,buy,2026-02-17 00:15:00+00:00,27782.84755,27541.929986785715,28147.2453,28150.4035,FILLED,2026-02-17 00:15:00+00:00,2026-02-17T00:20:00.000000,STOP,-1.0,24.09175632142833,0.25158727157882427,0.1,-1.0,-1.05,-1.1,-0.41784728625394,-inf,2,2026-02-17T00:20:00.000000,False,36002
vsp-setup-d1ef9c8975ed43738cee,2026-02-16 07:00:00+00:00,buy,2026-02-17 03:15:00+00:00,27870.742550000003,27686.77784,28147.2453,28150.4035,FILLED,2026-02-17 03:15:00+00:00,2026-02-17T07:00:00.000000,TP1,1.5030206065064884,18.396471000000385,0.18830400084577964,0.1,1.5030206065064884,1.4530206065064883,1.4030206065064883,1.7677355075328947,-inf,46,2026-02-17T07:00:00.000000,False,36038
vsp-setup-06f6369589af9e78add0,2026-02-16 07:00:00+00:00,buy,2026-02-17 10:40:00+00:00,28088.7449,27924.249902142856,28339.5093,28340.1303,FILLED,2026-02-17 10:40:00+00:00,2026-02-17T12:05:00.000000,TP1,1.5244500031409716,16.44949978571458,0.1677507890463525,0.1,1.5244500031409716,1.4744500031409715,1.4244500031409715,1.7251904537939151,-inf,18,2026-02-17T12:05:00.000000,False,36127
vsp-setup-c52aa1ee7c8cbd563848,2026-02-17 11:00:00+00:00,buy,2026-02-17 11:05:00+00:00,28088.7449,27924.36601142857,28339.5093,28340.1303,FILLED,2026-02-17 11:05:00+00:00,2026-02-17T12:05:00.000000,TP1,1.52552680079127,16.43788885714312,0.16005786359157284,0.1,1.52552680079127,1.4755268007912699,1.4255268007912698,1.726409044776325,-inf,13,2026-02-17T12:05:00.000000,False,36132
vsp-setup-af9e502c5bf4fd5479ec,2026-02-17 13:00:00+00:00,buy,2026-02-17 15:10:00+00:00,28478.799,28334.128151785717,28722.9874,,FILLED,2026-02-17 15:10:00+00:00,2026-02-17T15:50:00.000000,TP1,1.6878894608975965,14.467084821428216,0.14101433639900332,0.1,1.6878894608975965,1.6378894608975965,1.5878894608975964,1.8397403712306788,-inf,9,2026-02-17T15:50:00.000000,False,36181
vsp-setup-27c24d0c556322a87f14,2026-02-17 13:00:00+00:00,buy,2026-02-17 23:55:00+00:00,28637.9769,28495.809853214283,28974.1574,,FILLED,2026-02-17 23:55:00+00:00,2026-02-18T00:05:00.000000,STOP,-1.0,14.216704678571842,0.14137736332609413,0.1,-1.0,-1.05,-1.1,0.02791715865056958,-inf,3,2026-02-18T00:05:00.000000,False,36286
vsp-setup-151d9d604c11caad11a2,2026-02-18 02:00:00+00:00,sell,2026-02-18 03:35:00+00:00,28139.4644,28389.330519642856,27742.6859,27691.4424,FILLED,2026-02-18 03:35:00+00:00,2026-02-18T03:40:00.000000,STOP,-1.0,24.986611964285476,0.2587419097055709,0.1,-1.0,-1.05,-1.1,-0.4259328961930412,-inf,2,2026-02-18T03:40:00.000000,False,36330
vsp-setup-9dffca9f9cf929fb0af5,2026-02-18 05:00:00+00:00,sell,2026-02-18 05:10:00+00:00,28296.9727,28504.544212857145,27929.2104,27913.6639,FILLED,2026-02-18 05:10:00+00:00,2026-02-18T05:35:00.000000,TP1,1.7717378215241777,20.757151285714645,0.2209066366529765,0.1,1.7717378215241777,1.7217378215241776,1.6717378215241776,1.9153572401508452,-inf,6,2026-02-18T05:35:00.000000,False,36349
vsp-setup-63b5844a5fcf607d8f3d,2026-02-18 06:00:00+00:00,sell,2026-02-18 06:10:00+00:00,27970.874900000003,28373.314723571428,26375.8299,26261.7515,FILLED,2026-02-18 06:10:00+00:00,2026-02-18T07:30:00.000000,STOP,-1.0,40.24398235714253,0.401036653611388,0.1,-1.0,-1.05,-1.1,-0.08151057146603546,-inf,17,2026-02-18T07:30:00.000000,False,36361
vsp-setup-ac756c8021853bab5aad,2026-02-18 20:00:00+00:00,buy,2026-02-19 06:55:00+00:00,30412.71015,30281.741105714285,30797.7039,30810.2316,FILLED,2026-02-19 06:55:00+00:00,2026-02-19T07:05:00.000000,STOP,-1.0,13.096904428571362,0.13341923128865893,0.1,-1.0,-1.05,-1.1,0.6740993681484042,-inf,3,2026-02-19T07:05:00.000000,False,36658
vsp-setup-8b0e43ec7113d58b139e,2026-02-19 19:00:00+00:00,buy,2026-02-20 04:45:00+00:00,32877.632750000004,32583.464480714283,33425.1011,33425.766,FILLED,2026-02-20 04:45:00+00:00,2026-02-20T06:55:00.000000,TP1,1.8610720705170545,29.41682692857212,0.2621360992604209,0.1,1.8610720705170545,1.8110720705170544,1.7610720705170544,1.9985767038285231,-inf,27,2026-02-20T06:55:00.000000,False,36920
vsp-setup-6d23132cafb47c800c3d,2026-02-19 19:00:00+00:00,buy,2026-02-20 05:40:00+00:00,33031.728950000004,32851.32025428571,33425.1011,33425.766,FILLED,2026-02-20 05:40:00+00:00,2026-02-20T06:55:00.000000,TP1,2.1804500522689008,18.040869571429358,0.1607768746573776,0.1,2.1804500522689008,2.130450052268901,2.0804500522689007,2.4046604199557264,-inf,16,2026-02-20T06:55:00.000000,False,36931
vsp-setup-8f05e521845c9604ff6c,2026-02-21 04:00:00+00:00,buy,2026-02-21 06:05:00+00:00,34721.6713,34565.90969928572,35049.5738,,FILLED,2026-02-21 06:05:00+00:00,2026-02-21T06:55:00.000000,STOP,-1.0,15.576160071427877,0.13945560471612523,0.1,-1.0,-1.05,-1.1,0.846469857753007,-inf,11,2026-02-21T06:55:00.000000,False,37224
vsp-setup-8dc2a2a67ce2d0f5f206,2026-02-20 22:00:00+00:00,buy,2026-02-21 10:25:00+00:00,34665.51055,34473.371034642856,35094.5292,35105.3368,FILLED,2026-02-21 10:25:00+00:00,2026-02-21T13:20:00.000000,TP1,2.232849651996632,19.213951535714298,0.13171556459463282,0.1,2.232849651996632,2.1828496519966323,2.132849651996632,2.2901517638476845,-inf,36,2026-02-21T13:20:00.000000,False,37276
vsp-setup-847ff64ed0c3eb146d64,2026-02-20 22:00:00+00:00,buy,2026-02-21 11:00:00+00:00,34851.9825,34514.439987142854,35370.9244,,FILLED,2026-02-21 11:00:00+00:00,2026-02-21T14:45:00.000000,TP1,1.5374119710355818,33.75425128571442,0.2850766928632771,0.1,1.5374119710355818,1.4874119710355818,1.4374119710355817,1.6516443966747063,-inf,46,2026-02-21T14:45:00.000000,False,37283
vsp-setup-d92581ba50acd370be49,2026-02-20 22:00:00+00:00,buy,2026-02-21 11:15:00+00:00,34805.136,34669.578342857145,35094.5292,35105.3368,FILLED,2026-02-21 11:15:00+00:00,2026-02-21T12:00:00.000000,STOP,-1.0,13.555765714285371,0.11207593213035953,0.1,-1.0,-1.05,-1.1,1.0978096194387208,-inf,10,2026-02-21T12:00:00.000000,False,37286
vsp-setup-f0db6829fe8ea812ab1e,2026-02-21 04:00:00+00:00,buy,2026-02-21 13:30:00+00:00,34988.02255,34763.65088785715,35370.9244,,FILLED,2026-02-21 13:30:00+00:00,2026-02-21T14:45:00.000000,TP1,1.7065517380542221,22.43716621428539,0.16477178800651207,0.1,1.7065517380542221,1.656551738054222,1.606551738054222,1.8784018711403134,-inf,16,2026-02-21T14:45:00.000000,False,37313
vsp-setup-8242453a700ed53a3a4d,2026-02-21 14:00:00+00:00,buy,2026-02-21 14:05:00+00:00,34988.02255,34763.97185821429,35370.9244,,FILLED,2026-02-21 14:05:00+00:00,2026-02-21T14:45:00.000000,TP1,1.7089965085500294,22.405069178571285,0.1512251083430263,0.1,1.7089965085500294,1.6589965085500293,1.6089965085500293,1.8810928305594923,-inf,9,2026-02-21T14:45:00.000000,False,37320
vsp-setup-7cb7557062aae6d56777,2026-02-21 14:00:00+00:00,buy,2026-02-21 20:10:00+00:00,35477.50175,35341.598568214285,35786.8797,35804.785,FILLED,2026-02-21 20:10:00+00:00,2026-02-21T20:35:00.000000,STOP,-1.0,13.590318178571762,0.11175895316513396,0.1,-1.0,-1.05,-1.1,1.153130838740004,-inf,6,2026-02-21T20:35:00.000000,False,37393
vsp-setup-bf22954d8eba00e93632,2026-02-21 14:00:00+00:00,buy,2026-02-22 00:10:00+00:00,35024.149300000005,34758.43023535714,35634.2159,35786.8797,FILLED,2026-02-22 00:10:00+00:00,2026-02-22T00:40:00.000000,STOP,-1.0,26.571906464286442,0.21516818822158781,0.1,-1.0,-1.05,-1.1,0.6208809300971202,-inf,7,2026-02-22T00:40:00.000000,False,37441
vsp-setup-4d03671bddabdf2e7b1d,2026-02-21 14:00:00+00:00,buy,2026-02-22 02:20:00+00:00,34954.4691,34516.700697857144,35634.2159,35786.8797,FILLED,2026-02-22 02:20:00+00:00,2026-02-22T06:10:00.000000,STOP,-1.0,43.77684021428577,0.3492548695456699,0.1,-1.0,-1.05,-1.1,1.5131651730858198,-inf,47,2026-02-22T06:10:00.000000,False,37467
vsp-setup-1ee722ae2969b63a7dd7,2026-02-21 14:00:00+00:00,buy,2026-02-22 02:25:00+00:00,35044.63805,34759.78534607143,35634.2159,35786.8797,FILLED,2026-02-22 02:25:00+00:00,2026-02-22T05:25:00.000000,STOP,-1.0,28.48527039285691,0.22536520724032508,0.1,-1.0,-1.05,-1.1,2.0089223030282337,-inf,37,2026-02-22T05:25:00.000000,False,37468
vsp-setup-bbf052b6fd30a8e2dd35,2026-02-21 14:00:00+00:00,buy,2026-02-22 02:40:00+00:00,35051.7901,34759.53607142857,35634.2159,35786.8797,FILLED,2026-02-22 02:40:00+00:00,2026-02-22T05:25:00.000000,STOP,-1.0,29.225402857142765,0.24708210712387907,0.1,-1.0,-1.05,-1.1,1.9335743728230357,-inf,34,2026-02-22T05:25:00.000000,False,37471
vsp-setup-80c86bc776c81396a42e,2026-02-21 14:00:00+00:00,buy,2026-02-22 03:30:00+00:00,35277.4544,34951.1448125,35786.8797,35804.785,FILLED,2026-02-22 03:30:00+00:00,2026-02-22T04:50:00.000000,STOP,-1.0,32.63095874999999,0.2786301223357778,0.1,-1.0,-1.05,-1.1,0.41902599628642107,-inf,17,2026-02-22T04:50:00.000000,False,37481
vsp-setup-89c5aabac37bb54d40be,2026-02-22 08:00:00+00:00,sell,2026-02-22 08:10:00+00:00,34119.284799999994,34711.5634425,33207.981,32999.9781,FILLED,2026-02-22 08:10:00+00:00,2026-02-22T14:45:00.000000,STOP,-1.0,59.22786425000086,0.4943788769512046,0.1,-1.0,-1.05,-1.1,0.6531837757428347,-inf,80,2026-02-22T14:45:00.000000,False,37537
vsp-setup-ca2f1aa6849aef707729,2026-02-22 10:00:00+00:00,sell,2026-02-22 12:25:00+00:00,34346.2431,34634.402890714286,33873.3152,33732.418,FILLED,2026-02-22 12:25:00+00:00,2026-02-22T14:45:00.000000,STOP,-1.0,28.815979071428593,0.24290240539329624,0.1,-1.0,-1.05,-1.1,0.5874320618445859,-inf,29,2026-02-22T14:45:00.000000,False,37588
vsp-setup-1558e88a074c2555aac5,2026-02-22 10:00:00+00:00,sell,2026-02-22 12:40:00+00:00,34269.64695,34634.37326,33470.8581,33382.9785,FILLED,2026-02-22 12:40:00+00:00,2026-02-22T14:45:00.000000,STOP,-1.0,36.47263099999982,0.28333730488186154,0.1,-1.0,-1.05,-1.1,0.1862419796367466,-inf,26,2026-02-22T14:45:00.000000,False,37591
vsp-setup-dc551c10592fa0c40659,2026-02-22 10:00:00+00:00,sell,2026-02-22 14:00:00+00:00,34326.79275,34607.67478964286,33873.3152,33732.418,FILLED,2026-02-22 14:00:00+00:00,2026-02-22T14:30:00.000000,STOP,-1.0,28.08820396428564,0.25507171537194384,0.1,-1.0,-1.05,-1.1,-0.03884958260012407,-inf,7,2026-02-22T14:30:00.000000,False,37607
vsp-setup-c76d60402e556c2def34,2026-02-22 10:00:00+00:00,sell,2026-02-22 16:05:00+00:00,34658.85415,34843.51758107143,34231.534,34176.9688,FILLED,2026-02-22 16:05:00+00:00,2026-02-22T17:35:00.000000,STOP,-1.0,18.466343107142894,0.15661571548718065,0.1,-1.0,-1.05,-1.1,1.5038919638213517,-inf,19,2026-02-22T17:35:00.000000,False,37632
vsp-setup-6fad2e776d895ac5d04a,2026-02-22 10:00:00+00:00,sell,2026-02-22 16:15:00+00:00,34518.3578,34845.00328321429,33873.3152,33732.418,FILLED,2026-02-22 16:15:00+00:00,2026-02-22T17:35:00.000000,STOP,-1.0,32.66454832142917,0.268407340403395,0.1,-1.0,-1.05,-1.1,0.4200808125363821,-inf,17,2026-02-22T17:35:00.000000,False,37634
vsp-setup-e9090d42c20bc7b8b6a2,2026-02-22 10:00:00+00:00,sell,2026-02-22 17:15:00+00:00,34465.42545,34608.415148214284,34231.534,34176.9688,FILLED,2026-02-22 17:15:00+00:00,2026-02-22T17:25:00.000000,STOP,-1.0,14.298969821428182,0.12195854773823675,0.1,-1.0,-1.05,-1.1,0.466094067141305,-inf,3,2026-02-22T17:25:00.000000,False,37646
vsp-setup-e303b01737f858e343fe,2026-02-22 20:00:00+00:00,buy,2026-02-22 20:30:00+00:00,34913.062600000005,34707.385096071426,35404.8579,35414.1866,FILLED,2026-02-22 20:30:00+00:00,2026-02-22T21:15:00.000000,STOP,-1.0,20.567750392857853,0.164113320394186,0.1,-1.0,-1.05,-1.1,1.0804560331360349,-inf,10,2026-02-22T21:15:00.000000,False,37685
vsp-setup-cfdd3de180235d5a7e69,2026-02-22 21:00:00+00:00,sell,2026-02-22 21:25:00+00:00,34792.0651,35142.35723,34231.534,34176.9688,FILLED,2026-02-22 21:25:00+00:00,2026-02-23T02:00:00.000000,TP1,1.6001818253809972,35.02921300000016,0.24997228742983665,0.1,1.6001818253809972,1.5501818253809971,1.500181825380997,1.8408675067863913,-inf,56,2026-02-23T02:00:00.000000,False,37696
vsp-setup-5c8a07769d18308528fe,2026-02-22 21:00:00+00:00,sell,2026-02-22 21:35:00+00:00,34698.800050000005,35141.96446464286,33873.3152,33732.418,FILLED,2026-02-22 21:35:00+00:00,2026-02-23T03:15:00.000000,TP1,1.8627056296143956,44.31644146428516,0.3136157671401937,0.1,1.8627056296143956,1.8127056296143955,1.7627056296143955,2.032513036331937,-inf,69,2026-02-23T03:15:00.000000,False,37698
vsp-setup-c98ecd3a110558880a9c,2026-02-22 21:00:00+00:00,sell,2026-02-22 22:05:00+00:00,34384.574949999995,35141.64084607142,33207.981,32999.9781,FILLED,2026-02-22 22:05:00+00:00,2026-02-23T16:00:00.000000,STOP,-1.0,75.70658960714282,0.6041531741558591,0.1,-1.0,-1.05,-1.1,1.5447373287696655,-inf,216,2026-02-23T16:00:00.000000,False,37704
vsp-setup-5fcbafe69b4591af2014,2026-02-22 21:00:00+00:00,sell,2026-02-23 00:00:00+00:00,34484.998049999995,34935.38096071428,33732.418,33624.31,FILLED,2026-02-23 00:00:00+00:00,2026-02-23T03:20:00.000000,TP1,1.6709782544955727,45.03829107142883,0.34534991447533075,0.1,1.6709782544955727,1.6209782544955726,1.5709782544955726,1.715479720965984,-inf,41,2026-02-23T03:20:00.000000,False,37727
vsp-setup-f0ee55ffca6fd5930859,2026-02-23 01:00:00+00:00,sell,2026-02-23 01:05:00+00:00,34484.998049999995,34934.94268535714,33732.418,33624.31,FILLED,2026-02-23 01:05:00+00:00,2026-02-23T03:20:00.000000,TP1,1.6726058960623673,44.99446353571475,0.38734922236533004,0.1,1.6726058960623673,1.6226058960623673,1.5726058960623672,1.7171507098572671,-inf,28,2026-02-23T03:20:00.000000,False,37740
vsp-setup-17d884c7f7ebfa0cf504,2026-02-23 02:00:00+00:00,sell,2026-02-23 02:20:00+00:00,34232.2145,34704.252895,33470.8581,33382.9785,FILLED,2026-02-23 02:20:00+00:00,2026-02-23T04:10:00.000000,TP1,1.6129120174641953,47.203839499999596,0.3790343777668503,0.1,1.6129120174641953,1.5629120174641953,1.5129120174641952,1.6705992740272881,-inf,23,2026-02-23T04:10:00.000000,False,37755
vsp-setup-5c4cf1affa7b16f071c7,2026-02-23 08:00:00+00:00,sell,2026-02-23 09:30:00+00:00,34010.2637,34148.6284025,33509.7089,33375.3676,FILLED,2026-02-23 09:30:00+00:00,2026-02-23T09:40:00.000000,STOP,-1.0,13.836470249999548,0.12362812413601884,0.1,-1.0,-1.05,-1.1,0.6390336437142177,-inf,3,2026-02-23T09:40:00.000000,False,37841
vsp-setup-70ed1dc1c4bf7f0ed6cc,2026-02-23 08:00:00+00:00,sell,2026-02-23 11:25:00+00:00,33779.40375,34202.18999464286,32586.6092,30174.5685,FILLED,2026-02-23 11:25:00+00:00,2026-02-23T13:40:00.000000,STOP,-1.0,42.27862446428626,0.3613050319552239,0.1,-1.0,-1.05,-1.1,0.0857919349543518,-inf,28,2026-02-23T13:40:00.000000,False,37864
vsp-setup-9b7e5f5fd762079a10db,2026-02-24 02:00:00+00:00,buy,2026-02-24 12:40:00+00:00,35603.2524,35350.21273071429,36000.9164,36033.6725,FILLED,2026-02-24 12:40:00+00:00,2026-02-24T12:55:00.000000,STOP,-1.0,25.30396692857103,0.20768623271973266,0.1,-1.0,-1.05,-1.1,0.4604657456631472,-inf,4,2026-02-24T12:55:00.000000,False,38167
vsp-setup-db8ffb54fbe7a323111c,2026-02-24 04:00:00+00:00,buy,2026-02-24 15:30:00+00:00,35456.457200000004,35116.964575,36000.9164,36033.6725,FILLED,2026-02-24 15:30:00+00:00,2026-02-24T16:45:00.000000,STOP,-1.0,33.94926250000062,0.22530908617380543,0.1,-1.0,-1.05,-1.1,0.5956650751985954,-inf,16,2026-02-24T16:45:00.000000,False,38201
vsp-setup-8066b55eb9d3a07263d5,2026-02-24 02:00:00+00:00,buy,2026-02-24 16:05:00+00:00,35456.457200000004,35118.104230714285,36000.9164,36033.6725,FILLED,2026-02-24 16:05:00+00:00,2026-02-24T16:45:00.000000,STOP,-1.0,33.835296928571914,0.26549053357922486,0.1,-1.0,-1.05,-1.1,0.5976714211401852,-inf,9,2026-02-24T16:45:00.000000,False,38208
vsp-setup-15eb8b43914869e97333,2026-02-24 02:00:00+00:00,buy,2026-02-24 16:15:00+00:00,35537.1152,35214.50607142857,36033.6725,36137.7838,FILLED,2026-02-24 16:15:00+00:00,2026-02-24T16:40:00.000000,STOP,-1.0,32.260912857142834,0.2734119819513479,0.1,-1.0,-1.05,-1.1,0.2727951325795115,-inf,6,2026-02-24T16:40:00.000000,False,38210
vsp-setup-54c726c838ed5815652a,2026-02-24 03:00:00+00:00,buy,2026-02-24 19:30:00+00:00,35081.26735,34854.12396392857,35658.6811,35750.8065,FILLED,2026-02-24 19:30:00+00:00,2026-02-24T20:55:00.000000,STOP,-1.0,22.714338607143148,0.20077482518109754,0.1,-1.0,-1.05,-1.1,0.3083789988847461,-inf,18,2026-02-24T20:55:00.000000,False,38249
vsp-setup-cbf2e4d555bfb3b8abd5,2026-02-24 03:00:00+00:00,buy,2026-02-24 22:00:00+00:00,34971.65425,34679.49960428572,35658.6811,35750.8065,FILLED,2026-02-24 22:00:00+00:00,2026-02-24T22:55:00.000000,STOP,-1.0,29.215464571428313,0.23020222759226106,0.1,-1.0,-1.05,-1.1,0.6326514149658823,-inf,12,2026-02-24T22:55:00.000000,False,38279
vsp-setup-d9e0a975eb197fb69978,2026-02-24 02:00:00+00:00,buy,2026-02-24 22:05:00+00:00,34971.65425,34679.59849607143,35658.6811,35750.8065,FILLED,2026-02-24 22:05:00+00:00,2026-02-24T22:55:00.000000,STOP,-1.0,29.205575392857284,0.2296723477065334,0.1,-1.0,-1.05,-1.1,0.6328656344336262,-inf,11,2026-02-24T22:55:00.000000,False,38280
vsp-setup-e26b7117c7db428746f6,2026-02-24 02:00:00+00:00,buy,2026-02-24 22:25:00+00:00,35028.68965,34679.125348214286,35658.6811,35750.8065,FILLED,2026-02-24 22:25:00+00:00,2026-02-24T22:55:00.000000,STOP,-1.0,34.956430178571466,0.2882729948493255,0.1,-1.0,-1.05,-1.1,0.1283072950266279,-inf,7,2026-02-24T22:55:00.000000,False,38284
vsp-setup-9c76ac236a9a2f2251fb,2026-02-24 02:00:00+00:00,buy,2026-02-25 00:10:00+00:00,34894.56285,34467.43248928572,35658.6811,35750.8065,FILLED,2026-02-25 00:10:00+00:00,2026-02-25T05:45:00.000000,STOP,-1.0,42.71303607142836,0.3477049609180976,0.1,-1.0,-1.05,-1.1,1.0624600631083703,-inf,68,2026-02-25T05:45:00.000000,False,38305
vsp-setup-2b386de896b70eb4f6d0,2026-02-24 03:00:00+00:00,buy,2026-02-25 01:05:00+00:00,34894.56285,34467.66906357143,35658.6811,35750.8065,FILLED,2026-02-25 01:05:00+00:00,2026-02-25T05:45:00.000000,STOP,-1.0,42.6893786428569,0.3534148713744741,0.1,-1.0,-1.05,-1.1,1.0630488529631794,-inf,57,2026-02-25T05:45:00.000000,False,38316
vsp-setup-c6425130f502f34cb64e,2026-02-24 03:00:00+00:00,buy,2026-02-25 02:40:00+00:00,34918.02295,34759.06229321428,35156.4863,35199.5868,FILLED,2026-02-25 02:40:00+00:00,2026-02-25T02:50:00.000000,STOP,-1.0,15.896065678571905,0.1469882729675856,0.1,-1.0,-1.05,-1.1,0.7784407318271613,-inf,3,2026-02-25T02:50:00.000000,False,38335
vsp-setup-347880c471517c535df8,2026-02-24 02:00:00+00:00,buy,2026-02-25 04:45:00+00:00,35277.5802,34625.97959178572,36259.7303,36282.488,FILLED,2026-02-25 04:45:00+00:00,2026-02-25T05:25:00.000000,STOP,-1.0,65.16006082142776,0.5505591597667747,0.1,-1.0,-1.05,-1.1,0.029322563176189163,-inf,9,2026-02-25T05:25:00.000000,False,38360
vsp-setup-e572d8aec8153d101f73,2026-02-24 02:00:00+00:00,buy,2026-02-25 06:50:00+00:00,34746.56345,34390.40099321429,35296.6868,35344.5353,FILLED,2026-02-25 06:50:00+00:00,2026-02-25T09:45:00.000000,STOP,-1.0,35.61624567857143,0.34044854358379,0.1,-1.0,-1.05,-1.1,0.9598792446720054,-inf,36,2026-02-25T09:45:00.000000,False,38385
vsp-setup-0f35dfda56593e95ebec,2026-02-24 02:00:00+00:00,buy,2026-02-25 08:00:00+00:00,35013.485400000005,34654.077098214286,35658.6811,35750.8065,FILLED,2026-02-25 08:00:00+00:00,2026-02-25T08:40:00.000000,STOP,-1.0,35.94083017857192,0.29878018869935946,0.1,-1.0,-1.05,-1.1,0.12887626626836737,-inf,9,2026-02-25T08:40:00.000000,False,38399
vsp-setup-f1c9f24ef76b1b241e28,2026-02-25 09:00:00+00:00,sell,2026-02-25 11:05:00+00:00,33911.78545,34692.20247214285,32586.6092,30174.5685,FILLED,2026-02-25 11:05:00+00:00,2026-02-25T12:50:00.000000,STOP,-1.0,78.04170221428504,0.6487571366716178,0.1,-1.0,-1.05,-1.1,-0.39673346584606134,-inf,22,2026-02-25T12:50:00.000000,False,38436
vsp-setup-8e53481c732a04a252b8,2026-02-25 09:00:00+00:00,sell,2026-02-25 11:10:00+00:00,33997.658800000005,34692.36421428571,32586.6092,30174.5685,FILLED,2026-02-25 11:10:00+00:00,2026-02-25T12:50:00.000000,STOP,-1.0,69.47054142857087,0.5900563139076492,0.1,-1.0,-1.05,-1.1,-0.34305217017062384,-inf,21,2026-02-25T12:50:00.000000,False,38437
vsp-setup-66016143c8222fb9e192,2026-02-25 09:00:00+00:00,sell,2026-02-25 13:40:00+00:00,34578.9403,34844.08245,33936.6798,33855.1026,FILLED,2026-02-25 13:40:00+00:00,2026-02-25T15:50:00.000000,STOP,-1.0,26.514214999999968,0.21242494074604487,0.1,-1.0,-1.05,-1.1,0.944187108688689,-inf,27,2026-02-25T15:50:00.000000,False,38467
vsp-setup-016d6188553569776d3f,2026-02-25 09:00:00+00:00,sell,2026-02-25 13:50:00+00:00,34405.403,34844.454743214286,33215.107,33207.981,FILLED,2026-02-25 13:50:00+00:00,2026-02-25T15:50:00.000000,STOP,-1.0,43.90517432142879,0.3419449660879649,0.1,-1.0,-1.05,-1.1,0.16492611888949013,-inf,25,2026-02-25T15:50:00.000000,False,38469
vsp-setup-f6cd413561fcd02ab8c8,2026-02-25 09:00:00+00:00,sell,2026-02-25 14:00:00+00:00,34412.6247,34844.315421428575,33215.107,33207.981,FILLED,2026-02-25 14:00:00+00:00,2026-02-25T15:50:00.000000,STOP,-1.0,43.16907214285748,0.3302054493757432,0.1,-1.0,-1.05,-1.1,0.04201202180112538,-inf,23,2026-02-25T15:50:00.000000,False,38471
vsp-setup-6020daea8eecfc7ab544,2026-02-25 09:00:00+00:00,sell,2026-02-25 15:10:00+00:00,34579.15885,34768.03937607143,34239.5697,34239.3921,FILLED,2026-02-25 15:10:00+00:00,2026-02-25T15:45:00.000000,STOP,-1.0,18.888052607142892,0.16647689757964718,0.1,-1.0,-1.05,-1.1,0.6495055501571818,-inf,8,2026-02-25T15:45:00.000000,False,38485
vsp-setup-c5af523fbe2a9ead2917,2026-02-25 09:00:00+00:00,sell,2026-02-25 17:45:00+00:00,34743.8527,35293.86733142858,33855.1026,33768.1183,FILLED,2026-02-25 17:45:00+00:00,2026-02-25T21:10:00.000000,STOP,-1.0,55.001463142857396,0.44867931784378445,0.1,-1.0,-1.05,-1.1,0.7259694146006598,-inf,42,2026-02-25T21:10:00.000000,False,38516
vsp-setup-f4c0373276b95cb272c8,2026-02-25 09:00:00+00:00,sell,2026-02-25 18:05:00+00:00,34602.51285,35293.83958821429,33215.107,33207.981,FILLED,2026-02-25 18:05:00+00:00,2026-02-25T21:10:00.000000,STOP,-1.0,69.13267382142877,0.588904902369766,0.1,-1.0,-1.05,-1.1,0.373128848836798,-inf,38,2026-02-25T21:10:00.000000,False,38520
vsp-setup-ffb24478d6d8924af88c,2026-02-25 09:00:00+00:00,sell,2026-02-25 18:30:00+00:00,34419.07495,34820.634627857144,33215.107,33207.981,FILLED,2026-02-25 18:30:00+00:00,2026-02-25T18:45:00.000000,STOP,-1.0,40.15596778571417,0.3363444374319122,0.1,-1.0,-1.05,-1.1,-0.16325431465088777,-inf,4,2026-02-25T18:45:00.000000,False,38525
vsp-setup-72aae90a05c348c009e3,2026-02-25 09:00:00+00:00,sell,2026-02-25 20:15:00+00:00,34665.1789,34887.45181321429,34328.5965,34239.5697,FILLED,2026-02-25 20:15:00+00:00,2026-02-25T20:15:00.000000,STOP,-1.0,22.22729132142922,0.1991628652124229,0.1,-1.0,-1.05,-1.1,-0.4452917747318115,-inf,1,2026-02-25T20:15:00.000000,False,38546
vsp-setup-acfe7434b057ec130411,2026-02-25 09:00:00+00:00,sell,2026-02-25 20:20:00+00:00,34732.0455,35021.209579285714,34239.5697,34239.3921,FILLED,2026-02-25 20:20:00+00:00,2026-02-25T20:20:00.000000,STOP,-1.0,28.916407928571427,0.2581585546018518,0.1,-1.0,-1.05,-1.1,-0.7265753772701612,-inf,1,2026-02-25T20:20:00.000000,False,38547
vsp-setup-bad2555467fdd4859f0e,2026-02-25 21:00:00+00:00,buy,2026-02-26 01:00:00+00:00,35406.8907,34834.385428571426,36534.768,,FILLED,2026-02-26 01:00:00+00:00,2026-02-26T01:35:00.000000,STOP,-1.0,57.250527142857756,0.4527736721905919,0.1,-1.0,-1.05,-1.1,-0.15096367546859774,-inf,8,2026-02-26T01:35:00.000000,False,38603
vsp-setup-99e83de4ad32c040a103,2026-02-25 21:00:00+00:00,buy,2026-02-26 03:20:00+00:00,34878.20345,34605.59395678571,35320.4632,35525.6168,FILLED,2026-02-26 03:20:00+00:00,2026-02-26T04:00:00.000000,TP1,1.6223196954199761,27.260949321428782,0.26673488598046885,0.1,1.6223196954199761,1.572319695419976,1.522319695419976,1.808976438000853,-inf,9,2026-02-26T04:00:00.000000,False,38631
vsp-setup-25ff3cb65312eaf9c223,2026-02-25 21:00:00+00:00,buy,2026-02-26 03:45:00+00:00,35162.2388,34811.47536428572,36534.768,,FILLED,2026-02-26 03:45:00+00:00,2026-02-26T07:15:00.000000,TP1,3.9129768392336284,35.076343571428154,0.33785993725629443,0.1,3.9129768392336284,3.8629768392336286,3.8129768392336283,4.162197228531025,-inf,43,2026-02-26T07:15:00.000000,False,38636
vsp-setup-dbef36f9821bb53384d3,2026-02-26 11:00:00+00:00,buy,2026-02-26 18:55:00+00:00,36970.6052,36703.4699875,37471.408,37532.1024,FILLED,2026-02-26 18:55:00+00:00,2026-02-26T21:25:00.000000,STOP,-1.0,26.713521249999758,0.18927583901700004,0.1,-1.0,-1.05,-1.1,1.106248769057379,-inf,31,2026-02-26T21:25:00.000000,False,38818
vsp-setup-ed367468ce1aabe75fc4,2026-02-26 11:00:00+00:00,buy,2026-02-26 20:50:00+00:00,37159.8485,36796.67250535714,37740.7277,,FILLED,2026-02-26 20:50:00+00:00,2026-02-26T21:05:00.000000,STOP,-1.0,36.31759946428574,0.26791163205789914,0.1,-1.0,-1.05,-1.1,0.18673288157904888,-inf,4,2026-02-26T21:05:00.000000,False,38841
vsp-setup-a338c370914568159332,2026-02-27 00:00:00+00:00,sell,2026-02-27 01:15:00+00:00,36673.7348,37288.01079464285,35096.6953,34816.4351,FILLED,2026-02-27 01:15:00+00:00,2026-02-27T04:00:00.000000,STOP,-1.0,61.42759946428487,0.49184383762536094,0.1,-1.0,-1.05,-1.1,0.37172704450670185,-inf,34,2026-02-27T04:00:00.000000,False,38894
vsp-setup-dc5ce330684849bb12ec,2026-02-27 00:00:00+00:00,sell,2026-02-27 03:10:00+00:00,36558.38635,37128.806305000006,35096.6953,34816.4351,FILLED,2026-02-27 03:10:00+00:00,2026-02-27T03:50:00.000000,STOP,-1.0,57.04199550000049,0.44143752326481833,0.1,-1.0,-1.05,-1.1,-0.06886934732148153,-inf,9,2026-02-27T03:50:00.000000,False,38917
vsp-setup-f8c5a791c85d853baca6,2026-02-27 00:00:00+00:00,sell,2026-02-27 05:25:00+00:00,37149.61095,37379.89791428571,36445.3918,36300.6036,FILLED,2026-02-27 05:25:00+00:00,2026-02-27T06:30:00.000000,STOP,-1.0,23.02869642857113,0.1887661395197844,0.1,-1.0,-1.05,-1.1,1.2881004833255758,-inf,14,2026-02-27T06:30:00.000000,False,38944
vsp-setup-be5c215b6356ee4e7c1f,2026-02-27 00:00:00+00:00,sell,2026-02-27 05:40:00+00:00,37055.48335,37379.62729964286,36445.3918,36300.6036,FILLED,2026-02-27 05:40:00+00:00,2026-02-27T06:30:00.000000,STOP,-1.0,32.41439496428575,0.2804898861732874,0.1,-1.0,-1.05,-1.1,0.62473833068032,-inf,11,2026-02-27T06:30:00.000000,False,38947
vsp-setup-29b130d896906cc02206,2026-02-27 00:00:00+00:00,sell,2026-02-27 05:55:00+00:00,37054.34335,37168.101865714285,36445.3918,36300.6036,FILLED,2026-02-27 05:55:00+00:00,2026-02-27T06:20:00.000000,STOP,-1.0,11.375851571428212,0.10178683527226946,0.1,-1.0,-1.05,-1.1,1.7701105603887919,-inf,6,2026-02-27T06:20:00.000000,False,38950
vsp-setup-ddb4f6c463241d2f0eab,2026-02-27 09:00:00+00:00,sell,2026-02-27 09:05:00+00:00,37220.85595,37613.86903357143,36445.3918,36300.6036,FILLED,2026-02-27 09:05:00+00:00,2026-02-27T13:15:00.000000,TP1,1.9731255330054671,39.30130835714299,0.2859212416612992,0.1,1.9731255330054671,1.923125533005467,1.873125533005467,2.1772696273213947,-inf,51,2026-02-27T13:15:00.000000,False,38988
vsp-setup-92811ec478633d315894,2026-02-27 09:00:00+00:00,sell,2026-02-27 09:45:00+00:00,36880.06415,37307.47874321429,34610.5631,34604.8083,FILLED,2026-02-27 09:45:00+00:00,2026-02-27T19:20:00.000000,STOP,-1.0,42.74145932142929,0.3343640605551849,0.1,-1.0,-1.05,-1.1,2.1245038527375066,-inf,116,2026-02-27T19:20:00.000000,False,38996
vsp-setup-c4fecaa1b6d773875ff0,2026-02-27 09:00:00+00:00,sell,2026-02-27 10:05:00+00:00,36775.46325,37345.60588214285,34610.5631,34604.8083,FILLED,2026-02-27 10:05:00+00:00,2026-02-27T19:20:00.000000,STOP,-1.0,57.014263214285165,0.4255704296146346,0.1,-1.0,-1.05,-1.1,1.4091965846867167,-inf,112,2026-02-27T19:20:00.000000,False,39000
vsp-setup-1216b5d7d63b88dec726,2026-02-27 09:00:00+00:00,sell,2026-02-27 10:20:00+00:00,36722.26825,37345.49124178571,34610.5631,34604.8083,FILLED,2026-02-27 10:20:00+00:00,2026-02-27T19:20:00.000000,STOP,-1.0,62.32229917857112,0.46833309429445197,0.1,-1.0,-1.05,-1.1,1.2038195956961213,-inf,109,2026-02-27T19:20:00.000000,False,39003
vsp-setup-0c050f89c874eb301d84,2026-02-27 09:00:00+00:00,sell,2026-02-27 12:00:00+00:00,36645.461200000005,36857.910789285714,34610.5631,34604.8083,FILLED,2026-02-27 12:00:00+00:00,2026-02-27T12:10:00.000000,STOP,-1.0,21.244958928570853,0.16733876389733282,0.1,-1.0,-1.05,-1.1,0.009766552182958117,-inf,3,2026-02-27T12:10:00.000000,False,39023
vsp-setup-12f8dbc779af551e9c74,2026-02-27 14:00:00+00:00,sell,2026-02-27 15:00:00+00:00,36069.6693,37029.19453821429,34610.5631,34604.8083,FILLED,2026-02-27 15:00:00+00:00,2026-02-27T18:20:00.000000,STOP,-1.0,95.95252382142863,0.770624215871902,0.1,-1.0,-1.05,-1.1,-0.3541678597557696,-inf,41,2026-02-27T18:20:00.000000,False,39059
vsp-setup-486b2650a27dd9e70038,2026-02-27 18:00:00+00:00,buy,2026-02-27 18:05:00+00:00,36627.1029,36113.41187464286,37511.0359,37607.1048,FILLED,2026-02-27 18:05:00+00:00,2026-02-28T06:40:00.000000,STOP,-1.0,51.36910253571405,0.4317741283780465,0.1,-1.0,-1.05,-1.1,1.6579577176920233,-inf,152,2026-02-28T06:40:00.000000,False,39096
vsp-setup-db22f12ff395b7f2791c,2026-02-27 18:00:00+00:00,buy,2026-02-27 22:25:00+00:00,37140.40505,36911.50473178572,37511.0359,37607.1048,FILLED,2026-02-27 22:25:00+00:00,2026-02-28T00:45:00.000000,STOP,-1.0,22.890031821428423,0.19260883727496883,0.1,-1.0,-1.05,-1.1,1.2124607434585994,-inf,29,2026-02-28T00:45:00.000000,False,39148
vsp-setup-4867b2973b99fc0051ec,2026-02-27 18:00:00+00:00,buy,2026-02-28 00:40:00+00:00,37189.95335,36934.87914785714,37607.1048,37643.6609,FILLED,2026-02-28 00:40:00+00:00,2026-02-28T00:45:00.000000,STOP,-1.0,25.507420214286686,0.17719728596850504,0.1,-1.0,-1.05,-1.1,-0.22346144581126837,-inf,2,2026-02-28T00:45:00.000000,False,39175
vsp-setup-0712bb7bda79311d6cff,2026-02-27 18:00:00+00:00,buy,2026-02-28 02:40:00+00:00,36799.617150000005,36644.11718964286,37287.2057,37417.9377,FILLED,2026-02-28 02:40:00+00:00,2026-02-28T03:20:00.000000,STOP,-1.0,15.549996035714868,0.12282879844630293,0.1,-1.0,-1.05,-1.1,0.719644234911551,-inf,9,2026-02-28T03:20:00.000000,False,39199
vsp-setup-4e3c37ce43208fd2ab3c,2026-02-28 06:00:00+00:00,sell,2026-02-28 07:50:00+00:00,36118.68085,36289.01557357143,35834.1038,35793.3794,FILLED,2026-02-28 07:50:00+00:00,2026-02-28T08:40:00.000000,TP1,1.670693115491858,17.033472357143182,0.12857217576690433,0.1,1.670693115491858,1.620693115491858,1.570693115491858,1.984118933085687,-inf,11,2026-02-28T08:40:00.000000,False,39261
vsp-setup-99a9be857bdecc581183,2026-02-28 12:00:00+00:00,sell,2026-02-28 13:55:00+00:00,35773.46725,36151.68346178572,34610.5631,34604.8083,FILLED,2026-02-28 13:55:00+00:00,2026-03-01T08:25:00.000000,TP1,3.0747073069910216,37.82162117857151,0.3052875162429981,0.1,3.0747073069910216,3.0247073069910217,2.9747073069910215,3.114316132665812,-inf,223,2026-03-01T08:25:00.000000,False,39334
vsp-setup-41252fb453361c8ca91b,2026-02-28 14:00:00+00:00,sell,2026-02-28 18:05:00+00:00,35031.310849999994,35716.93081535714,33855.1026,33215.107,FILLED,2026-02-28 18:05:00+00:00,2026-03-01T01:05:00.000000,STOP,-1.0,68.56199653571457,0.5471987360592641,0.1,-1.0,-1.05,-1.1,0.2897263207563069,-inf,85,2026-03-01T01:05:00.000000,False,39384
vsp-setup-7d664b17a78b5fe2ab8e,2026-02-28 14:00:00+00:00,sell,2026-02-28 21:10:00+00:00,35286.68535,35457.77180821429,35017.1905,35013.2258,FILLED,2026-02-28 21:10:00+00:00,2026-02-28T23:15:00.000000,TP1,1.575196849667989,17.108645821428947,0.142411191680164,0.1,1.575196849667989,1.5251968496679889,1.4751968496679888,1.78567756436544,-inf,26,2026-02-28T23:15:00.000000,False,39421
vsp-setup-ffaba0fe3d8b647384ed,2026-02-28 14:00:00+00:00,sell,2026-02-28 21:50:00+00:00,35207.7621,35380.86457392857,34732.0822,34610.5631,FILLED,2026-02-28 21:50:00+00:00,2026-02-28T22:20:00.000000,STOP,-1.0,17.31024739285713,0.1452801957160163,0.1,-1.0,-1.05,-1.1,0.3599573049759781,-inf,7,2026-02-28T22:20:00.000000,False,39429
vsp-setup-962d615064a810b0b14d,2026-02-28 14:00:00+00:00,sell,2026-02-28 22:55:00+00:00,35219.64945,35421.90460142857,34732.0822,34610.5631,FILLED,2026-02-28 22:55:00+00:00,2026-03-01T00:40:00.000000,STOP,-1.0,20.225515142857333,0.17934321077671198,0.1,-1.0,-1.05,-1.1,1.913329511098549,-inf,22,2026-03-01T00:40:00.000000,False,39442
vsp-setup-a1e583eaa74d1de3dec4,2026-02-28 14:00:00+00:00,sell,2026-02-28 23:10:00+00:00,35108.6001,35387.26459035715,34610.5631,34344.5589,FILLED,2026-02-28 23:10:00+00:00,2026-03-01T00:40:00.000000,STOP,-1.0,27.866449035714325,0.2392877730067074,0.1,-1.0,-1.05,-1.1,0.9901921828876039,-inf,19,2026-03-01T00:40:00.000000,False,39445
vsp-setup-29c85e964a8d53167843,2026-02-28 14:00:00+00:00,sell,2026-02-28 23:55:00+00:00,34939.5199,35387.192768214285,33855.1026,33215.107,FILLED,2026-02-28 23:55:00+00:00,2026-03-01T00:40:00.000000,STOP,-1.0,44.76728682142857,0.41308110261203634,0.1,-1.0,-1.05,-1.1,-0.24851896976420187,-inf,10,2026-03-01T00:40:00.000000,False,39454
vsp-setup-82555b03a19ff9e049aa,2026-03-01 00:00:00+00:00,buy,2026-03-01 01:55:00+00:00,35861.2674,35201.2873425,36955.5335,37287.2057,FILLED,2026-03-01 01:55:00+00:00,2026-03-01T06:15:00.000000,STOP,-1.0,65.99800574999972,0.5335415982155575,0.1,-1.0,-1.05,-1.1,0.18435223703710166,-inf,53,2026-03-01T06:15:00.000000,False,39478
vsp-setup-861739ce2d0969d7edc6,2026-03-01 03:00:00+00:00,buy,2026-03-01 03:05:00+00:00,35861.2674,35201.557120714286,36955.5335,37287.2057,FILLED,2026-03-01 03:05:00+00:00,2026-03-01T06:15:00.000000,STOP,-1.0,65.97102792857113,0.5545440168684244,0.1,-1.0,-1.05,-1.1,0.18442762500492493,-inf,39,2026-03-01T06:15:00.000000,False,39492
vsp-setup-ea099ee2b0337e9832ce,2026-03-01 04:00:00+00:00,buy,2026-03-01 04:45:00+00:00,35816.31525,35412.87458607143,36527.2091,36955.5335,FILLED,2026-03-01 04:45:00+00:00,2026-03-01T05:45:00.000000,STOP,-1.0,40.344066392856625,0.34314196806068,0.1,-1.0,-1.05,-1.1,-0.09789680002854838,-inf,13,2026-03-01T05:45:00.000000,False,39512
vsp-setup-0326a802d587acebbe07,2026-03-01 08:00:00+00:00,sell,2026-03-01 10:35:00+00:00,34197.03885,34689.37314357143,33215.107,33207.981,FILLED,2026-03-01 10:35:00+00:00,2026-03-03T01:15:00.000000,STOP,-1.0,49.23342935714318,0.37822331872261716,0.1,-1.0,-1.05,-1.1,1.634096711329882,-inf,465,2026-03-03T01:15:00.000000,False,39582
vsp-setup-31a92da9ff4cf4e01ceb,2026-03-01 11:00:00+00:00,sell,2026-03-01 11:05:00+00:00,34197.03885,34689.393775714285,33215.107,33207.981,FILLED,2026-03-01 11:05:00+00:00,2026-03-03T01:15:00.000000,STOP,-1.0,49.23549257142877,0.3678679413786762,0.1,-1.0,-1.05,-1.1,1.6340282344750205,-inf,459,2026-03-03T01:15:00.000000,False,39588
vsp-setup-5562fa9a6947015070db,2026-03-01 14:00:00+00:00,sell,2026-03-01 16:10:00+00:00,33795.686449999994,34079.73844821428,33215.107,33207.981,FILLED,2026-03-01 16:10:00+00:00,2026-03-01T16:10:00.000000,STOP,-1.0,28.40519982142869,0.2624702852686857,0.1,-1.0,-1.05,-1.1,-0.5609443024576292,-inf,1,2026-03-01T16:10:00.000000,False,39649
vsp-setup-35ad4f3d76f09230af52,2026-03-01 14:00:00+00:00,sell,2026-03-01 21:30:00+00:00,33696.84685,33880.072432857145,33392.517,33215.107,FILLED,2026-03-01 21:30:00+00:00,2026-03-01T21:40:00.000000,STOP,-1.0,18.322558285714333,0.15355632847127676,0.1,-1.0,-1.05,-1.1,0.1978476446068293,-inf,3,2026-03-01T21:40:00.000000,False,39713
vsp-setup-b026a1d43af2cdfc8042,2026-03-01 18:00:00+00:00,sell,2026-03-02 00:10:00+00:00,33777.312600000005,34070.23923678571,33215.107,33207.981,FILLED,2026-03-02 00:10:00+00:00,2026-03-02T01:15:00.000000,STOP,-1.0,29.292663678570534,0.2601077297728501,0.1,-1.0,-1.05,-1.1,0.5910271660499794,-inf,14,2026-03-02T01:15:00.000000,False,39745
vsp-setup-7058f9adbe4d9bae3263,2026-03-01 18:00:00+00:00,sell,2026-03-02 03:00:00+00:00,33783.529800000004,34237.31559642857,32586.6092,30174.5685,FILLED,2026-03-02 03:00:00+00:00,2026-03-02T03:30:00.000000,STOP,-1.0,45.378579642856494,0.37043345370911757,0.1,-1.0,-1.05,-1.1,0.04370365964755108,-inf,7,2026-03-02T03:30:00.000000,False,39779
vsp-setup-8af7b260969073cd8fa8,2026-03-01 18:00:00+00:00,sell,2026-03-02 04:25:00+00:00,34054.3768,34220.73342464286,33685.961,33604.185,FILLED,2026-03-02 04:25:00+00:00,2026-03-02T05:50:00.000000,STOP,-1.0,16.635662464285996,0.1491666875355541,0.1,-1.0,-1.05,-1.1,1.1732126713859468,-inf,18,2026-03-02T05:50:00.000000,False,39796
vsp-setup-6171c1ec001b428248bd,2026-03-01 18:00:00+00:00,sell,2026-03-02 04:35:00+00:00,33958.40555,34207.672928214284,33392.517,33215.107,FILLED,2026-03-02 04:35:00+00:00,2026-03-02T05:25:00.000000,STOP,-1.0,24.926737821428105,0.22035193202558034,0.1,-1.0,-1.05,-1.1,0.39796804022517096,-inf,11,2026-03-02T05:25:00.000000,False,39798
vsp-setup-da6589bf9e7394f70622,2026-03-01 18:00:00+00:00,sell,2026-03-02 06:30:00+00:00,34040.8298,34449.50566392857,33392.517,33215.107,FILLED,2026-03-02 06:30:00+00:00,2026-03-02T23:55:00.000000,STOP,-1.0,40.86758639285691,0.3529758249287459,0.1,-1.0,-1.05,-1.1,1.286160858503437,-inf,210,2026-03-02T23:55:00.000000,False,39821
vsp-setup-83b4bbe00529518be7e6,2026-03-01 18:00:00+00:00,sell,2026-03-02 09:35:00+00:00,33991.1767,34314.129036428574,33392.517,33215.107,FILLED,2026-03-02 09:35:00+00:00,2026-03-02T19:30:00.000000,STOP,-1.0,32.295233642857056,0.281443833833246,0.1,-1.0,-1.05,-1.1,1.4738081949293453,-inf,120,2026-03-02T19:30:00.000000,False,39858
vsp-setup-535d89f18510bdfd9ae9,2026-03-01 18:00:00+00:00,sell,2026-03-02 10:00:00+00:00,33906.8063,34314.32861571429,33215.107,33207.981,FILLED,2026-03-02 10:00:00+00:00,2026-03-02T19:30:00.000000,STOP,-1.0,40.75223157142901,0.34823643134884413,0.1,-1.0,-1.05,-1.1,0.9609274999176873,-inf,115,2026-03-02T19:30:00.000000,False,39863
vsp-setup-3ecdc30324758eaef902,2026-03-01 18:00:00+00:00,sell,2026-03-02 11:50:00+00:00,33745.383050000004,33982.50116607143,33215.107,33207.981,FILLED,2026-03-02 11:50:00+00:00,2026-03-02T13:05:00.000000,STOP,-1.0,23.711811607142593,0.22243475314670466,0.1,-1.0,-1.05,-1.1,0.9707235946943497,-inf,16,2026-03-02T13:05:00.000000,False,39885
vsp-setup-c9189fb134c1ee31f2b3,2026-03-01 18:00:00+00:00,sell,2026-03-02 12:50:00+00:00,33703.14315,33969.48787928572,33215.107,33207.981,FILLED,2026-03-02 12:50:00+00:00,2026-03-02T13:05:00.000000,STOP,-1.0,26.634472928571633,0.24626864544941526,0.1,-1.0,-1.05,-1.1,-0.04111119461370542,-inf,4,2026-03-02T13:05:00.000000,False,39897
vsp-setup-fc7f0de5b1b782823508,2026-03-01 18:00:00+00:00,sell,2026-03-02 15:45:00+00:00,33824.12885,33979.76275142857,33515.2069,33392.517,FILLED,2026-03-02 15:45:00+00:00,2026-03-02T16:00:00.000000,STOP,-1.0,15.563390142856953,0.12345224638792074,0.1,-1.0,-1.05,-1.1,0.23788679497307816,-inf,4,2026-03-02T16:00:00.000000,False,39932
vsp-setup-786170a654c1ba9fdfc0,2026-03-01 18:00:00+00:00,sell,2026-03-02 17:35:00+00:00,33864.1842,34133.96966821428,33392.517,33215.107,FILLED,2026-03-02 17:35:00+00:00,2026-03-02T18:25:00.000000,STOP,-1.0,26.978546821427884,0.22798914627010533,0.1,-1.0,-1.05,-1.1,0.2741248462695742,-inf,11,2026-03-02T18:25:00.000000,False,39954
vsp-setup-b3fa777193311f9696b5,2026-03-01 18:00:00+00:00,sell,2026-03-02 18:10:00+00:00,33882.97155,34023.43053607143,33651.1395,33603.7941,FILLED,2026-03-02 18:10:00+00:00,2026-03-02T18:20:00.000000,STOP,-1.0,14.04589860714259,0.14080800889461484,0.1,-1.0,-1.05,-1.1,0.09569661846457601,-inf,3,2026-03-02T18:20:00.000000,False,39961
vsp-setup-8e838741fd2318dc26bb,2026-03-03 04:00:00+00:00,buy,2026-03-03 04:10:00+00:00,35311.4446,34390.961227142856,37478.7809,37643.6609,FILLED,2026-03-03 04:10:00+00:00,2026-03-03T05:10:00.000000,STOP,-1.0,92.04833728571467,0.7880119744272712,0.1,-1.0,-1.05,-1.1,0.11951720502948383,-inf,13,2026-03-03T05:10:00.000000,False,40081
vsp-setup-29e5a355942400899868,2026-03-03 04:00:00+00:00,buy,2026-03-03 08:35:00+00:00,34737.3647,34406.38306857143,35421.4582,35563.6739,FILLED,2026-03-03 08:35:00+00:00,2026-03-03T11:40:00.000000,TP1,2.0668624329614405,33.09816314285708,0.270838625812224,0.1,2.0668624329614405,2.0168624329614406,1.9668624329614404,2.1194275856706875,-inf,38,2026-03-03T11:40:00.000000,False,40134
vsp-setup-7396f8bf1bb51248c6e8,2026-03-03 04:00:00+00:00,buy,2026-03-03 08:45:00+00:00,34874.99715,34406.20286571428,35982.9362,36145.4417,FILLED,2026-03-03 08:45:00+00:00,2026-03-03T16:55:00.000000,TP1,2.3633800307273414,46.87942842857228,0.37605903864267487,0.1,2.3633800307273414,2.3133800307273416,2.2633800307273413,2.4021520478130407,-inf,99,2026-03-03T16:55:00.000000,False,40136
vsp-setup-b83af95f8dcddbc153bd,2026-03-03 04:00:00+00:00,buy,2026-03-03 10:25:00+00:00,35012.8211,34865.266241785714,35421.4582,35563.6739,FILLED,2026-03-03 10:25:00+00:00,2026-03-03T11:40:00.000000,TP1,2.769391024770966,14.755485821428739,0.11592318777428774,0.1,2.769391024770966,2.719391024770966,2.669391024770966,2.8873003922465665,-inf,16,2026-03-03T11:40:00.000000,False,40156
vsp-setup-e3186aabd7e94069ac15,2026-03-03 04:00:00+00:00,buy,2026-03-03 10:45:00+00:00,35179.01255,34864.428907857146,35982.9362,36145.4417,FILLED,2026-03-03 10:45:00+00:00,2026-03-03T16:55:00.000000,TP1,2.5555163788043735,31.458364214285396,0.2274945986335447,0.1,2.5555163788043735,2.5055163788043737,2.4555163788043735,2.6132946532123937,-inf,75,2026-03-03T16:55:00.000000,False,40160
vsp-setup-2332773fa526e9c8e844,2026-03-03 11:00:00+00:00,buy,2026-03-03 11:10:00+00:00,35246.4862,35025.53910285715,35982.9362,36145.4417,FILLED,2026-03-03 11:10:00+00:00,2026-03-03T16:55:00.000000,TP1,3.333150828969015,22.094709714285273,0.16507037449208545,0.1,3.333150828969015,3.2831508289690152,3.233150828969015,3.4154153177767252,-inf,70,2026-03-03T16:55:00.000000,False,40165
vsp-setup-0a45083129e3b440838e,2026-03-03 11:00:00+00:00,buy,2026-03-03 15:10:00+00:00,35740.96165,35120.81207535714,37478.7809,37643.6609,FILLED,2026-03-03 15:10:00+00:00,2026-03-04T11:10:00.000000,STOP,-1.0,62.014957464285544,0.5366878315666553,0.1,-1.0,-1.05,-1.1,1.1021040373906728,-inf,241,2026-03-04T11:10:00.000000,False,40213
vsp-setup-0e31f06428041611d075,2026-03-03 16:00:00+00:00,buy,2026-03-03 17:35:00+00:00,36140.21805,35522.83845428571,37478.7809,37643.6609,FILLED,2026-03-03 17:35:00+00:00,2026-03-03T18:35:00.000000,STOP,-1.0,61.737959571429386,0.45549702625487165,0.1,-1.0,-1.05,-1.1,-0.3145629550249617,-inf,13,2026-03-03T18:35:00.000000,False,40242
vsp-setup-6f2a339ede0141b7e81a,2026-03-03 16:00:00+00:00,buy,2026-03-03 18:00:00+00:00,36242.84,35523.52560928571,37478.7809,37643.6609,FILLED,2026-03-03 18:00:00+00:00,2026-03-03T18:35:00.000000,STOP,-1.0,71.93143907142876,0.4790346029955637,0.1,-1.0,-1.05,-1.1,-0.4399396204012457,-inf,8,2026-03-03T18:35:00.000000,False,40247
vsp-setup-4985e676351c6e95e113,2026-03-03 16:00:00+00:00,buy,2026-03-03 19:30:00+00:00,35817.054050000006,35664.532282857144,36355.7117,37478.7809,FILLED,2026-03-03 19:30:00+00:00,2026-03-03T19:50:00.000000,STOP,-1.0,15.252176714286179,0.12196840332502167,0.1,-1.0,-1.05,-1.1,1.0721594239517678,-inf,5,2026-03-03T19:50:00.000000,False,40265
vsp-setup-0ba9ca63573eafd11ece,2026-03-03 16:00:00+00:00,buy,2026-03-03 19:40:00+00:00,35890.6847,35664.25101214286,36355.7117,37478.7809,FILLED,2026-03-03 19:40:00+00:00,2026-03-03T19:50:00.000000,STOP,-1.0,22.64336878571412,0.17745187496340384,0.1,-1.0,-1.05,-1.1,0.26239690993986947,-inf,3,2026-03-03T19:50:00.000000,False,40267
vsp-setup-71250d2aa355bc855ff8,2026-03-03 16:00:00+00:00,buy,2026-03-03 20:45:00+00:00,35887.889299999995,35602.21502178571,36355.7117,37478.7809,FILLED,2026-03-03 20:45:00+00:00,2026-03-03T22:10:00.000000,TP1,1.6376077080663642,28.567427821428282,0.19600000563578587,0.1,1.6376077080663642,1.5876077080663642,1.5376077080663642,1.8781589415535143,-inf,18,2026-03-03T22:10:00.000000,False,40280
vsp-setup-261d2b3efcc8bbe424bc,2026-03-03 16:00:00+00:00,buy,2026-03-03 22:00:00+00:00,36159.91575,35614.81021928572,37478.7809,37643.6609,FILLED,2026-03-03 22:00:00+00:00,2026-03-04T00:15:00.000000,STOP,-1.0,54.51055307142815,0.43067188794269107,0.1,-1.0,-1.05,-1.1,0.48525512051471575,-inf,28,2026-03-04T00:15:00.000000,False,40295
vsp-setup-083638a051702e3a2458,2026-03-03 16:00:00+00:00,buy,2026-03-03 22:30:00+00:00,36326.8473,36072.84995785714,37478.7809,37643.6609,FILLED,2026-03-03 22:30:00+00:00,2026-03-03T22:30:00.000000,STOP,-1.0,25.399734214285857,0.19013201266840032,0.1,-1.0,-1.05,-1.1,-0.6064563459619302,-inf,1,2026-03-03T22:30:00.000000,False,40301
vsp-setup-b8360554f2853ff9fd53,2026-03-03 16:00:00+00:00,buy,2026-03-04 00:50:00+00:00,35893.85335,35552.70837178571,36424.431,37478.7809,FILLED,2026-03-04 00:50:00+00:00,2026-03-04T03:25:00.000000,STOP,-1.0,34.11449782142881,0.27074689766857135,0.1,-1.0,-1.05,-1.1,0.973253517428137,-inf,32,2026-03-04T03:25:00.000000,False,40329
vsp-setup-460e2d0b82621fe15565,2026-03-03 16:00:00+00:00,buy,2026-03-04 01:50:00+00:00,36053.89295,35778.706712142855,37478.7809,37643.6609,FILLED,2026-03-04 01:50:00+00:00,2026-03-04T03:05:00.000000,STOP,-1.0,27.518623785714592,0.20321089749726842,0.1,-1.0,-1.05,-1.1,0.6249620305840867,-inf,16,2026-03-04T03:05:00.000000,False,40341
vsp-setup-b26616304d6f6448af64,2026-03-03 16:00:00+00:00,buy,2026-03-04 02:05:00+00:00,36099.56465,35734.232338571426,37478.7809,37643.6609,FILLED,2026-03-04 02:05:00+00:00,2026-03-04T03:05:00.000000,STOP,-1.0,36.5332311428574,0.292000512448632,0.1,-1.0,-1.05,-1.1,0.3457379652680765,-inf,13,2026-03-04T03:05:00.000000,False,40344
vsp-setup-c0f7720213f2d4953309,2026-03-04 03:00:00+00:00,sell,2026-03-04 03:15:00+00:00,35753.02755,36232.08952964286,35032.4345,34887.2387,FILLED,2026-03-04 03:15:00+00:00,2026-03-04T11:15:00.000000,TP1,1.5041749932591177,47.90619796428582,0.3698718473828073,0.1,1.5041749932591177,1.4541749932591177,1.4041749932591177,1.5985579790133027,-inf,97,2026-03-04T11:15:00.000000,False,40358
vsp-setup-fe7cb105b5fb512d4878,2026-03-04 03:00:00+00:00,sell,2026-03-04 04:10:00+00:00,35398.1986,36232.34644071428,34102.1456,34100.9292,FILLED,2026-03-04 04:10:00+00:00,2026-03-05T00:50:00.000000,TP1,1.5537449559183576,83.41478407142786,0.6475183096934302,0.1,1.5537449559183576,1.5037449559183576,1.4537449559183575,1.5561149194949684,-inf,249,2026-03-05T00:50:00.000000,False,40369
vsp-setup-c544ceaabcfaeadba55a,2026-03-04 03:00:00+00:00,sell,2026-03-04 11:50:00+00:00,35041.1539,35845.57961571429,33515.2069,33392.517,FILLED,2026-03-04 11:50:00+00:00,2026-03-04T12:40:00.000000,STOP,-1.0,80.4425715714293,0.5997681239844743,0.1,-1.0,-1.05,-1.1,-0.32216237613672594,-inf,11,2026-03-04T12:40:00.000000,False,40461
vsp-setup-17ed90d0c0299bda9345,2026-03-04 03:00:00+00:00,sell,2026-03-04 15:45:00+00:00,35600.1563,36046.96424214286,34102.1456,34100.9292,FILLED,2026-03-04 15:45:00+00:00,2026-03-05T00:50:00.000000,TP1,3.3526948800767906,44.68079421428556,0.3435038843661391,0.1,3.3526948800767906,3.302694880076791,3.2526948800767905,3.3571193761824785,-inf,110,2026-03-05T00:50:00.000000,False,40508
vsp-setup-4916fd55fe4482859944,2026-03-04 03:00:00+00:00,sell,2026-03-04 16:10:00+00:00,35570.87855,36046.6711425,34102.1456,34100.9292,FILLED,2026-03-04 16:10:00+00:00,2026-03-05T00:50:00.000000,TP1,3.0869184874919893,47.57925925000018,0.35657190882425793,0.1,3.0869184874919893,3.0369184874919894,2.986918487491989,3.0910734491941336,-inf,105,2026-03-05T00:50:00.000000,False,40513
vsp-setup-7b69d9e1cbcd0ff312ca,2026-03-04 03:00:00+00:00,sell,2026-03-04 17:05:00+00:00,35224.76475,35506.57986714286,34102.1456,34100.9292,FILLED,2026-03-04 17:05:00+00:00,2026-03-05T00:50:00.000000,TP1,3.9835306259704075,28.181511714285445,0.24225176942002286,0.1,3.9835306259704075,3.9335306259704077,3.8835306259704074,3.9905455087064508,-inf,94,2026-03-05T00:50:00.000000,False,40524
vsp-setup-39bf6c59ca368f2c48dc,2026-03-04 18:00:00+00:00,sell,2026-03-04 18:10:00+00:00,35190.1131,35422.36055607143,34102.1456,34100.9292,FILLED,2026-03-04 18:10:00+00:00,2026-03-05T00:50:00.000000,TP1,4.684518480432376,23.22474560714254,0.206578078760254,0.1,4.684518480432376,4.6345184804323765,4.584518480432377,4.693030521999771,-inf,81,2026-03-05T00:50:00.000000,False,40537
vsp-setup-e61d62e39846470efd01,2026-03-05 00:00:00+00:00,sell,2026-03-05 05:00:00+00:00,34059.87095,34425.58341571429,33392.517,33215.107,FILLED,2026-03-05 05:00:00+00:00,2026-03-05T07:15:00.000000,TP1,1.8248050382875327,36.57124657142922,0.3565687193520026,0.1,1.8248050382875327,1.7748050382875327,1.7248050382875326,1.8325761707110504,-inf,28,2026-03-05T07:15:00.000000,False,40667
vsp-setup-f15b9f1a77d9fc5534a0,2026-03-05 06:00:00+00:00,sell,2026-03-05 06:05:00+00:00,34059.87095,34425.438950357144,33392.517,33215.107,FILLED,2026-03-05 06:05:00+00:00,2026-03-05T07:15:00.000000,TP1,1.8255261657147668,36.556800035714694,0.3379377288760564,0.1,1.8255261657147668,1.7755261657147667,1.7255261657147667,1.833300369138536,-inf,15,2026-03-05T07:15:00.000000,False,40680
vsp-setup-96a3d0e5f9f3f3b3e103,2026-03-05 21:00:00+00:00,buy,2026-03-06 03:15:00+00:00,33143.97645,32996.61099714286,33371.1125,33769.4724,FILLED,2026-03-06 03:15:00+00:00,2026-03-06T03:55:00.000000,TP1,1.5413113833415832,14.736545285714238,0.132760020419309,0.1,1.5413113833415832,1.4913113833415832,1.4413113833415832,1.6941368900214147,-inf,9,2026-03-06T03:55:00.000000,False,40934
vsp-setup-0ae7ab2b9282cf03156b,2026-03-05 21:00:00+00:00,buy,2026-03-06 04:15:00+00:00,33305.127349999995,33093.169755357136,33769.4724,34279.0492,FILLED,2026-03-06 04:15:00+00:00,2026-03-06T04:15:00.000000,STOP,-1.0,21.19575946428595,0.17642533129175056,0.1,-1.0,-1.05,-1.1,-0.6191986195216669,-inf,1,2026-03-06T04:15:00.000000,False,40946
vsp-setup-2d70fa488837120e9e89,2026-03-05 21:00:00+00:00,buy,2026-03-06 06:15:00+00:00,33200.1479,32684.63038821429,34279.0492,34366.5882,FILLED,2026-03-06 06:15:00+00:00,2026-03-08T05:45:00.000000,STOP,-1.0,51.551751178571436,0.3898405486404733,0.1,-1.0,-1.05,-1.1,2.0441323057091965,-inf,571,2026-03-08T05:45:00.000000,False,40970
vsp-setup-9456e732a481bd5ff24d,2026-03-05 21:00:00+00:00,buy,2026-03-06 07:50:00+00:00,33057.1507,32743.66337535714,33769.4724,34366.5882,FILLED,2026-03-06 07:50:00+00:00,2026-03-06T09:25:00.000000,TP1,2.2722504037811313,31.34873246428579,0.25592609163247576,0.1,2.2722504037811313,2.2222504037811315,2.172250403781131,2.4592892260582278,-inf,20,2026-03-06T09:25:00.000000,False,40989
vsp-setup-3415ac3e22ff8a064825,2026-03-05 21:00:00+00:00,buy,2026-03-06 08:15:00+00:00,33187.76855,32743.842051071428,34518.8929,34766.5348,FILLED,2026-03-06 08:15:00+00:00,2026-03-08T05:45:00.000000,STOP,-1.0,44.3926498928573,0.3641574888590151,0.1,-1.0,-1.05,-1.1,2.4016708905037616,-inf,547,2026-03-08T05:45:00.000000,False,40994
vsp-setup-a113bc4827f0627312da,2026-03-05 21:00:00+00:00,buy,2026-03-06 08:25:00+00:00,33263.2065,33050.52775714286,33769.4724,34366.5882,FILLED,2026-03-06 08:25:00+00:00,2026-03-06T09:25:00.000000,TP1,2.380425486810709,21.26787428571406,0.16961441760693496,0.1,2.380425486810709,2.330425486810709,2.280425486810709,2.656119706234337,-inf,13,2026-03-06T09:25:00.000000,False,40996
vsp-setup-0ad65d688fe03b55fa47,2026-03-05 21:00:00+00:00,buy,2026-03-06 10:05:00+00:00,33744.18555,33368.10867214286,34518.8929,34766.5348,FILLED,2026-03-06 10:05:00+00:00,2026-03-06T10:05:00.000000,STOP,-1.0,37.60768778571437,0.3260520609349988,0.1,-1.0,-1.05,-1.1,-0.8460425746271509,-inf,1,2026-03-06T10:05:00.000000,False,41016
vsp-setup-4c81376d73dc50b4cf88,2026-03-05 21:00:00+00:00,buy,2026-03-06 15:30:00+00:00,34076.41425,33554.450723214286,36065.0858,36225.8739,FILLED,2026-03-06 15:30:00+00:00,2026-03-06T21:25:00.000000,STOP,-1.0,52.19635267857157,0.44176729998326,0.1,-1.0,-1.05,-1.1,0.3400997213218694,-inf,72,2026-03-06T21:25:00.000000,False,41081
vsp-setup-14227e43702165b6d52c,2026-03-06 16:00:00+00:00,buy,2026-03-06 16:05:00+00:00,34076.41425,33555.01395857143,36065.0858,36225.8739,FILLED,2026-03-06 16:05:00+00:00,2026-03-06T21:25:00.000000,STOP,-1.0,52.14002914285739,0.4848970026226436,0.1,-1.0,-1.05,-1.1,0.34046710927916746,-inf,65,2026-03-06T21:25:00.000000,False,41088
vsp-setup-0714ced337d832941667,2026-03-06 16:00:00+00:00,buy,2026-03-06 20:05:00+00:00,33888.98245,33636.87741642857,34518.8929,34766.5348,FILLED,2026-03-06 20:05:00+00:00,2026-03-06T20:30:00.000000,STOP,-1.0,25.21050335714317,0.24588798421511046,0.1,-1.0,-1.05,-1.1,0.2873451155407938,-inf,6,2026-03-06T20:30:00.000000,False,41136
vsp-setup-5a044a5ff3d75f98ae39,2026-03-06 16:00:00+00:00,buy,2026-03-06 22:00:00+00:00,33760.59515,33531.10893321429,34175.5098,34253.9339,FILLED,2026-03-06 22:00:00+00:00,2026-03-06T23:10:00.000000,TP1,1.8080155567139438,22.948621678571364,0.1896269781441917,0.1,1.8080155567139438,1.7580155567139437,1.7080155567139437,2.0687131307903286,-inf,15,2026-03-06T23:10:00.000000,False,41159
vsp-setup-5148c358f776e7f963e3,2026-03-06 16:00:00+00:00,buy,2026-03-06 22:20:00+00:00,33915.76485,33531.54801714286,34518.8929,34766.5348,FILLED,2026-03-06 22:20:00+00:00,2026-03-07T01:25:00.000000,STOP,-1.0,38.421683285714245,0.33819833091207935,0.1,-1.0,-1.05,-1.1,0.8792526019431489,-inf,38,2026-03-07T01:25:00.000000,False,41163
vsp-setup-7828c7c0e75fd1ee400f,2026-03-06 16:00:00+00:00,buy,2026-03-07 00:50:00+00:00,33953.95925,33735.06579928572,34518.8929,34766.5348,FILLED,2026-03-07 00:50:00+00:00,2026-03-07T01:15:00.000000,STOP,-1.0,21.88934507142767,0.17763111337453175,0.1,-1.0,-1.05,-1.1,0.5334657095447805,-inf,6,2026-03-07T01:15:00.000000,False,41193
vsp-setup-740c85f4009414401b8d,2026-03-06 16:00:00+00:00,buy,2026-03-07 02:40:00+00:00,33844.66190000001,33576.17000571429,34253.5885,34253.9339,FILLED,2026-03-07 02:40:00+00:00,2026-03-07T03:45:00.000000,STOP,-1.0,26.849189428571847,0.21980963408105986,0.1,-1.0,-1.05,-1.1,0.9818907222556451,-inf,14,2026-03-07T03:45:00.000000,False,41215
vsp-setup-360e7a396b6f8dea59d4,2026-03-06 16:00:00+00:00,buy,2026-03-07 02:50:00+00:00,33938.853149999995,33576.31631321429,34518.8929,34766.5348,FILLED,2026-03-07 02:50:00+00:00,2026-03-07T03:45:00.000000,STOP,-1.0,36.253683678570816,0.3102659546536894,0.1,-1.0,-1.05,-1.1,0.4673689203620288,-inf,12,2026-03-07T03:45:00.000000,False,41217
vsp-setup-074881b4de86dffcda90,2026-03-07 05:00:00+00:00,sell,2026-03-07 09:45:00+00:00,33300.2865,33587.964102142854,32691.1371,31372.2387,FILLED,2026-03-07 09:45:00+00:00,2026-03-07T10:15:00.000000,STOP,-1.0,28.76776021428523,0.25100628337374115,0.1,-1.0,-1.05,-1.1,-0.15098359996212757,-inf,7,2026-03-07T10:15:00.000000,False,41300
vsp-setup-260181a791f271b65962,2026-03-07 10:00:00+00:00,buy,2026-03-07 10:25:00+00:00,33602.73865,33337.800063928575,34108.2916,34253.5885,FILLED,2026-03-07 10:25:00+00:00,2026-03-07T22:40:00.000000,STOP,-1.0,26.493858607142467,0.2276611955572557,0.1,-1.0,-1.05,-1.1,1.6697328107606728,-inf,148,2026-03-07T22:40:00.000000,False,41308
vsp-setup-776f72ebc738098b9d22,2026-03-07 10:00:00+00:00,buy,2026-03-07 11:55:00+00:00,33725.767850000004,33345.76113642857,34518.8929,34766.5348,FILLED,2026-03-07 11:55:00+00:00,2026-03-07T22:35:00.000000,STOP,-1.0,38.00067135714344,0.2882726676389774,0.1,-1.0,-1.05,-1.1,0.8403731791963783,-inf,129,2026-03-07T22:35:00.000000,False,41326
vsp-setup-bfff7f31756c2aa68362,2026-03-07 10:00:00+00:00,buy,2026-03-07 19:15:00+00:00,33837.0648,33501.80035392857,34518.8929,34766.5348,FILLED,2026-03-07 19:15:00+00:00,2026-03-07T22:20:00.000000,STOP,-1.0,33.52644460714291,0.30199656876934494,0.1,-1.0,-1.05,-1.1,0.30025432514412675,-inf,38,2026-03-07T22:20:00.000000,False,41414
vsp-setup-6b591833699bcdca6cc0,2026-03-07 10:00:00+00:00,buy,2026-03-07 22:00:00+00:00,33723.7105,33563.286629285714,33983.0809,34010.6075,FILLED,2026-03-07 22:00:00+00:00,2026-03-07T22:15:00.000000,STOP,-1.0,16.042387071428674,0.12389784725871579,0.1,-1.0,-1.05,-1.1,0.5436672211664314,-inf,4,2026-03-07T22:15:00.000000,False,41447
vsp-setup-1c31ea4a777a077ef311,2026-03-07 22:00:00+00:00,sell,2026-03-07 22:05:00+00:00,33676.485700000005,33944.09372464285,33225.6058,33083.3867,FILLED,2026-03-07 22:05:00+00:00,2026-03-08T00:15:00.000000,TP1,1.6848519419466514,26.760802464284644,0.20542344313229083,0.1,1.6848519419466514,1.6348519419466514,1.5848519419466514,1.6850937134708115,-inf,27,2026-03-08T00:15:00.000000,False,41448
vsp-setup-29c77dac3021daf163e9,2026-03-07 22:00:00+00:00,sell,2026-03-07 22:25:00+00:00,33601.29455,33856.58039642857,33083.3867,32994.893,FILLED,2026-03-07 22:25:00+00:00,2026-03-08T00:55:00.000000,TP1,2.028737030452252,25.52858464285746,0.2161923412783692,0.1,2.028737030452252,1.9787370304522518,1.9287370304522518,2.117596245788147,-inf,31,2026-03-08T00:55:00.000000,False,41452
vsp-setup-7a45adb219e0761c1cd9,2026-03-07 22:00:00+00:00,sell,2026-03-07 23:25:00+00:00,33463.4944,33856.66596464286,32691.1371,31372.2387,FILLED,2026-03-07 23:25:00+00:00,2026-03-08T05:45:00.000000,TP1,1.9644281770518832,39.31715646428566,0.33561551714550386,0.1,1.9644281770518832,1.9144281770518832,1.8644281770518831,2.1924561120869064,-inf,77,2026-03-08T05:45:00.000000,False,41464
vsp-setup-12736a17fc57435561ad,2026-03-08 00:00:00+00:00,sell,2026-03-08 00:25:00+00:00,33321.67425,33620.15649357143,32691.1371,31372.2387,FILLED,2026-03-08 00:25:00+00:00,2026-03-08T05:45:00.000000,TP1,2.112477923160281,29.848224357143046,0.2734347959573492,0.1,2.112477923160281,2.062477923160281,2.0124779231602807,2.4128445343437845,-inf,65,2026-03-08T05:45:00.000000,False,41476
vsp-setup-d9c791b2774cea40dcf5,2026-03-08 01:00:00+00:00,sell,2026-03-08 01:40:00+00:00,32931.52565,33204.461591071435,31191.8508,,FILLED,2026-03-08 01:40:00+00:00,2026-03-08T01:40:00.000000,STOP,-1.0,27.293594107143146,0.2323733757411914,0.1,-1.0,-1.05,-1.1,-0.5094567225340357,-inf,1,2026-03-08T01:40:00.000000,False,41491
vsp-setup-99cc854e09e4ccebd151,2026-03-08 01:00:00+00:00,sell,2026-03-08 01:55:00+00:00,33064.7915,33487.36758857143,31191.8508,,FILLED,2026-03-08 01:55:00+00:00,2026-03-08T02:05:00.000000,STOP,-1.0,42.25760885714335,0.3636377809341359,0.1,-1.0,-1.05,-1.1,-0.5383726295756641,-inf,3,2026-03-08T02:05:00.000000,False,41494
vsp-setup-093c28b7ad5e703844b1,2026-03-08 05:00:00+00:00,sell,2026-03-08 06:40:00+00:00,32738.9862,33128.94095857143,31191.8508,,FILLED,2026-03-08 06:40:00+00:00,2026-03-09T01:00:00.000000,TP1,3.967474087680855,38.99547585714318,0.32451290638292096,0.1,3.967474087680855,3.9174740876808554,3.867474087680855,3.977599621254195,-inf,221,2026-03-09T01:00:00.000000,False,41551
vsp-setup-169c928f53f3d98d3fe8,2026-03-08 07:00:00+00:00,sell,2026-03-08 09:50:00+00:00,32240.0147,32615.511301785715,31191.8508,,FILLED,2026-03-08 09:50:00+00:00,2026-03-08T11:00:00.000000,STOP,-1.0,37.54966017857151,0.3077315440331411,0.1,-1.0,-1.05,-1.1,0.009073584111806924,-inf,15,2026-03-08T11:00:00.000000,False,41589
vsp-setup-dc398d221d633d21a0bb,2026-03-08 07:00:00+00:00,sell,2026-03-08 12:20:00+00:00,32637.7989,32666.398479285715,32486.5329,32472.579,FILLED,2026-03-08 12:20:00+00:00,2026-03-08T12:20:00.000000,STOP,-1.0,2.8599579285713848,0.023606957362754897,0.1,-1.0,-1.05,-1.1,1.145226636825441,-inf,1,2026-03-08T12:20:00.000000,False,41619
vsp-setup-5ffccf0ce0bd155bae43,2026-03-08 07:00:00+00:00,sell,2026-03-08 13:40:00+00:00,32757.297400000003,33110.714224642856,32151.5915,32131.1261,FILLED,2026-03-08 13:40:00+00:00,2026-03-08T19:55:00.000000,TP1,1.7138570033051033,35.34168246428526,0.26406963648496223,0.1,1.7138570033051033,1.6638570033051032,1.6138570033051032,1.7606965956666938,-inf,76,2026-03-08T19:55:00.000000,False,41635
vsp-setup-3060f02d3e9f0ad77b57,2026-03-08 07:00:00+00:00,sell,2026-03-08 18:10:00+00:00,32698.11255,33038.671618214285,32151.5915,32131.1261,FILLED,2026-03-08 18:10:00+00:00,2026-03-08T19:55:00.000000,TP1,1.6047760902849515,34.05590682142829,0.2759323910432599,0.1,1.6047760902849515,1.5547760902849515,1.5047760902849514,1.6533841044153612,-inf,22,2026-03-08T19:55:00.000000,False,41689
vsp-setup-79d79b24aa85a6e1c360,2026-03-08 07:00:00+00:00,sell,2026-03-08 18:35:00+00:00,32385.5129,33039.208881785715,31191.8508,,FILLED,2026-03-08 18:35:00+00:00,2026-03-09T01:00:00.000000,TP1,1.8260202498709766,65.36959817857132,0.5209106187517955,0.1,1.8260202498709766,1.7760202498709765,1.7260202498709765,1.83206051952234,-inf,78,2026-03-09T01:00:00.000000,False,41694
vsp-setup-387846ab3edc6f813c4d,2026-03-09 07:00:00+00:00,buy,2026-03-09 07:05:00+00:00,31262.3408,30981.373775714284,31791.7162,31924.2075,FILLED,2026-03-09 07:05:00+00:00,2026-03-09T10:50:00.000000,TP1,1.8841193244858214,28.096702428571735,0.2683623330341721,0.1,1.8841193244858214,1.8341193244858214,1.7841193244858213,2.0364667400190806,-inf,46,2026-03-09T10:50:00.000000,False,41844
vsp-setup-30ff46e7f1659d504315,2026-03-09 07:00:00+00:00,buy,2026-03-09 07:25:00+00:00,31379.96555,31152.61291714285,31791.7162,31924.2075,FILLED,2026-03-09 07:25:00+00:00,2026-03-09T10:50:00.000000,TP1,1.8110661170953293,22.735263285714975,0.20417173268072888,0.1,1.8110661170953293,1.7610661170953292,1.7110661170953292,1.999340162845635,-inf,42,2026-03-09T10:50:00.000000,False,41848
vsp-setup-b6672fbcaf69f8113e3f,2026-03-09 07:00:00+00:00,buy,2026-03-09 08:25:00+00:00,31603.39465,31152.67877785714,32333.9196,32862.156,FILLED,2026-03-09 08:25:00+00:00,2026-03-09T14:50:00.000000,TP1,1.6208103489385413,45.071587214285685,0.4183017030520459,0.1,1.6208103489385413,1.5708103489385412,1.5208103489385412,1.6310325316588767,-inf,78,2026-03-09T14:50:00.000000,False,41860
vsp-setup-6161ebb36c0be10d023c,2026-03-09 09:00:00+00:00,buy,2026-03-09 09:05:00+00:00,31603.39465,31152.384986785717,32333.9196,32862.156,FILLED,2026-03-09 09:05:00+00:00,2026-03-09T14:50:00.000000,TP1,1.6197545409418856,45.10096632142813,0.37954194254348284,0.1,1.6197545409418856,1.5697545409418856,1.5197545409418856,1.6299700648558615,-inf,70,2026-03-09T14:50:00.000000,False,41868
vsp-setup-22f09a58a6b88a5460b9,2026-03-09 09:00:00+00:00,buy,2026-03-09 10:25:00+00:00,31608.22165,31343.583380714288,32016.0169,32333.9196,FILLED,2026-03-09 10:25:00+00:00,2026-03-09T11:20:00.000000,TP1,1.5409534346664397,26.463826928571144,0.254424890890688,0.1,1.5409534346664397,1.4909534346664397,1.4409534346664397,1.989896062354703,-inf,12,2026-03-09T11:20:00.000000,False,41884
